,Time,Temp,Gas,Humidity,Pressue,Alt
0,Wed Feb  4 16:12:49 2026,34.127265625,48782.0,100.0,632.3947117068026,3803.609948010569
1,Wed Feb  4 16:12:51 2026,30.7837109375,11695.0,30.39976076170619,1007.5959758112667,47.18032029397559
2,Wed Feb  4 16:12:53 2026,30.6971875,11780.0,30.207650243791157,1007.6146784896803,47.023901773649044
3,Wed Feb  4 16:12:55 2026,30.63546875,12240.0,30.0515086247016,1007.6259343790703,46.92976507666416
4,Wed Feb  4 16:12:57 2026,30.59171875,12791.0,29.930582108513093,1007.6300924201004,46.8949902302889
5,Wed Feb  4 16:12:59 2026,30.5630078125,13284.0,29.833367713917678,1007.6307625373894,46.889385865056596
