timestamp,temp_mean,temp_err,hum_mean,hum_err,press_mean,press_err,alt_mean,alt_err,voc_mean,voc_err
1776901014.4633543,24.01505859375,0.048925781250000355,50.23651410206699,2.1465596755285894,1007.0551585117701,0.11821568126231341,51.704471488733276,0.989125767492073,6393.0,3039.0
1776901016.488578,24.26369140625,0.06181640624999929,53.04255477600297,0.2835966622932382,1007.4297045065798,0.06986733133072676,48.571038292363156,0.584412934202561,5302.0,658.0
1776901018.521319,24.47501953125,0.04423828125000107,53.95993930565783,0.13150086204963074,1007.6537921643146,0.040531320171794505,46.69679045742653,0.338967611473624,8235.0,795.0
1776901020.5347419,24.62287109375,0.03017578125000142,53.99925358335172,0.08283167929304724,1007.7752368933236,0.02234764244968801,45.68118137338609,0.18687740238019757,11299.0,761.0
1776901022.571202,24.72755859375,0.02216796875000071,53.68529571793735,0.07736647491381632,1007.8387293718424,0.011221379953553878,45.15025132606106,0.09383161430144327,14397.0,836.0
1776901024.6041305,24.80060546875,0.014550781250001421,53.13988189399403,0.19037724336626738,1007.862911182512,0.007109258919740569,44.94804810847084,0.05944547678046064,17706.5,868.5
1776901026.6335618,24.852167968750003,0.011816406250000355,52.178042388822085,0.26314193809712094,1007.8505357804659,0.0017764423847665967,45.051527839460505,0.01485422259139213,21121.0,786.0
1776901028.6567366,24.89396484375,0.008886718750000355,51.13717619836645,0.24621690352530123,1007.8469780415214,0.0006865460306357818,45.08127690769116,0.005740764123732589,24384.0,789.0
1776901030.7379878,24.9270703125,0.0076171874999992895,50.186093433731486,0.20726129243812963,1007.8485116528988,0.0031917466772029,45.06845318874023,0.026688730860364274,27352.5,746.5
1776901032.7676203,24.9508984375,0.00390625,49.4302826563173,0.17232000679186044,1007.8815414202554,0.009957548304498687,44.792269014040166,0.08326076653210635,30393.0,705.0
1776901034.7919774,24.9692578125,0.0048828125,48.76767039664831,0.14652540723313834,1007.8792989953653,0.005784858252809499,44.811019009599335,0.048370601414532644,33096.0,695.0
1776901036.8319898,24.98361328125,0.003222656250001066,48.21617607845416,0.11819734679583149,1007.8596470837805,0.00208634234377314,44.97534139726908,0.017445410552682006,35913.5,666.5
1776901038.8523102,24.99552734375,0.0028320312499996447,47.740763652104974,0.10236970469337336,1007.8551932334091,0.0008944089448732484,45.012583301802614,0.0074788239451493155,38474.5,591.5
1776901040.8988361,25.0067578125,0.0023437499999996447,47.36900454085092,0.08979251217723316,1007.8541923957827,0.0025950473170723853,45.020952079065104,0.021699154206018534,41074.0,634.0
1776901042.9251323,25.01388671875,0.001660156249998934,47.01921431679891,0.07419922349084729,1007.8447415412826,0.0009645926807024807,45.09997810520929,0.008065750518809978,43596.5,580.5
1776901044.9465168,25.01935546875,0.00146484375,46.76275325964763,0.052446578446911474,1007.8471947921531,0.00327811581394144,45.079464515816476,0.027410960864187928,46023.5,572.5
1776901046.9995446,25.0223828125,0.00039062499999964473,46.602220092903735,0.03406774501705101,1007.8584670950162,0.004838901537254969,44.98520820165336,0.04046157823776042,47961.5,689.5
1776901049.0185666,25.0204296875,0.0,46.48758950373954,0.03708862215843567,1007.8863081667738,0.009116583270383671,44.75241153774,0.07622868413685424,50299.5,595.5
1776901051.045689,25.02033203125,9.765624999857891e-05,46.4010555239272,0.012368558088144965,1007.9007369293431,0.0034888621334516756,44.63176530995054,0.02917192537227109,52439.0,550.0
1776901053.035078,25.0175,0.0011718749999989342,46.35129454209158,0.024848011437615725,1007.9216878628729,0.005399930214309734,44.456586783632716,0.04515045419645247,54682.0,580.0
1776901055.062915,25.011640625,0.002148437499998934,46.24253041468414,0.02186362384619045,1007.9213378130025,0.007117681081410865,44.45951372938792,0.059513106885940914,56817.5,455.5
1776901057.1003237,25.00314453125,0.00244140625,46.1674490149105,0.009549122351813821,1007.8921134497718,0.006679255391645711,44.70387041023625,0.05584860685758386,58781.0,447.0
1776901059.138657,24.99728515625,0.00146484375,46.15440336008576,0.0029082380721590084,1007.8790005004369,0.003278223977702055,44.81351482521105,0.027411164882508388,60720.0,824.0
1776901061.1646397,24.992890625,0.0017578125000010658,46.14153564860189,0.003296187444522758,1007.8673426078306,0.001016662558185999,44.91099376748917,0.008500995113358556,62498.5,505.5
1776901063.2059188,24.98703125,0.0009765625,46.11615623330279,0.0032015587603559936,1007.8606111192589,0.0024893345052419136,44.96728041182209,0.02081510205710657,64340.5,292.5
1776901065.2196581,24.98263671875,0.001660156249998934,46.10637551838981,0.00019982033285614875,1007.8562461804657,0.0026821333910902467,45.00377884700801,0.022427309759972758,66300.5,517.5
1776901067.2980897,24.97697265625,0.001660156249998934,46.096443024958205,0.009450581879026032,1007.8589461238863,0.0018758238418286055,44.98120262650197,0.015685122614595315,68187.0,410.0
1776901069.286452,24.97140625,0.0017578125000010658,46.05569167069286,0.012542791107833295,1007.8827701905165,0.01083382193576199,44.78199462812643,0.09058770299595409,69983.5,432.5
1776901071.3105514,24.963886718749997,0.0030273437500003553,46.01779779310379,0.012692373389924683,1007.9125538635366,0.005136043194056583,44.53295919307852,0.04294432989996011,71757.0,515.0
1776901073.382305,24.95548828125,0.002246093750001066,45.9890517760267,0.009514558018679509,1007.9153926474906,0.004540668797972103,44.50922309304728,0.037966100898739086,73524.5,445.5
1776901075.38035,24.9512890625,0.00019531250000071054,46.00087461641712,0.015385523815577784,1007.8776147186325,0.0012271249658510897,44.82510213992366,0.010260727285039906,74983.5,429.5
1776901077.4001937,24.9501171875,0.0005859375000003553,46.02230704578142,7.040519657763866e-05,1007.8702519841233,0.005504482334856675,44.88666665461194,0.04602654802399897,76502.0,482.0
1776901079.41928,24.94875,0.0011718750000007105,46.02214289306578,0.006305136156864677,1007.8643968152719,0.0009818078204375524,44.93562553674414,0.00820957078546769,78263.5,504.5
1776901081.4745004,24.9454296875,0.0009765625,45.975518098327626,0.009361208973079016,1007.8736171195133,0.002979938671785476,44.858528540464214,0.024917133209910958,79841.5,262.5
1776901083.4941266,24.941035156250003,0.0018554687499996447,45.92261664775369,0.012544006914829708,1007.9048018599804,0.00702904543038585,44.59777680059308,0.05877277785093682,81567.5,469.5
1776901085.5650005,24.93576171875,0.0010742187500003553,45.87886486781596,0.012446999195351083,1007.913600586826,0.0019104644642311541,44.52420708533124,0.01597407656552363,82635.5,200.5
1776901087.56483,24.93107421875,0.0020507812500003553,45.822880369433186,0.012559734354780971,1007.8996459476247,0.011517374502545863,44.64088790113375,0.09630196640065947,84151.5,499.5
1776901089.58599,24.92375,0.0017578125000010658,45.75736724589122,0.015596976995013279,1007.8841656487655,0.0037517126754096353,44.7703260733003,0.0313701530792585,86197.5,349.5
1776901091.6276863,24.91759765625,0.0012695312499992895,45.68279330507279,0.027835618611629087,1007.8815170887434,0.004329338180582454,44.79247219367889,0.036200077719673374,87530.0,451.0
1776901093.6447835,24.91369140625,0.00048828125,45.6115916690003,0.0062076738117369246,1007.8961702343593,0.0007889607877018534,44.669949505601025,0.00659687564795064,88578.5,415.5
1776901095.6605113,24.91134765625,0.0008789062499996447,45.55597725969086,0.018547028241187036,1007.8905602136604,0.001420125706943054,44.71685766202293,0.011874398657614194,90366.5,240.5
1776901097.6900098,24.90900390625,9.765624999857891e-05,45.47887287965257,0.02151795052974137,1007.8949767313583,0.0010692949994108858,44.6799289572607,0.008940891636640913,91782.5,396.5
1776901099.7602131,24.90958984375,0.00048828125,45.41136312954559,0.0030130945384847507,1007.8849854570433,0.0035234641678130174,44.76347119771265,0.02946162115140183,92733.0,354.0
1776901101.785135,24.90958984375,9.765625000035527e-05,45.35916220283118,0.012269209538743553,1007.8895429684576,0.00015779193000753367,44.72536336714997,0.0013193802510258479,94016.0,416.0
1776901103.8471837,24.908515625,0.0009765625,45.26695578859269,0.030801309390163567,1007.8823382507672,0.0015779102357100783,44.7856059350566,0.013193803093479062,93845.5,129.5
1776901105.866366,24.90861328125,0.00048828125,45.19026851130723,0.015278109571610798,1007.8788500341493,0.002857052296178608,44.814772954015545,0.02388950284446878,95134.5,532.5
1776901107.893953,24.9126171875,0.0009765625,45.10488215602918,0.015212927570669166,1007.8734698555581,0.0029796446717114122,44.85975990667282,0.024914677838964394,96181.0,82.0
1776901109.8887808,24.914375,0.0007812499999992895,45.01620917199015,0.02460503468721953,1007.8836021333339,0.001472207464814801,44.775037899824994,0.012309949733662506,97561.0,140.0
1776901111.9213955,24.9126171875,0.0,44.991489015871394,0.0061273041338338885,1007.9044611014858,0.004557537143057289,44.600625928573365,0.03810747761618316,98408.5,85.5
1776901113.991506,24.90958984375,0.00146484375,45.03096356980504,0.0028913834216801604,1007.9105075416984,0.0032784309684075197,44.5500691976838,0.027412201806040315,99971.5,323.5
1776901115.9765904,24.9051953125,0.0011718749999989342,45.094809090439696,0.024385210237127808,1007.9179907149387,0.0009820689230650714,44.48749970998571,0.008211400493184584,101101.5,330.5
1776901118.0078597,24.899140625,0.0017578125000010658,45.167678689650664,0.018192415875013523,1007.9173221864411,0.0019288799302330517,44.49308950686256,0.016128006644070325,101432.5,181.5
1776901120.0464463,24.887421875,0.004101562499998934,45.27059292803689,0.03633610327575809,1007.9175273200635,0.0011587899188043593,44.4913743085726,0.009689026329322559,102906.5,311.5
1776901122.096075,24.87267578125,0.00244140625,45.38855501778865,0.033486280845892225,1007.9082827330885,0.0002992445970448898,44.56867164511101,0.002502101773767862,103976.5,317.5
1776901124.1107554,24.860859375,0.0031250000000007105,45.49157809640632,0.021134681067273675,1007.9137974408081,0.0031531496081811383,44.52256114005544,0.026364607266053497,104906.5,226.5
1776901126.1280556,24.84669921875,0.00341796875,45.588233987614174,0.021110823997201322,1007.9182582012356,0.0008566051154161869,44.485263168757015,0.007162354892674472,106219.0,498.0
1776901128.1607838,24.83380859375,0.0036132812500007105,45.64818764448986,0.021094241062982633,1007.912009889196,0.0049275788188083425,44.537507554835905,0.04120130125171073,107766.0,239.0
1776901130.1792495,24.82033203125,0.0036132812500007105,45.70501334182606,0.011872590267653749,1007.8920548943668,0.00492758093946577,44.70435995309323,0.041201979482753615,108836.0,348.0
1776901132.2067618,24.8059765625,0.003515624999998579,45.749444128475815,0.008810180617757624,1007.8852613057263,0.004343718053291923,44.76116469713876,0.03632020682746173,110356.5,537.5
1776901134.2253225,24.788984375,0.004101562499998934,45.799724875482845,0.0118198385800099,1007.9006348697685,0.0006623512791747999,44.63261863599608,0.005538213585992935,111077.5,544.5
1776901136.2922554,24.77345703125,0.0032226562499992895,45.84403643807826,0.008849291512817103,1007.9174623893273,0.001562900876990625,44.49191721967341,0.013067932582838893,112026.5,110.5
1776901138.2940767,24.7622265625,0.0027343749999992895,45.89503017637995,0.005830900100960434,1007.9184500406213,0.0016852122293471439,44.48365914425412,0.014090607185888615,112844.5,187.5
1776901140.3060489,24.7508984375,0.0029296875,45.9429467340211,0.018128578888607194,1007.8946747031246,0.0056459881558339475,44.682454464641026,0.047208843733212554,114249.5,537.5
1776901142.3348117,24.736640625,0.0041015625000007105,45.98436095327832,0.0004916675813078086,1007.8688987351441,0.006628540011945462,44.89798209925451,0.05542558379138285,115726.0,315.0
1776901144.3609626,24.71916015625,0.0038085937499996447,46.01923589587925,0.011867843426159652,1007.8597845120812,0.0015989768410804572,44.97419225432637,0.013370195196007018,116280.0,318.0
1776901146.4335122,24.7044140625,0.0031250000000007105,46.048280522731595,0.0003749154360335183,1007.8578222264634,0.0004943920255868761,44.99060034062525,0.004133973762190379,117728.5,81.5
1776901148.4248354,24.68859375,0.0046874999999992895,46.0494642620767,0.0036438714158499863,1007.8696131228962,0.005180760712335086,44.89200857757033,0.0433197237455758,118384.0,0.0
1776901150.4901278,24.67208984375,0.003613281249998934,46.07521993324207,0.005730313697757339,1007.8748305663589,0.002360594727292664,44.848382145387944,0.019738391427782886,119803.0,169.0
1776901152.509013,24.6571484375,0.004101562499998934,46.091919252642285,0.005672109466072328,1007.880749646725,0.002984673347725675,44.79888918517345,0.024956579796512557,120525.0,299.0
1776901154.5319765,24.645234375,0.002734375000001066,46.112065492735724,0.002754239429876293,1007.8633155305786,0.004419499972925678,44.94466696840781,0.036954512507506365,121299.0,130.0
1776901156.567938,24.635371093750003,0.0020507812500003553,46.16020796515639,0.015170148670346606,1007.8491960174777,0.001492385673429908,45.06273064737963,0.01247901594774703,121995.0,131.0
1776901158.5878892,24.627265625,0.0027343749999992895,46.236332947474246,0.01817883127305464,1007.8442953323431,0.00013601131530549537,45.10370922171854,0.0011373025666472358,123144.0,134.0
1776901160.6259131,24.618183593749997,0.0020507812500003553,46.259917969545555,0.0002467539270654129,1007.856037930648,0.003974031231678055,45.00552020746622,0.03322983287749892,123727.5,360.5
1776901162.6827683,24.60734375,0.002734375000001066,46.267868830996804,0.002756077516263389,1007.8458060036708,0.008063939743635729,45.0910774812575,0.06742915622212209,124725.0,0.0
1776901164.697473,24.59865234375,0.0022460937499992895,46.25448335614148,0.0033550107383568673,1007.8518013112579,0.0018359213433996047,45.040945753937784,0.015351557022832196,125600.5,46.5
1776901166.75151,24.591914062500003,0.0013671874999996447,46.27218247681348,0.0029206086839650425,1007.8500204761006,0.0032564688261231822,45.055836727742104,0.027229891186369315,126113.5,280.5
1776901168.754988,24.58634765625,0.0012695312500010658,46.29310999461872,0.012189035448290753,1007.8619772875718,0.0011410084148906208,44.95585689355943,0.009540775050631112,126677.0,189.0
1776901170.822339,24.58458984375,0.00048828125,46.3268412877725,0.003144851465329168,1007.8472923858967,0.0010328480444172783,45.07864842361255,0.00863647189769523,127630.0,575.0
1776901172.806228,24.58810546875,0.0010742187500003553,46.35504162582223,0.006302558752082632,1007.8520638880668,0.0008252845174183676,45.038750137533384,0.006900840117481266,128399.0,97.0
1776901174.8804815,24.591328125,0.0007812499999992895,46.38938557753377,0.0031813749708682337,1007.8545397321211,0.001262787194377779,45.01804772026179,0.010559116293940463,129180.5,392.5
1776901176.8763528,24.5934765625,0.00039062499999964473,46.389644802543515,0.009214508102733276,1007.8589234594577,0.005186685930652857,44.98139221875735,0.04336964081997152,130322.5,749.5
1776901178.9269645,24.59328125,0.0,46.340234170527836,0.02160426550531369,1007.8558745853554,0.003644231622274674,45.006886050681544,0.03047213688076056,131376.0,0.0
1776901180.9432516,24.59640625,0.0007812500000010658,46.2758085597124,0.012246763682114192,1007.8472597923451,0.0032925400808494487,45.078920997304266,0.027531572312753383,132451.0,258.0
1776901182.9750164,24.60314453125,0.0022460937499992895,46.20875745112066,0.012066139032445022,1007.8490404728284,0.0009249170860243794,45.064031274582796,0.007733963622179374,132812.5,103.5
1776901184.9893537,24.6106640625,0.001953125,46.16648962298453,0.012098632510127771,1007.8548169960109,0.002309599958493891,45.01572932055018,0.019312303160251787,133334.0,209.0
1776901187.0695848,24.620624999999997,0.0023437499999996447,46.10603018620067,0.018212407212288895,1007.8463175876974,0.0010549062852760471,45.08679949748549,0.008820925471340502,134281.5,212.5
1776901189.0909956,24.632929687500003,0.0033203124999996447,46.024302552250916,0.008844684251258172,1007.8580056209864,0.0017221345570419544,44.989066853974286,0.014400025999933064,135138.5,644.5
1776901191.1081111,24.647089843750003,0.0030273437500003553,45.93051752624777,0.02427187010808396,1007.8581142376353,0.00330721977684334,44.988158657587206,0.02765407988627544,135837.5,271.5
1776901193.132667,24.65958984375,0.0028320312499996447,45.848890688185975,0.02120661703892779,1007.8555388099019,0.0027549214746045436,45.009693700790315,0.02303595808957226,136436.5,109.5
1776901195.160318,24.67306640625,0.003613281249998934,45.79510613347803,0.008799404719216142,1007.8618301913021,0.004183025706879562,44.95708692355102,0.034977228468147104,136656.5,219.5
1776901197.1861358,24.68576171875,0.003222656250001066,45.77200808803943,0.014998321403901116,1007.8641248803337,0.0006525009336542098,44.937899370322654,0.005456010493805508,137875.0,112.0
1776901199.2068286,24.69826171875,0.0026367187500007105,45.71505355752868,0.018139397894952225,1007.8806825482193,0.0015278373192586514,44.799450212513875,0.012775132010418133,138437.5,338.5
1776901201.22343,24.71134765625,0.0038085937499996447,45.6551103029763,0.01184468023258134,1007.8872524437493,0.0034217021830613703,44.74451569033192,0.02861068114103915,139059.5,170.5
1776901203.2510605,24.72404296875,0.0030273437500003553,45.63202697833156,0.0003606697916964663,1007.9077704186986,0.003981513570465722,44.572955361048,0.03329101467081941,139402.0,286.0
1776901205.2766736,24.73439453125,0.0022460937499992895,45.599445989177816,0.008953771019285739,1007.9126541548917,0.0018374639874423337,44.53212054326539,0.015363705155081675,140554.0,58.0
1776901207.3099322,24.74298828125,0.002050781249998579,45.56358772684176,0.008975355362142778,1007.8782458980019,0.006709680417657182,44.81982461842493,0.05610363080521097,140612.0,116.0
1776901209.3238769,24.75138671875,0.002246093750001066,45.51235157967996,0.018166492280183633,1007.8708592285011,1.5265114484463993e-05,44.88158898987189,0.00012764146160293421,141551.0,589.0
1776901211.3622317,24.7596875,0.0017578125000010658,45.48876143010293,0.012078556300423315,1007.863314212694,0.003538335196708431,44.944677964603216,0.029586481101151918,141608.0,177.0
1776901213.3960812,24.764765625,0.0011718750000007105,45.46479130275965,0.006282204704323391,1007.8596738338613,7.118835259234402e-05,44.975117705984786,0.0005952570604534912,142202.0,535.0
1776901215.441658,24.76818359375,0.00048828125,45.46519735001276,5.8025616045398465e-05,1007.8597295567563,0.0046787470104732165,44.974651840267455,0.039122369973689786,142202.0,535.0
1776901217.464673,24.770625,0.0011718750000007105,45.47470228202791,0.0029323881725034084,1007.8809897766574,0.004627734218047408,44.796881362150664,0.03869515439463811,142859.0,480.0
1776901219.4867172,24.77716796875,0.0012695312499992895,45.48162378828641,0.009366399309417517,1007.8988541041335,0.0029629659332499614,44.64750844802524,0.024774711214490708,143097.5,120.5
1776901221.5195544,24.78146484375,0.00048828125,45.48213457319598,0.009157511467392965,1007.9076207967041,0.0017004216903728775,44.574206366454206,0.014217902123700554,143824.0,122.0
1776901223.5893726,24.78419921875,0.0006835937500007105,45.500891656252286,0.0031534959037315957,1007.9102170911754,0.0016292451709318811,44.5524977375072,0.013622738517405253,143946.0,244.0
1776901225.6066427,24.7844921875,0.0003906250000014211,45.500926495688105,0.0031186564679117623,1007.9125132064528,0.0021027039769592193,44.53329906803776,0.017581475234212718,144373.5,61.5
1776901227.6469002,24.7829296875,0.0005859375000003553,45.51610228626951,6.970050095134184e-05,1007.9282146009454,0.005432346411794242,44.40201489144502,0.045421257702514595,144805.0,370.0
1776901229.6605146,24.779609375,0.0007812499999992895,45.52185242051772,0.006052166067902931,1007.9356071421861,0.0021739163348684087,44.34020403652785,0.01817657052598065,145548.0,125.0
1776901231.69045,24.777265625,0.0005859375000003553,45.53693690269299,0.0030030898624744395,1007.933641993461,3.5628879118121404e-05,44.35663505437313,0.0002979010033392626,145673.0,0.0
1776901233.7515144,24.77189453125,0.0018554687499996447,45.55166274282614,0.01207137380620793,1007.9331634447698,0.001176062847207504,44.360636312100986,0.009833327487342558,146299.0,0.0
1776901235.7792344,24.766132812499997,0.0025390625000003553,45.59400458202719,0.011992726535360987,1007.9293195713894,0.004103476056400268,44.392775908431915,0.03431019744694197,146173.5,125.5
1776901237.8169234,24.758320312499997,0.0015625000000003553,45.657634868097794,0.015188125512082706,1007.9002902801357,0.00617033127139166,44.6355000299484,0.05159289793546762,146805.0,127.0
1776901239.8368855,24.754609375,0.0007812500000010658,45.712548370960604,0.009134304456896558,1007.8879140013271,0.00035128946575468945,44.73898401632705,0.0029373174538065427,147059.5,381.5
1776901241.8640149,24.750117187500003,0.0015625000000003553,45.770462562936075,0.005967076023875251,1007.8815654831835,0.00252514755430866,44.79206749850161,0.02111420506983208,147506.0,192.0
1776901243.8818727,24.74484375,0.0017578125000010658,45.78829451536528,0.00021002118660362612,1007.8721318447009,0.00192951208634895,44.87094784330594,0.016133878024408688,148020.5,451.5
1776901245.8961148,24.74142578125,0.0010742187500003553,45.78173209283384,0.006025712090213631,1007.860229242584,0.0017360211913342027,44.97047354498647,0.014516116368383791,149188.5,196.5
1776901247.934595,24.737910156250003,0.0010742187500003553,45.787466126456756,0.00012833724237992783,1007.8663941112577,0.0009977443777984263,44.918924784134596,0.008342813920243941,148537.5,324.5
1776901249.9502027,24.7344921875,0.0011718750000007105,45.802444170017736,0.009372115168439166,1007.8754504530011,0.0026623973836308323,44.84319889644896,0.022261938874365228,149781.5,527.5
1776901251.9792295,24.72990234375,0.0012695312500010658,45.80189547369055,0.0032290296354169357,1007.8707664981255,0.002051711748663365,44.88236438249431,0.017155685957476408,150310.0,266.0
1776901254.0470326,24.72697265625,0.0010742187500003553,45.795390888013266,0.003205545900392792,1007.8742329929282,0.0008248299156434769,44.85337881092772,0.006896916005100451,151181.0,605.0
1776901256.061243,24.7274609375,0.0009765625,45.789294923538506,0.0031937601444020913,1007.8786671114306,0.004311997310367133,44.81630251412531,0.036055163318120975,150575.5,133.5
1776901258.1027079,24.73107421875,0.00048828125,45.829733842938,0.006214035688866915,1007.8963529425107,0.004434148029929474,44.6684218600772,0.0370760110433892,151448.0,202.0
1776901260.1293414,24.73546875,0.0017578124999992895,45.83949296945313,0.0032882128109967823,1007.9007213904387,0.007182949420325713,44.63189537003582,0.06005983012245508,152058.0,408.0
1776901262.1564994,24.741230468749997,0.0018554687499996447,45.85865267151871,0.021770664145289942,1007.8672037086094,0.004291523726294599,44.91215525516064,0.03588430202729853,152125.5,204.5
1776901264.1795452,24.74767578125,0.0012695312499992895,45.927160967519384,0.0032316802853635807,1007.864862091189,0.0020516549346893953,44.931735056263605,0.017155292274736667,151921.0,0.0
1776901266.1948261,24.7536328125,0.0025390625000003553,45.95559366171962,0.00030425771359787745,1007.8799568075872,0.005925907751077375,44.80551866181295,0.049549973020297955,152740.5,274.5
1776901268.2293236,24.76447265625,0.00244140625,45.93533259858,0.008947065819107536,1007.8892732382083,0.0012116058944116048,44.727618726898825,0.010130868142066873,152878.5,412.5
1776901270.264366,24.77462890625,0.0030273437500003553,46.016653649280954,0.05274592356538932,1007.8874602801243,0.00033578750941387625,44.742777820497295,0.0028076984046165876,151178.5,67.5
1776901272.3023114,24.787226562500003,0.0033203124999996447,46.26485364547371,0.052858610549460394,1007.8750109011353,0.0010136558698263798,44.84687423971621,0.008475801967520624,150910.0,67.0
1776901274.324178,24.80099609375,0.0028320312499996447,46.4548472579326,0.025056165720553025,1007.8845037639503,1.980506749532651e-05,44.76749885758689,0.0001656011213917452,151786.5,406.5
1776901276.3647122,24.810078125,0.001953125,46.49301871502962,0.0002363013007027348,1007.893712183381,0.0077130548272066335,44.69050265463002,0.06449264000537269,152193.5,272.5
1776901278.347552,24.818476562500003,0.0023437499999996447,46.5249385583508,0.018826953586994932,1007.9100181563056,0.007433009590783968,44.55416128438864,0.06215023009096399,151650.5,270.5
1776901280.380155,24.828242187500003,0.0023437499999996447,46.51375870775256,0.018258573443549864,1007.9230652743837,0.0010533424870118324,44.44506974042142,0.00880730624266235,152946.5,206.5
1776901282.4201338,24.8372265625,0.002539062499998579,46.39436314860808,0.03366456502839554,1007.9211788411615,0.00045392638025987253,44.460842772169215,0.003795417681086377,153846.5,139.5
1776901284.4596446,24.84552734375,0.00146484375,46.2718738086746,0.021426532687634392,1007.8954019932153,0.012215528610283855,44.676373635536805,0.10213989623306219,153085.0,345.0
1776901286.5434651,24.85265625,0.0021484375000007105,46.220274445737836,0.0002588216678773847,1007.8659077857478,0.001085525612040783,44.92299128125721,0.009076815591864573,153707.0,139.0
1776901288.5692072,24.862812499999997,0.0025390625000003553,46.15671998209749,0.02745216133337891,1007.8631787853947,0.0022798478489107765,44.9458103418969,0.01906339532044754,154265.0,140.0
1776901290.5847445,24.87677734375,0.004003906249998579,46.084391713116524,0.0026016395775698697,1007.8893896418228,0.006469730008006991,44.726645551330336,0.054096778335466666,153777.0,209.0
1776901292.6252334,24.89396484375,0.00439453125,46.080292861076245,0.015943156146612125,1007.8898177520948,0.001631890409441894,44.723065767606435,0.01364507997403308,154616.5,351.5
1776901294.6448867,24.91037109375,0.004785156249999645,46.14393730355283,0.009828481830947311,1007.8917167666773,0.0013512859518982623,44.70718713352109,0.01129878369605919,154897.5,70.5
1776901296.6720142,24.928046875,0.004492187499998579,46.16148684683651,0.0005409604993786843,1007.9011351351814,0.0036122300267038554,44.62843573760636,0.03020344944187059,154476.0,351.0
1776901298.7153947,24.9473828125,0.0048828125,46.200836139319605,0.012929806373161767,1007.9132349745819,0.0015085167823940537,44.527264095879254,0.0126132519674087,154548.5,702.5
1776901300.7293897,24.9665234375,0.004101562499998934,46.25251802895724,0.01901280116437931,1007.9113445547368,0.0015773123055282667,44.5430705895721,0.013188496134212357,155039.0,212.0
1776901302.7587738,24.98234375,0.004492187500000355,46.27603237163095,0.009802683502087461,1007.9122923015093,0.0018581160323378754,44.535146131793155,0.015536388936066459,155109.5,141.5
1776901304.793565,24.998359375,0.0041015625000007105,46.281052440221956,0.00567872613510545,1007.9080847937507,0.000245260367080391,44.570326693799046,0.002050718721591238,155038.5,70.5
1776901306.8250892,25.0153515625,0.0048828125,46.28001708281046,0.002497417327024465,1007.910923542654,0.0005955176433758425,44.54659082196359,0.004979346681132313,155181.0,354.0
1776901308.8505764,25.03439453125,0.00439453125,46.26379506137555,0.008729857331530866,1007.9125159906639,0.0016296315653221427,44.533275782302155,0.013625944144820323,155180.0,71.0
1776901310.8694494,25.04923828125,0.00439453125,46.21929010661653,0.011814098804954654,1007.9064111527529,0.0029291616394857556,44.58432070470508,0.024491909387787558,156035.0,72.0
1776901312.925691,25.06876953125,0.004980468750000355,46.16918915458297,0.008655313879437188,1007.9024073874185,0.0007520960311921954,44.61779783867877,0.006288600411373579,155820.0,0.0
1776901314.9311476,25.08439453125,0.003613281249998934,46.12479869649127,0.005733715559006924,1007.9012088447965,0.0031018629448453794,44.6278194074913,0.025936043493231864,156178.5,71.5
1776901316.9538033,25.09982421875,0.004003906250000355,46.10506680554607,0.002601907329147224,1007.9142819177177,0.002821024875117928,44.51851025013124,0.023587584867645006,156682.5,144.5
1776901318.973115,25.1141796875,0.003124999999998934,46.0697881632367,0.008874818826576814,1007.8973536900044,0.004069797148702037,44.66005412943137,0.034029473463661475,156251.0,431.0
1776901321.0180776,25.12619140625,0.0028320312499996447,46.04039938492033,0.0027423543684790275,1007.8912268088535,0.0009275221499365216,44.711283915679,0.007755483771390459,156466.0,72.0
1776901323.046211,25.13712890625,0.0020507812500003553,46.004720264261366,0.0028359315495691817,1007.9025121138204,0.007871854772304232,44.61692238216392,0.06581997903547787,156682.0,0.0
1776901325.0665493,25.14875,0.0029296875,45.96296625960622,0.01505753815927946,1007.9212843375926,0.0038206681693395694,44.45996073252185,0.031945775639794505,156683.0,433.0
1776901327.1229007,25.159296875,0.001953125,45.927254709252864,0.021334850995767596,1007.9036709156478,0.005051774274647869,44.60723302149182,0.04224002816683026,156538.0,144.0
1776901329.1377575,25.1684765625,0.001953125,45.85749925535233,0.018246547800835344,1007.914851578685,0.005890508935635808,44.51374720457699,0.04925260215403782,156682.5,144.5
1776901331.1555839,25.179707031249997,0.0030273437500003553,45.803411923714286,0.01811243187482603,1007.9393754945339,0.0012426242542460386,44.30869608901496,0.010389810618502082,157189.0,73.0
1776901333.191436,25.191328125,0.002734375000001066,45.73707384822379,0.01814113004173734,1007.9499403325241,0.0016811990846008484,44.22036190881307,0.01405669638182161,157919.5,73.5
1776901335.240471,25.20197265625,0.002832031250001421,45.68295029264158,0.01264780770666718,1007.9470725658568,0.0036326608190506704,44.244339693886346,0.030373159428286556,157772.5,73.5
1776901337.2700832,25.2128125,0.002734375000001066,45.67193875610998,0.0003272758428174427,1007.9326646294555,0.0010548711378532971,44.364807019702795,0.008820019726169193,157846.5,293.5
1776901339.2868912,25.2243359375,0.0035156250000003553,45.642549555994535,0.0004206085810594118,1007.9266553789962,0.000705111177865092,44.41505186140627,0.005895624875453365,158213.5,73.5
1776901341.301646,25.2333203125,0.0011718749999989342,45.606709212546825,0.012163787824370331,1007.908336667226,0.006314839072047107,44.56822081421278,0.05280085094345921,158730.0,0.0
1776901343.3611434,25.2383984375,0.0017578124999992895,45.59808846105142,0.009017373382445015,1007.9037712234351,0.00010324662196126155,44.60639421988121,0.0008632887453288163,158730.5,148.5
1776901345.3786733,25.246699218750003,0.0018554687499996447,45.56217514819954,0.021304979615070607,1007.9007627347896,0.00573276063744288,44.63154960865331,0.04793415607544915,158953.0,74.0
1776901347.407389,25.25255859375,0.00048828125,45.50138160862197,0.02760938105637223,1007.9102264105197,0.003771282792740749,44.55241985377767,0.03153312951125997,159549.5,74.5
1776901349.4277418,25.25412109375,0.00048828125,45.43394820700699,0.021452719764074146,1007.8926863519662,0.005595279821307031,44.69908004384659,0.04678492150205216,160075.5,150.5
1776901351.4637172,25.2596875,0.0015625000000003553,45.363946407846036,0.018244520764447714,1007.8879967985013,0.006171552594707919,44.738291832792896,0.051603619602989426,159851.0,526.0
1776901353.4914608,25.26408203125,0.0006835937499989342,45.30611484972748,0.00913093475044846,1007.9060383594372,0.00110407778595345,44.587437756675385,0.009231645268485522,159700.0,375.0
1776901355.5142612,25.26798828125,0.0010742187500003553,45.25438496423342,0.018291406123459808,1007.9041393170774,0.0010010513261136111,44.60331643678771,0.008370211732234623,159251.0,224.0
1776901357.5474193,25.2712109375,0.0007812500000010658,45.21179470596002,0.012183615547574078,1007.9075202068252,0.0021738048649240227,44.575047444635814,0.018176048608005146,158804.5,222.5
1776901359.5753088,25.2751171875,0.00039062499999964473,45.175432809989886,0.006090572214358048,1007.9247733809807,0.0015429214759592469,44.430787773006756,0.012900802415419577,158953.5,371.5
1776901361.6066117,25.27951171875,0.0012695312500010658,45.12993371412358,0.0151877993844316,1007.9428153452517,0.0029624885560224357,44.279934926634425,0.024769844868057334,158508.0,74.0
1776901363.6273053,25.28361328125,0.0006835937499989342,45.09667828478572,0.0060531596041499824,1007.9357594841149,0.00254403312675322,44.33893027964497,0.021271192064169497,159176.0,149.0
1776901365.6708717,25.28849609375,0.00146484375,45.11566093545998,0.00017374460270502823,1007.9454698767535,0.0023659010487335763,44.25773997337958,0.019781638264390722,159027.0,0.0
1776901367.7002547,25.292109375,0.0009765625,45.113022705226925,0.015221336632052385,1007.9440094331457,0.0020709069386839474,44.269950954782985,0.01731517048380482,159549.5,74.5
1776901369.7157748,25.2971875,0.001562499999998579,45.104422223322864,0.00018530395357885254,1007.9166412915255,0.00568489985960241,44.49878279331958,0.04753336452922241,159102.0,223.0
1776901371.7693338,25.30197265625,0.0002929687500010658,45.0957880060651,0.003032426805404498,1007.9097767533108,0.002263006924522415,44.556179578799885,0.018921868269696773,158953.0,74.0
1776901373.7849104,25.304609375,0.0011718749999989342,45.05929860425378,0.009060706222445702,1007.8875854666345,0.009052112718222816,44.741731344220426,0.0756895333077452,159176.0,0.0
1776901375.8035958,25.31193359375,0.0020507812500003553,45.020305633940694,0.005888844015970562,1007.8592830976597,0.007632917752857793,44.97838512881991,0.0638243398808136,159325.0,0.0
1776901377.8427467,25.3192578125,0.001953125,44.956801604571304,0.015092730496810702,1007.8382765219997,0.0004942237921454762,45.15403757184559,0.004132631932076691,159849.5,75.5
1776901379.8634677,25.32892578125,0.003027343749998579,44.87827855540099,0.014959302785236162,1007.839295815078,0.003064594335228321,45.14551441638379,0.02562569879721721,160075.5,301.5
1776901381.8955,25.338398437499997,0.0013671874999996447,44.802829540062504,0.024335397572340156,1007.8591535073215,0.004944163193101758,44.979468613734966,0.04134172476727471,160377.5,151.5
1776901383.9448287,25.345625,0.0017578125000010658,44.69654062142972,0.021214503727293277,1007.8781205102515,0.005575037084781798,44.82087301325703,0.046616207383028296,160605.0,76.0
1776901385.957549,25.354999999999997,0.0025390625000003553,44.58139454836423,0.02722533700347185,1007.8832267857415,0.003196716814670708,44.77817641841945,0.026729544648024017,160226.0,0.0
1776901387.9975579,25.36564453125,0.002246093750001066,44.50620431619846,0.0058500856611622964,1007.8538972904087,0.0027579527532566317,45.02341968161346,0.02306133528918508,161291.0,306.0
1776901390.0366213,25.37384765625,0.0012695312499992895,44.50411053496341,0.0032059647807898273,1007.8333942195795,0.007071526458673816,45.19486296589733,0.059131371544520306,162446.5,232.5
1776901392.069362,25.3778515625,0.0,44.544325738280065,0.012230551285952629,1007.8280015783005,0.004560793418875164,45.23995567310551,0.038137047237594146,162913.0,78.0
1776901394.0839996,25.37716796875,0.00048828125,44.61152657849574,0.012177905604843886,1007.8469652109534,0.0055966365279687125,45.081384298028155,0.04679798452137973,162757.0,78.0
1776901396.0784135,25.37443359375,0.0002929687500010658,44.64485504371028,0.00914377934860866,1007.8626171782757,0.002263372879212966,44.95050633087419,0.01892564516661821,162524.0,0.0
1776901398.1303444,25.3708203125,0.0013671874999996447,44.699507748430875,0.009020066589059184,1007.8613431296765,0.0014408315559535367,44.961159538353925,0.01204781365578711,163305.0,314.0
1776901400.1679041,25.3659375,0.0009765625,44.763212653794184,0.01825382314458679,1007.8726132570295,0.0011594258124887347,44.866922441362064,0.009694693044146163,163699.0,394.0
1776901402.2145593,25.36408203125,0.0006835937500007105,44.84261277075869,0.030548380276645304,1007.8823869205726,0.001632506661280786,44.78519897978589,0.013650314265596819,164729.5,319.5
1776901404.236974,25.35744140625,0.0022460937499992895,44.90615829673182,0.008926480300566197,1007.891730054539,0.002757707394721365,44.707076046413576,0.023058582809962758,166667.5,326.5
1776901406.2547085,25.3505078125,0.001953125,44.9298518618853,0.002833392916688382,1007.9024239493781,0.0014064515011682488,44.61765936171506,0.011759949535793623,167241.5,411.5
1776901408.2987638,25.340937500000003,0.0023437499999996447,44.93178428558188,0.0002772117046063727,1007.9070349874687,0.001048726683620771,44.57910454562062,0.008768825075854636,167984.0,166.0
1776901410.3184521,25.33283203125,0.00244140625,44.933890059109046,0.0033531634261798615,1007.9112748694454,0.0015297657661790254,44.543653253792684,0.012790942511063719,168484.0,0.0
1776901412.3511357,25.32404296875,0.0022460937499992895,44.95430273929345,0.01199321402549458,1007.9180587157232,0.0027153723877404445,44.4869311546555,0.022704118236326565,168233.5,83.5
1776901414.3675807,25.31623046875,0.002050781249998579,45.0300144718955,0.02735155798409039,1007.9227708810338,0.003984522571215621,44.447531299664995,0.03331577264713559,168067.0,83.0
1776901416.3961444,25.309589843749997,0.0010742187500003553,45.16111753726652,0.030556114483704988,1007.925727080094,0.0008228498849689458,44.422813622584144,0.006880075116828976,168069.5,581.5
1776901418.421936,25.30001953125,0.003222656250001066,45.24898311307439,0.014966289843624025,1007.9285116132446,0.0024686656118433348,44.39953141620891,0.02064114872244005,168734.5,83.5
1776901420.4891315,25.2942578125,0.0007812499999992895,45.29742239688249,0.009119226675814218,1007.9274144290882,0.006034568189249967,44.40870536127895,0.0504566226582881,169576.5,84.5
1776901422.5020955,25.2925,0.0,45.30642551253659,0.0061417654847595315,1007.9282235929254,0.0036481655764077914,44.40193965275577,0.030503258633057584,170341.0,0.0
1776901424.5878646,25.2909375,0.0009765625,45.34616565112866,0.009098453615369095,1007.9293481697912,0.0038949977210904763,44.392536784391055,0.032567056797415006,170426.5,85.5
1776901426.6044135,25.28263671875,0.0038085937499996447,45.3328915638289,0.009667368177495916,1007.9232378562415,0.0011449662053450993,44.443626733541365,0.009573397766192926,171198.5,172.5
1776901428.6684976,25.27287109375,0.0018554687499996447,45.31330287837805,0.015575419542070534,1007.9311778224674,0.0006512317318652094,44.37723855933234,0.0054451045018204525,171544.0,173.0
1776901430.6808677,25.2653515625,0.0025390625000003553,45.28477165980741,0.0003019923511757838,1007.9290648293145,0.004107083102553588,44.394905871437444,0.03434036389582573,171199.0,345.0
1776901432.7163818,25.260761718749997,9.765625000035527e-05,45.33643034484281,0.015368038570954923,1007.939891553724,0.0007542658426586968,44.30438122054834,0.006306553236029799,171371.0,0.0
1776901434.7503817,25.2591015625,0.0007812499999992895,45.39152405713378,0.009309860240112044,1007.9244422001772,0.002173828146055712,44.43355687752474,0.018175996182922205,171718.0,347.0
1776901436.7807813,25.263203125,0.0007812499999992895,45.416592800601194,0.009311295446021717,1007.9347148335639,0.0021738404835218716,44.3476648187836,0.018175949346339593,172152.0,87.0
1776901438.8082733,25.26583984375,0.00048828125,45.45378435818532,0.015425218750866776,1007.9280294920982,0.003771377484099503,44.40356258331474,0.031533470269373254,172152.0,87.0
1776901440.8475225,25.26818359375,0.0006835937500007105,45.5155430826231,0.015454152987601333,1007.9309029746363,0.0029281137597081397,44.37953665550903,0.024482665933351907,172240.0,349.0
1776901442.8742125,25.26984375,0.0007812499999992895,45.534188736228394,0.0031681701845514,1007.9381444005368,0.0032982152351905825,44.31898952946508,0.027577013280783547,172239.0,0.0
1776901444.8949533,25.2743359375,0.0013671874999996447,45.525500982594295,0.00016330445478374145,1007.9052712341434,0.011472103662754307,44.59385244444638,0.09592300299115664,172589.0,175.0
1776901446.940876,25.2782421875,0.0009765625,45.504445813784436,0.0029577417307180554,1007.8823955364492,0.0006651695564414695,44.78512693008899,0.005561859950748982,173116.5,176.5
1776901448.953716,25.28302734375,0.0006835937500007105,45.486571913196116,0.002992448153726457,1007.8791794532572,0.003840103340849055,44.8120185086372,0.03210936514060592,173381.0,88.0
1776901450.9858975,25.2880078125,0.001953125,45.47794492765773,0.012528799330656426,1007.8835748872511,0.0068780283614273685,44.77526587117035,0.057511041930599305,171893.5,695.5
1776901453.0313134,25.294453125,0.0007812499999992895,45.58018561120988,0.0216237771402632,1007.8702711505211,0.0021737541512152347,44.88650630603148,0.01817616847648651,172502.5,437.5
1776901455.0465481,25.30080078125,0.00146484375,45.60862776693939,0.00017525786619287942,1007.8823466686001,0.0014536666205344773,44.78553554751336,0.01215493162795056,173646.5,177.5
1776901457.08106,25.30705078125,0.0012695312500010658,45.60629926572963,0.002924391567248108,1007.9061213194916,0.003422046228877207,44.58674412903987,0.028613124158720638,174003.0,356.0
1776901459.1151593,25.31193359375,0.0020507812500003553,45.58535150844955,0.0182103031401617,1007.8966778804167,0.0012483325355674424,44.66570483995207,0.010437896631739108,174807.5,269.5
1776901461.127346,25.32111328125,0.0022460937499992895,45.497271055123875,0.033550175590420395,1007.8923493806136,2.0943165168318956e-05,44.70189752439896,0.00017511628116650968,175801.5,181.5
1776901463.1700563,25.3298046875,0.0017578125000010658,45.3815181906004,0.027441877312174512,1007.9000011460153,0.00375090254016186,44.63791752923507,0.031362980098123217,175710.5,90.5
1776901465.1994214,25.33517578125,0.00146484375,45.253165376462775,0.027456805888093072,1007.9068510642278,0.00949163528406416,44.58064270071482,0.0793633871332311,175710.5,90.5
1776901467.2279258,25.34162109375,0.0012695312499992895,45.14650961517273,0.024395202085496948,1007.883511998918,0.005246685672034346,44.77579164927744,0.04387047552875245,175529.5,90.5
1776901469.2508032,25.351875,0.002343750000001421,45.06183463530044,0.011989226280835652,1007.8754438849464,0.00442422605306092,44.843253857921646,0.03699367009666332,175439.0,0.0
1776901471.2743063,25.360859374999997,0.0025390625000003553,44.989311654565725,0.011961408008232866,1007.8726220820013,0.005924506743156144,44.86684876356664,0.04953855028296417,175439.0,0.0
1776901473.3045619,25.371601562499997,0.0025390625000003553,44.94460635146223,0.01502337517127117,1007.889057091839,0.001363792019731136,44.72942604077778,0.011403377606249876,175348.5,90.5
1776901475.3412926,25.383808593749997,0.0030273437500003553,44.866384092724346,0.02108617193457718,1007.900560321471,0.0005842767591843767,44.63324196715553,0.004885398096782012,175892.0,91.0
1776901477.3844206,25.3962109375,0.0035156250000003553,44.81577795877829,0.01796026863008393,1007.9005203266651,0.0038527825139453853,44.63357643024383,0.03221483086139898,176349.0,183.0
1776901479.406924,25.4094921875,0.0031250000000007105,44.77141208131327,0.008816728720951517,1007.8845669872571,0.00048517535879000206,44.76697021335795,0.004056819293506209,176074.5,91.5
1776901481.434762,25.42052734375,0.00244140625,44.729853501377136,0.015017774295163377,1007.8731953612828,0.0024432938993186326,44.86205511594612,0.02042991715315523,176166.0,0.0
1776901483.4621427,25.427851562500003,0.0015625000000003553,44.66338597139409,0.027355771812445084,1007.8758998281425,0.0016107901282111925,44.83944138062079,0.013468800204989861,175983.5,182.5
1776901485.4910326,25.434296875,0.00019531249999893419,44.6151904408263,0.015272746869396059,1007.8881317790228,0.0012276182753794274,44.73716306636533,0.010264765414099486,175620.0,181.0
1776901487.5189166,25.439765625,0.0021484375000007105,44.56077768170546,0.015038338331578416,1007.9015236257379,0.0016446938690251045,44.62518736237797,0.013752007002160838,176257.5,91.5
1776901489.5337121,25.447578125,0.0017578124999992895,44.51277108258242,0.008965566744695508,1007.9141388911016,0.006487470082333857,44.519706260851216,0.05424403381567089,175892.0,91.0
1776901491.571792,25.452656249999997,0.0015625000000003553,44.46445675015984,0.015099195849696656,1007.9223388064011,0.0006985254304368027,44.45114395251022,0.005840579917350652,176532.0,0.0
1776901493.5972812,25.46017578125,0.00146484375,44.40116303448863,0.00593905663548,1007.9299196467045,0.0021960222688335307,44.38775848834992,0.01836148676868632,176715.0,0.0
1776901495.6157131,25.466816406249997,0.0020507812500003553,44.34695227354112,0.005868672154988985,1007.8950283133918,0.008548342739459258,44.67949789657601,0.07147681695419195,176715.5,183.5
1776901497.6640277,25.4753125,0.0023437499999996447,44.338784396866075,0.0027797698917879643,1007.8786410669235,0.00013513072337900667,44.81652022528857,0.0011299080339242096,176624.5,458.5
1776901499.6909335,25.48556640625,0.002246093750001066,44.35831352116341,0.0033180467542059944,1007.8796882029727,0.002714284519015564,44.807764528790464,0.02269572179492485,175620.0,181.0
1776901501.7194905,25.49630859375,0.0028320312499996447,44.359572892382175,0.00883252099650278,1007.8888218794417,0.002747991205751532,44.731392793825435,0.022977394535860896,175711.0,272.0
1776901503.7503448,25.505390625,0.0021484375000007105,44.34841831018091,0.003306502860077387,1007.9007488849275,0.002556564536462247,44.63166532507225,0.021376571014368295,175529.5,90.5
1776901505.768404,25.51212890625,0.0010742187500003553,44.34615353942924,0.006235246095126712,1007.9152780438258,0.0026468117906119915,44.51018128821994,0.022130910054574567,175620.0,181.0
1776901507.7964227,25.5188671875,0.0017578124999992895,44.37443790532278,0.0032613580161999778,1007.9179466178687,0.0026359591556115447,44.48786844015898,0.02204012016754575,175710.5,90.5
1776901509.824978,25.52765625,0.0027343749999992895,44.40296873942444,0.01254387355541553,1007.8938180077969,0.0028841486821988838,44.689617632875475,0.024115781753437204,175801.0,0.0
1776901511.8537986,25.5376171875,0.0021484375000007105,44.453037343666594,0.006365738015031042,1007.8843538151359,0.003830365926376089,44.768752711906515,0.032027811746381474,175801.0,0.0
1776901513.8671603,25.54572265625,0.002050781249998579,44.49984734721133,0.015528912614279022,1007.8755428288373,0.003988185708351466,44.842426515020485,0.033347666436526424,175529.5,271.5
1776901515.9016957,25.552753906249997,0.0018554687499996447,44.5618366248964,0.009394497272722901,1007.8722963047018,0.0029956122699559273,44.86957270634462,0.02504821655877265,174987.5,270.5
1776901517.9288678,25.55626953125,0.00029296874999928946,44.61119696227707,0.00914428034960224,1007.8807094345675,0.0022642384460027642,44.799225409576195,0.018932607591068518,175258.0,0.0
1776901519.9426942,25.556660156249997,9.765625000035527e-05,44.64490177111379,0.0061319170599816175,1007.8922890292083,0.00289490036556117,44.7024021808529,0.024205711582684582,175529.5,90.5
1776901521.9724066,25.5602734375,0.0015625000000003553,44.651448296917565,0.006304885918108738,1007.9090716880764,0.005259939113045675,44.56207497685515,0.04398039188653513,175077.5,180.5
1776901524.0383513,25.567500000000003,0.0015625000000003553,44.67372424268069,0.0032450631643961003,1007.9170894091928,0.0020394507109813276,44.49503583651173,0.017052528906479125,175258.0,181.0
1776901526.0520694,25.573847656250003,0.0008789062499996447,44.708145226244184,0.006226549783605151,1007.9218632217655,0.000506569837114057,44.45512045778382,0.004235583441513313,174897.0,180.0
1776901528.0890577,25.58068359375,0.00146484375,44.73344545493735,0.006296756891320142,1007.9137385552016,0.012234159770287079,44.52305397289637,0.10229417342845437,174717.5,179.5
1776901530.1023352,25.58634765625,0.001660156249998934,44.79230091779381,0.00938514860306583,1007.8754355578213,0.006444345424142739,44.843323559871095,0.053885128684523664,174270.0,268.0
1776901532.1423094,25.593867187500003,0.0013671874999996447,44.88817207535013,0.03080898244382624,1007.8647636499244,0.0023551503714998034,44.93255819563241,0.01969302706966758,173736.5,443.5
1776901534.1589696,25.59708984375,0.00048828125,45.0081182583289,0.02152597886402674,1007.8745286051667,0.004438148338977044,44.850907077283395,0.03711011016334709,174002.0,178.0
1776901536.175989,25.60001953125,0.0012695312500010658,45.05754239932047,0.015489575857152715,1007.894770305651,0.0066119163413986826,44.681655125371115,0.05528543325831947,174181.0,357.0
1776901538.245583,25.60421875,0.0009765625,45.07031207871191,0.0031840293828047095,1007.9170617333637,0.001576606679066117,44.49526723775037,0.013182535583993626,174448.5,89.5
1776901540.2675848,25.606953125,0.0009765625,45.079841352548335,0.006252415698149605,1007.9233011942903,0.0020733203273266554,44.44309715561492,0.01733563757887424,174091.5,267.5
1776901542.2941709,25.61203125,0.0009765625,45.12954495322455,0.024668880173496888,1007.9050373648158,0.008460811624672715,44.59580772120209,0.07074435823708924,173470.0,177.0
1776901544.3403044,25.6180859375,0.0025390625000003553,45.18244648861791,0.00337235809112002,1007.8865246789653,0.0032009961502126316,44.750600917613596,0.026765255662077436,173293.0,0.0
1776901546.3551757,25.628437499999997,0.0025390625000003553,45.20210070581747,0.002768026110285149,1007.8904608073942,0.0040989472379351355,44.71768889843385,0.034273400750880256,173737.5,621.5
1776901548.3970704,25.63712890625,0.00244140625,45.144808752095585,0.030404172865228674,1007.8990166990884,0.005766335186137894,44.64614899963393,0.048214955408710125,175439.0,0.0
1776901550.4398725,25.645136718750003,0.0018554687499996447,45.03222640876835,0.027387094820042535,1007.9119441218841,0.001170313292220726,44.53805738261717,0.009785420960614744,176074.5,91.5
1776901552.4182696,25.66017578125,0.0051757812499992895,44.91748354064961,0.02697605801832026,1007.9261844271866,0.005617837259762837,44.41898972166991,0.04697227141382854,176715.5,183.5
1776901554.4815671,25.67638671875,0.00341796875,44.851973167336425,0.0026596413983064338,1007.935015541185,4.224276540298888e-05,44.3451505219155,0.0003532007930111547,176350.0,549.0
1776901556.4866254,25.689082031250003,0.0028320312499996447,44.80751548699243,0.005792196579619713,1007.9290446381186,0.0018164563973641634,44.39507464958181,0.015187853067317292,175892.0,91.0
1776901558.510863,25.69943359375,0.00244140625,44.738289538345555,0.015023821250064628,1007.9293281106492,0.0006219657275323698,44.39270445427793,0.005200412158824719,176258.0,457.0
1776901560.535131,25.712421874999997,0.0025390625000003553,44.66940142000317,0.024190663577922322,1007.9356927123267,0.0031860707547366474,44.33948858487501,0.026639404131664435,175802.5,363.5
1776901562.5934436,25.71935546875,0.0006835937500007105,44.587583239514714,0.021338528803486412,1007.939584206493,0.00019085031755139426,44.306951004906814,0.0015957344422901087,176440.5,274.5
1776901564.609862,25.7251171875,0.0017578124999992895,44.52095710663724,0.015086516331624722,1007.9306320872212,0.0019248551682267134,44.381801594465145,0.016094182184886563,175801.0,0.0
1776901566.6363955,25.730976562499997,0.0015625000000003553,44.49106250228077,0.015107062046713082,1007.9400904394782,0.00021574133165813691,44.302718299135734,0.001803852034534259,176075.0,274.0
1776901568.6809175,25.73517578125,0.00048828125,44.47320786003864,0.0030004343407235012,1007.9350043212255,0.0010371372606527984,44.34524433800249,0.008671726409470892,175892.0,91.0
1776901570.7062693,25.73810546875,9.765624999857891e-05,44.46437922950879,0.006104015893146908,1007.9306067872908,0.003808305362383635,44.38201316960278,0.03184216796046968,176075.0,274.0
1776901572.7834587,25.7344921875,0.001953125,44.41198186344486,0.021627210937445795,1007.9147349780474,0.009541328515922487,44.51472233248515,0.07977838698898054,175710.5,90.5
1776901574.7729752,25.72970703125,0.0002929687500010658,44.37168452336738,3.441493868550083e-05,1007.8759806092617,0.005036159342409974,44.83876599683509,0.04211040184102899,175258.0,181.0
1776901576.8031,25.7317578125,0.0007812499999992895,44.37498156243622,0.003147906775076592,1007.8564744139928,0.0005643019983381237,45.0018703940229,0.004718547344420898,175439.0,0.0
1776901578.8685584,25.73595703125,0.0012695312499992895,44.40909585797844,0.00014923832346980248,1007.8550383987191,0.004787115707244993,45.01387806512599,0.04002866947541861,174897.0,180.0
1776901580.86642,25.73869140625,0.00048828125,44.43998787682915,0.00617207183332269,1007.8676659015491,0.0026134664386177064,44.90829051246211,0.02185293387251619,174180.5,178.5
1776901582.9239357,25.74064453125,9.765625000035527e-05,44.458562578783564,0.00610383060489994,1007.8799451309371,0.007458984000720648,44.80561636601806,0.06236891882057094,174002.0,0.0
1776901584.9548006,25.74083984375,0.00029296874999928946,44.46164316613253,0.003023243255931618,1007.8939504358566,0.00321090140795377,44.68851034366584,0.026847918704135054,174002.0,178.0
1776901587.0026839,25.73791015625,0.0006835937500007105,44.473529673918485,0.003138369133296237,1007.8709682163283,0.003841387904003568,44.88067772198626,0.03212031801593085,174627.5,89.5
1776901589.0242248,25.73859375,0.0,44.49195994464455,0.0214077433105615,1007.862032276135,0.0018253322658665638,44.95539710227858,0.015262888112285822,174003.0,356.0
1776901591.038834,25.74201171875,0.0006835937500007105,44.61168059498991,0.04292631104062394,1007.8584224733879,0.0007219691833597608,44.98558123867851,0.006036910114765703,173293.0,0.0
1776901593.0413532,25.7426953125,0.0,44.725028628202615,0.009187296976641335,1007.8631765355054,0.0036506876891735374,44.945829182094315,0.030525941795207956,174002.0,178.0
1776901595.1070914,25.7426953125,0.0009765625,44.70971731727789,0.012133215806624522,1007.875953953667,0.007052305696390704,44.83898896238979,0.058968633227809875,175258.0,181.0
1776901597.1390402,25.74328125,0.0009765625,44.63325056865707,0.021540829958190955,1007.8924151424224,0.006637764901768151,44.70134780500649,0.05550167059610445,175985.5,546.5
1776901599.1596706,25.741718749999997,0.00039062499999964473,44.52291522379527,0.03360096172939109,1007.9190985761013,0.007019240187958076,44.47823668565779,0.05869011806452917,177083.0,0.0
1776901601.1805654,25.74611328125,0.0006835937500007105,44.39500771539173,0.02131548310358866,1007.9417076478501,0.0029288145098576024,44.28919656681123,0.024488312523676115,176991.0,92.0
1776901603.1819365,25.7477734375,0.0,44.29131087332357,0.015273489283678998,1007.9635537795498,0.0009126816160573981,44.106538948625186,0.007630951138807518,177731.0,93.0
1776901605.2571156,25.75021484375,0.0002929687500010658,44.20608676937141,0.015300228628330359,1007.9547171919378,0.01051244680616037,44.180422483292574,0.08789542374943338,177453.0,185.0
1776901607.235121,25.74962890625,0.00029296874999928946,44.120550564067855,0.015223967758604573,1007.9273035314707,0.0031778317673456513,44.4096325172816,0.02657069530087597,177824.0,0.0
1776901609.270123,25.75333984375,0.0012695312500010658,44.10572638945109,0.006251244172446491,1007.9205159792464,0.00022383972105899375,44.46638516489109,0.0018715935556201657,176532.0,183.0
1776901611.3390238,25.75578125,0.00019531249999893419,44.15789435684791,0.015284573058316653,1007.9290202447395,0.0012279577157414678,44.39527860280302,0.010267266393682917,177454.5,555.5
1776901613.363154,25.7544140625,0.0007812499999992895,44.17299645620052,0.012301894168643912,1007.9341149046345,0.0003483811954652083,44.35268093975759,0.0029128917507321717,177638.0,0.0
1776901615.3566413,25.7579296875,0.0017578124999992895,44.15814541492889,0.009362816346715874,1007.9187977263932,0.00446420230827016,44.48075208830534,0.03732663605317299,177453.0,185.0
1776901617.432862,25.765742187500003,0.0015625000000003553,44.229282253195024,0.030719775809497918,1007.9177176374187,0.0002160503277650605,44.48978299789773,0.0018064680741858297,176532.0,0.0
1776901619.4570777,25.7716015625,0.0007812499999992895,44.30632653151174,0.015367043398512692,1007.9253499717083,0.0014771086879932227,44.42596673546606,0.012350517378870052,176807.0,92.0
1776901621.4587793,25.77736328125,0.0012695312499992895,44.32533374455953,0.00290637076034983,1007.9072684505015,0.004787293829963346,44.577152540882494,0.04002847926470565,177731.5,278.5
1776901623.479699,25.7809765625,0.00039062499999964473,44.27687833919411,0.015227085644919924,1007.9112751301129,0.001543227676791048,44.54365107439166,0.012903502567990444,178197.0,0.0
1776901625.503951,25.7829296875,0.0007812500000010658,44.19770712595991,0.021280685154181356,1007.9244676653439,0.003086474778399406,44.433343972140015,0.025806894047669005,178853.0,94.0
1776901627.559328,25.78458984375,0.0002929687500010658,44.11243396561264,0.021395835877580538,1007.9408383074234,0.0022653110539749832,44.29646525983329,0.018940661352466748,178853.0,94.0
1776901629.5710013,25.7883984375,0.001953125,44.0457546942647,0.008923218886312867,1007.9542877507306,0.002239869388574789,44.184012722532714,0.018727736805420392,178853.0,94.0
1776901631.6087809,25.793671875,0.0007812500000010658,44.003669133422484,0.009058009416641255,1007.9454576204503,0.007866432195669404,44.25784263911031,0.06577236936848152,179326.5,567.5
1776901633.6481047,25.794062500000003,0.0005859375000003553,43.95187721766319,0.01226360442844765,1007.9305714617083,0.00185849946677763,44.38230849829259,0.015539366783588804,179517.5,758.5
1776901635.6618009,25.795527343750003,9.765625000035527e-05,43.90632167854955,0.009132627515519687,1007.9320230976714,0.0001576255517647951,44.37017101193999,0.0013179441005526371,178948.0,377.0
1776901637.6906302,25.799335937499997,0.0023437499999996447,43.97688733276445,0.030766381372650642,1007.9244791473543,0.011733834218489392,44.4332483981911,0.09810992650783845,177641.5,742.5
1776901639.7438877,25.80919921875,0.0022460937499992895,44.22218036845106,0.08576759208408191,1007.9038885268924,0.0009386057561755479,44.60541339895218,0.00784807960209477,175711.0,272.0
1776901641.7693198,25.81359375,0.0009765625,44.52832788189621,0.04294422122335817,1007.8963770215988,0.0024889373537462234,44.66822047819258,0.0208111832108564,176349.0,0.0
1776901643.7864575,25.816914062499997,0.0023437499999996447,44.64500643223846,0.024767424377873937,1007.9026487492974,0.00013169505979249152,44.615779705905794,0.0011011591785496933,176080.0,1003.0
1776901645.8135924,25.83029296875,0.0038085937499996447,44.9867946649023,0.13848917686938478,1007.9005095224377,0.010283385203649686,44.633667074512466,0.0859839652794605,173118.0,529.0
1776901647.8678277,25.8466015625,0.003710937500001066,45.634159000834,0.16979485181203913,1007.8720620079055,0.0067904145221859835,44.87153193556617,0.056778978771372834,172501.5,87.5
1776901649.9009883,25.853535156249997,9.765625000035527e-05,46.00788159409123,0.006159644393850527,1007.8649955781643,0.0034937067079567896,44.93061890714128,0.029213271811958208,174899.0,540.0
1776901651.9043717,25.855097656250003,0.0030273437500003553,45.86927347893186,0.04588375612395268,1007.8565632686111,0.0012343502654061922,45.001127418763964,0.010321316901823252,175894.0,455.0
1776901653.9173608,25.86896484375,0.0051757812499992895,45.80928557447926,0.009871012115855393,1007.8524701185117,0.005339994767609824,45.03535342564114,0.044651798635229056,174729.5,1436.5
1776901655.9835098,25.89298828125,0.006542968749998934,46.213445486871464,0.1707192377105322,1007.8337279366533,0.004047501249715424,45.19207234573342,0.0338447770007555,170343.5,682.5
1776901657.9948075,25.90216796875,0.00048828125,46.72190788341902,0.03402439045460781,1007.8430642976998,0.006515208465543765,45.11400306331011,0.05447907487922521,172680.0,789.0
1776901660.044816,25.9063671875,0.0021484375000007105,46.68833797778659,0.005932901475635077,1007.8598826445153,0.006205744245221467,44.97337181927629,0.05189068609839609,172589.0,0.0
1776901662.1128047,25.9258984375,0.0056640624999992895,46.839521696031554,0.08131467184447772,1007.8749684771147,0.0009239235960194492,44.84722897254267,0.007725495339911959,170599.0,599.0
1776901664.0996003,25.9434765625,0.00019531250000071054,47.18930305937429,0.03730784601237502,1007.8768593559887,0.008814366482397418,44.83141843750448,0.07370224555674554,171718.5,520.5
1776901666.165006,25.94650390625,0.0012695312500010658,47.04993330223213,0.08366600126823442,1007.850703995914,0.005255078466404939,45.0501213409361,0.043941810550023774,173826.0,533.0
1776901668.1960328,25.95685546875,0.002832031250001421,46.74411236305454,0.061636497219041075,1007.8281500139938,0.009124818292150394,45.238714673721645,0.0763011065823882,174003.0,356.0
1776901670.2132084,25.96515625,0.0,46.52522345637222,0.06500250873542157,1007.7977210148172,0.006390878798981703,45.493162851815015,0.05344139797668035,176169.0,730.0
1776901672.2415361,25.970820312500003,0.0025390625000003553,46.204292288543115,0.07075471793339716,1007.7676015332894,0.010511127441418466,45.745029335454205,0.0878976047204496,175801.0,0.0
1776901674.2769954,25.97599609375,0.00048828125,45.99185628741557,0.06177844497809204,1007.756779640167,0.0019511750899141589,45.835525703028765,0.01631652826529617,176532.5,366.5
1776901676.3109207,25.9723828125,0.0009765625,45.744723249795925,0.07407537494414385,1007.7454718632086,0.0024886121072995593,45.930086420376966,0.020810986636487172,178013.5,745.5
1776901678.333464,25.9673046875,0.0021484375000007105,45.476223266381496,0.07102370641008804,1007.7400175891273,0.001640400209623749,45.975697805179465,0.013717885702927646,179230.5,283.5
1776901680.3891807,25.95919921875,0.0020507812500003553,45.20470583865947,0.058611277445756116,1007.7232880597121,0.0033087854839664033,46.115599860153864,0.027670169110489695,179420.5,473.5
1776901682.4067774,25.9466015625,0.0048828125,45.00057790444174,0.05274079633410267,1007.7038756592463,0.006965079765620885,46.27794009439871,0.05824733638749535,178853.5,282.5
1776901684.4811082,25.93068359375,0.0032226562499992895,44.83308027497312,0.03409913272614773,1007.7064941837193,0.0021038368095105398,46.25604186032383,0.017593859171057602,178384.0,0.0
1776901686.4770112,25.917988281249997,0.0028320312499996447,44.75189711412234,0.0027282376224455618,1007.7006175377693,0.004569407666167535,46.305186946669124,0.03821298982412813,179420.5,473.5
1776901688.4985766,25.914765625,0.0007812500000010658,44.846533286452384,0.07979152080297425,1007.6963307738231,0.001478201973668547,46.34103624577779,0.012361933029080063,176076.0,456.0
1776901690.563258,25.913984375,0.001953125,45.17780573287345,0.05504928154795152,1007.6950702383281,0.0014132268144066984,46.351577878520956,0.011818569614295171,176441.0,458.0
1776901692.625354,25.90763671875,0.0008789062499996447,45.19239973073864,0.0338911128563808,1007.6976090786454,0.0005052067515407543,46.330346015111566,0.004224947417540648,177268.0,185.0
1776901694.616471,25.90841796875,0.00146484375,45.1955666019326,0.04317631386271614,1007.6906534996825,0.004939710385087892,46.3885144350712,0.04131008387772184,174897.0,180.0
1776901696.6439843,25.919453124999997,0.0023437499999996447,45.47971923242066,0.08642695917377807,1007.6792451878846,0.003521831225839378,46.483920894454826,0.029452835422265622,173116.5,352.5
1776901698.6719964,25.92990234375,0.0020507812500003553,45.76733554732339,0.0711283978552828,1007.6860621544093,0.0005699941682451026,46.42691118181139,0.004766796418270047,172852.0,88.0
1776901700.6928756,25.93859375,0.0021484375000007105,45.96572222718665,0.03419872268175794,1007.6836521412056,0.002924296597711873,46.447065895359145,0.024455607297173998,174539.5,537.5
1776901702.7450986,25.947871093750003,0.0030273437500003553,45.9359975476021,0.05207644876641382,1007.6666668280128,0.00241944551294182,46.58911337362963,0.020233863061008606,175258.0,181.0
1776901704.7802172,25.95529296875,0.0008789062499996447,45.71800249766976,0.04302839973187034,1007.6713373049568,0.001417985508055608,46.550054157659986,0.011858591880173464,173743.0,1154.0
1776901706.8114202,25.956562499999997,0.00039062499999964473,45.545709266555264,0.061606268754562876,1007.6752114403657,0.0011957177944168507,46.51765486887915,0.009999739142731556,176076.0,456.0
1776901708.8336935,25.95958984375,0.00146484375,45.33689401591066,0.05516147662144277,1007.6654880685287,0.0031145459695949285,46.59897137639041,0.026047024409439956,178104.0,280.0
1776901710.8957953,25.99435546875,0.016699218750000355,45.553332144358535,0.07494960388633487,1007.64670855794,0.004102910098310986,46.75602609345761,0.03431325567434129,182119.0,1268.0
1776901712.883842,26.07912109375,0.01533203125000071,45.42199801682801,0.14274601368860118,1007.6857515446881,0.0019040113693336025,46.42950878700728,0.01592303455920785,189357.5,1823.5
1776901714.9077194,26.11974609375,0.01103515624999929,44.8433925446548,0.21638642911834438,1007.7156709269332,0.010495145699962904,46.179299698329544,0.08776762203500255,196236.5,1036.5
1776901716.9403193,26.211054687500003,0.034570312499999645,44.33676333448309,0.23441213769624625,1007.781674440002,0.016489291732739275,45.62734813467571,0.13788747849908134,198917.5,236.5
1776901719.0067587,26.324921875,0.017187500000000355,43.77609473484216,0.11991190785492734,1007.8255847121993,0.01310510987110547,45.26016587122757,0.10958425844077269,201133.5,665.5
1776901721.030577,26.3516796875,0.00957031249999929,43.38341686542702,0.10836753336288396,1007.8815308602725,0.0008194060285973138,44.79235698133459,0.006851523340291266,203706.5,434.5
1776901723.0528936,26.36125,0.013085937499999645,42.68364516068138,0.24680372897003622,1007.9271138788114,0.02202039667815825,44.41121984823227,0.18411841236933668,204081.0,685.0
1776901725.1052601,26.334980468749997,0.0010742187500003553,42.501889015359325,0.060623954974939664,1007.8491161457787,0.012694617873023617,45.063399051611185,0.10614973854349685,203274.5,741.5
1776901727.1123013,26.325312500000003,0.0015625000000003553,42.28613977721875,0.027367622017941073,1007.8289554972682,0.005701312652433899,45.23197910934504,0.047673955680039626,201434.5,121.5
1776901729.1397579,26.3231640625,0.0029296875,41.97803666754325,0.06365710862973728,1007.8410196301888,0.002582652847479494,45.13110012222007,0.02159574321179747,202350.5,551.5
1776901731.1625187,26.2805859375,0.01542968749999929,41.99440000052017,0.16110254268546598,1007.8399397586145,0.004792170853306743,45.140129899768795,0.04007142541747655,202290.5,734.5
1776901733.189587,26.20080078125,0.02021484375000071,42.05770632649495,0.044514071352690365,1007.8245010964263,0.0015559152754462957,45.269226446075805,0.013010495277580247,204393.0,750.0
1776901735.2210965,26.13615234375,0.01513671875,41.79423319219208,0.013356109905483748,1007.8270650247055,0.0020643869438004003,45.2477870185471,0.017262277503466095,204203.0,187.0
1776901737.2624106,26.09064453125,0.0065429687500007105,42.11766279449119,0.055046142698266465,1007.8239644002649,0.004054635880436308,45.27371432389095,0.03390470198246476,204453.0,63.0
1776901739.2756214,26.06876953125,0.005175781250001066,42.2691303464503,0.0749056220241826,1007.8416346221468,0.0026069761665894475,45.12595765638737,0.021799120268955363,200110.0,599.0
1776901741.3103998,26.0559765625,0.0005859374999985789,42.597199759233774,0.15726248265400145,1007.861171537382,0.008185737271048765,44.96259456131281,0.06844675942441825,198683.5,708.5
1776901743.3318992,26.0565625,0.00039062499999964473,43.212586536299455,0.16098841168064837,1007.8703349432765,0.003369598234428395,44.885972915701096,0.028175395104000245,200770.5,542.5
1776901745.351094,26.038105468749997,0.012792968750000355,43.44740995136618,0.059256914681473205,1007.9044705004299,0.025925318329143465,44.60054952767586,0.21677244739054657,203088.0,555.0
1776901747.3930233,25.9860546875,0.015039062499999645,43.243909235464756,0.12928515677941377,1007.9391763214819,0.013164884082186745,44.31036198864422,0.11007404198212356,205403.0,1262.0
1776901749.4164298,25.927851562500003,0.010351562500000355,43.04899196751661,0.04365317236906918,1007.9931495180008,0.01707204206189772,43.85909224341438,0.1427363271299278,207306.5,385.5
1776901751.4373171,25.880878906249997,0.012597656249999645,42.828416009201035,0.07716481345813264,1008.0351004303279,0.00207618887549188,43.508353023351184,0.017358063399427692,209449.5,65.5
1776901753.4614305,25.8423046875,0.0046874999999992895,42.65748972153911,0.0005341351292642571,1008.0385620201469,0.0015617851637443891,43.479412291724564,0.013057333478386113,209648.0,526.0
1776901755.5234783,25.83087890625,0.0036132812500007105,42.631985294473495,0.01773973110108429,1008.0502414437224,0.0005570379854020757,43.38176670780136,0.004657082592476769,209712.5,197.5
1776901757.5100448,25.8219921875,0.00019531249999893419,42.62794864047313,0.02115340813714539,1008.1052684778256,0.014007136351210647,42.92172732119846,0.1171006457299022,210175.0,529.0
1776901759.5761755,25.8096875,0.0048828125,42.082986748733866,0.13623283594503022,1008.1264796562205,0.0012450845076159567,42.74440123396067,0.010408816782742747,210373.0,331.0
1776901761.6050174,25.76916015625,0.00908203124999929,42.19900375425093,0.001991681980896942,1008.1505000241591,0.00906782795499339,42.543594896373705,0.07580492595800337,212040.0,0.0
1776901763.6271389,25.75841796875,0.0016601562500007105,42.282289122870885,0.002830836333984621,1008.1851812631121,0.0035931257774564074,42.25367163579563,0.030036856481437724,212040.5,134.5
1776901765.6452167,25.78048828125,0.00537109375,42.34219250577172,0.1201814163898085,1008.247284521919,0.00319584038152243,41.73453028038,0.026714403354635152,212514.0,608.0
1776901767.689511,25.7925,0.0,42.0086489043983,0.02109621354822977,1008.2812829427489,0.012778535611516872,41.45033789958541,0.1068143566574804,212175.0,135.0
1776901769.717616,25.804609375,0.014062499999999645,42.13665845664504,0.0769893032521125,1008.3482996545474,0.03183480752176138,40.890170592407685,0.26608929200396503,212175.5,269.5
1776901771.7400541,25.85109375,0.00996093750000071,42.07855169781209,0.016968829492629567,1008.4005384147869,0.002391519315096957,40.453541885122036,0.019988529485235773,213531.5,545.5
1776901773.7619917,25.905,0.013671875,42.10272459837823,0.013606244895825625,1008.4410236442277,0.00199147448745407,40.11516825861315,0.016644378442816077,210441.0,795.0
1776901775.7742462,25.98830078125,0.02607421875000071,42.314401382803204,0.12074124718761681,1008.4696172837149,0.03296781228743839,39.87619424171521,0.2755326016414976,207244.0,707.0
1776901777.8137872,26.103046875,0.02460937500000071,42.68119685661466,0.057302358194785796,1008.546214327647,0.04429636121170688,39.2360475171142,0.3701895954012464,204829.0,188.0
1776901779.8724573,26.19044921875,0.01591796874999929,42.82142287754216,0.02544751892285646,1008.5603694301448,0.01996974962639797,39.117747185721186,0.16688751218305597,205459.0,442.0
1776901781.908051,26.176484375,0.018359375000001066,42.36591904865363,0.006979711476148509,1008.4629365383819,0.01502225255387657,39.93202666404143,0.1255510221306082,206410.0,127.0
1776901783.951273,26.10734375,0.018359375000001066,42.40037383537394,0.03115828331817383,1008.4079517792162,0.009545594297378557,40.391580801968544,0.07978244461995132,205711.5,316.5
1776901785.966255,26.005000000000003,0.026953125000000355,42.76687583511951,0.04537302711273483,1008.3687504071083,0.010642048862848696,40.71923261024,0.0889494539357969,205776.5,633.5
1776901788.0020907,25.955,0.012304687500000355,43.02784180909282,0.02567620312502683,1008.3519429156943,0.005257344648214257,40.85971535314668,0.043943065193662534,206861.5,960.5
1776901790.0227242,25.9169140625,0.011523437500001066,43.205530383052654,0.043830314566342565,1008.3726196273485,0.005131119781822235,40.686892259095266,0.04288731338571239,210440.0,530.0
1776901792.0553932,25.8872265625,0.0041015625000007105,42.935299868300426,0.2065730183706549,1008.3913293353223,0.003419269948096826,40.530512488601765,0.028578771299791583,211437.5,334.5
1776901794.071438,25.8020703125,0.03515625,42.350635835672335,0.016061698906693067,1008.403526239179,0.00803561515886031,40.42856961261397,0.06716221950880907,212041.0,269.0
1776901796.1225142,25.628535156250003,0.043066406250000355,42.43976192201119,0.14012106058974183,1008.3733371203807,0.008418236078966856,40.68089540576169,0.07036189686094474,214422.0,619.0
1776901798.1009748,25.48224609375,0.02509765625000071,42.441303432856884,0.0994874633753895,1008.3505532866561,0.010435642097320397,40.87133072769544,0.08722551847339233,215875.0,0.0
1776901800.1674232,25.403339843749997,0.014746093750000355,42.260311914335475,0.028811460852839588,1008.3316449024809,0.005578228626177406,41.029375953346815,0.04662590641939701,215041.5,138.5
1776901802.1572807,25.35705078125,0.00849609375000071,42.412082772520975,0.153016567214177,1008.3298367791515,0.0045166089359440775,41.04448921875414,0.03775235929901655,214283.0,206.0
1776901804.2234547,25.349238281250003,0.0008789062499996447,42.96757996380562,0.05159616590554705,1008.3664703057566,0.006892813752870097,40.7382901818263,0.05761232163261809,214559.0,482.0
1776901806.2453318,25.361835937499997,0.006249999999999645,43.17513072032427,0.04014492022905358,1008.4324317140556,0.028341450163281934,40.18698096442397,0.23687427556432183,214697.0,483.0
1776901808.2715125,25.3954296875,0.007421875000000355,43.23661711777502,0.0069202889530330935,1008.4985697019085,0.03297276124737891,39.63422361021787,0.2755675573962506,213803.5,136.5
1776901810.2890399,25.4446484375,0.01933593749999929,43.36065630149049,0.005261877795778247,1008.4841318305578,0.016197639319500468,39.75488504725352,0.13537221252980913,213463.0,477.0
1776901812.33104,25.52794921875,0.02099609375,43.36721076815615,0.027953368873831153,1008.4380671418974,0.008052131000511054,40.13987839631312,0.06729839354624545,213259.0,544.0
1776901814.3748522,25.61349609375,0.028222656249999645,43.31632736706797,0.04533610230638985,1008.4612866740304,0.010987615907367854,39.945815342061195,0.09183098409391377,213122.0,136.0
1776901816.4051301,25.72921875,0.029492187499998934,43.12324544377647,0.02765583438170438,1008.4492545488625,0.011124279942919202,40.046376496805955,0.09297407664224266,211374.0,936.0
1776901818.4396353,25.86681640625,0.01904296875,42.46993341587461,0.23488968428354795,1008.477044783966,0.03223677485107146,39.814118007434985,0.2694212584154094,211308.0,1002.0
1776901820.4614472,25.899531250000003,0.0015625000000003553,42.4010512088859,0.1841236573635605,1008.3792452013485,0.015735317781150115,40.63151477528221,0.13151942331351307,207539.5,2898.5
1776901822.4900727,25.907246093749997,0.0020507812500003553,42.35350512363476,0.06970400513484876,1008.3150165771349,0.013121541154816896,41.168366054066645,0.10967853065108102,206666.0,383.0
1776901824.5043914,25.91037109375,0.0020507812500003553,42.610789368864474,0.030485305683857433,1008.2716771326258,0.006731328937576109,41.53063171079175,0.056266863286882796,208405.0,195.0
1776901826.5250552,25.92072265625,0.0036132812500007105,42.76329598198718,0.0056431467084294695,1008.2509584113627,0.003296255402631232,41.70381985652236,0.027553702959227877,208538.0,846.0
1776901828.6032972,25.93341796875,0.001074218749998579,42.798058282256726,0.002905839963439405,1008.2413257038922,0.000821160708142088,41.784340824036775,0.006864211204320014,208797.0,587.0
1776901830.6188126,25.93556640625,0.0016601562500007105,42.70141661770067,0.027052801449698904,1008.2347514368826,0.002797749758030932,41.839296322590585,0.023386952685807927,209910.0,264.0
1776901832.6446059,25.9481640625,0.0033203124999996447,42.64837824156798,0.03290757667392796,1008.2313504310798,0.0019439330590103054,41.86772603906885,0.016249771631464682,208535.0,195.0
1776901834.6958895,25.98322265625,0.02158203124999858,42.81285047561288,0.050935339776508215,1008.3399855825771,0.004711340300843858,40.95966015996997,0.039379712707503955,208600.0,0.0
1776901836.7211592,26.096015625,0.02714843749999929,42.84999335937279,0.015071032254692085,1008.3960584878473,0.037431207159386304,40.490990259516956,0.3128544582246562,209713.5,460.5
1776901838.7510536,26.20294921875,0.02900390625000071,42.477757046935324,0.011817163399125974,1008.4124938089528,0.002973175014631124,40.35361813570752,0.02484982060542862,210438.5,132.5
1776901840.755482,26.33771484375,0.03662109375,42.4023930672215,0.029087129503473363,1008.418074868695,0.008502733696559517,40.30697191109171,0.07106559792773481,209912.0,659.0
1776901842.7786183,26.4895703125,0.03769531249999858,42.22927672461854,0.05009258338681377,1008.385363914931,0.006798397305033177,40.580372602641816,0.05682229697883301,208861.0,261.0
1776901844.8084848,26.6262890625,0.03203124999999929,42.030421979814044,0.0718169357496663,1008.3655897399284,0.007735515432045759,40.74565027403424,0.0646559350334357,207629.5,580.5
1776901846.8401284,26.755000000000003,0.032812500000000355,41.74947109926397,0.11984484287259534,1008.3428624723192,0.006496694141844728,40.935613787376425,0.0543024577922786,204891.5,125.5
1776901848.8567061,26.87404296875,0.02587890625,41.50385903824248,0.006120228077467259,1008.3254915311156,0.0021543696923345124,41.08080925769535,0.018007497138636808,201139.5,1270.5
1776901850.9251068,26.973164062499997,0.028710937499999645,41.59030714099179,0.11722235164029371,1008.3563980531551,0.0014869088300315525,40.82247744933052,0.012428155711575073,202538.5,1104.5
1776901852.9491022,27.0751171875,0.023242187500001066,41.379017519656344,0.014641472913496045,1008.3497673101739,0.011862800222274927,40.87790036103979,0.09915437338477417,204016.5,124.5
1776901854.963796,27.17306640625,0.022753906250001066,41.029431411005646,0.1475669129773216,1008.3274845788538,0.020947800817111784,41.064151655355325,0.17509383877038687,204265.5,124.5
1776901857.0094361,27.2508984375,0.018749999999998934,40.63920379484698,0.0668159316447614,1008.2644979229192,0.0072878353777809934,41.590642587625624,0.060919025771628554,201566.5,1458.5
1776901859.0255563,27.30666015625,0.01591796874999929,40.885206070186996,0.019227696818926887,1008.3525401197271,0.026569974925052975,40.85472595192836,0.22208275445874293,201860.0,61.0
1776901861.041486,27.398359375,0.025585937499998934,40.790433283937666,0.021143826244930608,1008.3667415927723,0.011037487887904263,40.73602292861189,0.09225480137894237,202227.5,428.5
1776901863.070723,27.48615234375,0.02177734374999929,40.64730964983896,0.023393636034754195,1008.4624695325322,0.019537228628564662,39.93593026885482,0.16328576123748917,202471.5,61.5
1776901865.0878558,27.54708984375,0.01904296875,40.42647466690349,0.0727152152295325,1008.416066093037,0.019652848102111875,40.32376226586143,0.16425819083622173,202971.5,1294.5
1776901867.125375,27.61076171875,0.01416015625,39.80625448436544,0.21016000669339974,1008.3154642882046,0.027529480543819318,41.16462575477913,0.23010954695757135,201983.5,549.5
1776901869.1413262,27.642597656249997,0.0008789062499996447,39.4729916645322,0.04751789644522476,1008.242266337317,0.015975878803885735,41.77647877904148,0.1335447767482698,201860.0,61.0
1776901871.2048013,27.62619140625,0.0038085937499996447,39.59639674280446,0.23187083231807293,1008.2387213676009,0.034139235159273085,41.806114812259324,0.285375820265827,201922.0,488.0
1776901873.2139602,27.648359375,0.0146484375,39.79532434719431,0.028217105388673502,1008.3000610961082,0.005693913042932763,41.29337415030453,0.047594067564705966,201374.5,424.5
1776901875.226892,27.7141796875,0.01835937499999929,39.43925950698396,0.23605075423049016,1008.2568744018253,0.024439679034003348,41.65436963235673,0.20429256081829905,199872.0,837.0
1776901877.2515128,27.7419140625,0.0009765625,39.12698475247267,0.006045199552765723,1008.2026756167387,0.006150286046477049,42.10742810588313,0.051412801891629556,199457.5,1130.5
1776901879.2986944,27.7341015625,0.0,39.34323461463755,0.2170925564405941,1008.1763607448612,0.007323822104581268,42.3274074543759,0.06122417233767763,198506.5,766.5
1776901881.3213475,27.76681640625,0.01611328125,39.73970320763973,0.06436732467950179,1008.2263043649335,0.04883975535153695,41.90991531508564,0.40826410347539266,198740.0,59.0
1776901883.3447905,27.84591796875,0.022167968749998934,39.8109645884542,0.027403155959053294,1008.3289813321969,0.01372785430504564,41.051640092268386,0.11474521073692401,198799.0,0.0
1776901885.3979528,27.9157421875,0.0,39.03586728838725,0.06235047616578626,1008.2555456946952,0.02838778809558562,41.66547707102937,0.23729526506443932,198563.5,471.5
1776901887.4207964,27.88029296875,0.022167968749998934,38.87476777641042,0.03204024339909495,1008.1673275392934,0.010972534351196828,42.40292187485254,0.09172658732654781,199511.0,238.0
1776901889.4461873,27.737812499999997,0.040429687499999645,38.76462298311268,0.02210709653886056,1008.1228285545424,0.018421205815172925,42.77492535974996,0.15400040509192436,202533.0,0.0
1776901891.4557486,27.60333984375,0.02724609375000142,38.741348227447716,0.011898863160578088,1008.0765142232078,0.010018653007819012,43.162117367773384,0.08375857868538361,203335.5,556.5
1776901893.4838328,27.52375,0.0146484375,38.79208966930486,0.019172928591419947,1008.0334354023548,0.007121936790099426,43.52227372408456,0.059543328223178094,202717.5,61.5
1776901895.5464814,27.47296875,0.01152343749999929,38.8399925761568,0.0017304145397254445,1008.0083762355587,0.005750756470717988,43.731784259309144,0.04808047063075094,202904.0,739.0
1776901897.5479352,27.4301953125,0.01171875,38.853196612235934,0.007636516833006368,1007.9971239706201,0.003321885388345436,43.8258616587178,0.027773608098872415,200528.5,180.5
1776901899.5649195,27.371796875,0.018945312499999645,38.93883388117371,0.03354732543446204,1008.0256557650287,0.003988015832817382,43.58731587864708,0.03334222509738538,200588.5,120.5
1776901901.6069667,27.286640624999997,0.021093750000000355,39.01273064339153,0.002261983650683419,1008.0101398782052,0.0010519612633288489,43.717038838235396,0.008795142211120321,201254.5,666.5
1776901903.616985,27.20890625,0.019335937500001066,39.007363315946684,0.005037314839540841,1007.9891752593637,0.003714525379280076,43.89231943830181,0.03105658950190815,201072.5,604.5
1776901905.6357348,27.12736328125,0.022167968749998934,38.93342419870787,0.040896286685693894,1007.980343055402,0.00462617186855141,43.96616445824927,0.038679003468089945,200651.5,782.5
1776901907.675002,27.058613281249997,0.013574218749999645,38.80167335427361,0.03993690791693183,1007.9747254269128,0.006473865283567193,44.01313311546012,0.05412764480585963,200593.0,963.0
1776901909.6951063,27.00138671875,0.014355468749998934,38.63875040316721,0.03701426023724608,1007.9785158435868,0.0011905424640303863,43.98144155463662,0.009954032188279172,200829.5,241.5
1776901911.7311454,26.9524609375,0.01054687499999929,38.50644752018633,0.03361947127815057,1007.9910987159003,0.0012874988906332874,43.87623767838333,0.010764568463020652,201071.0,0.0
1776901913.7763114,26.90275390625,0.015527343749999645,38.38600470362397,0.03706715346509171,1007.9978375893468,0.0014853512807917468,43.81989520974908,0.012418712835611245,201435.0,364.0
1776901915.8017523,26.845625,0.01171875,38.29733910338945,0.018936674025457734,1007.9871150076581,0.0024352960534201884,43.90954488160402,0.020361178694230375,201496.0,425.0
1776901917.8280342,26.79865234375,0.011621093750001421,38.23340155633636,0.01301774839695824,1007.9726414130663,0.005022372359917426,44.030557403417184,0.04199185963289409,201924.0,732.0
1776901919.8594873,26.750507812499997,0.011132812499999645,38.19885682779544,0.0011688645476333193,1007.9654115043112,0.0014948990957464048,44.09100648718265,0.012498865689739349,202719.5,676.5
1776901921.8867707,26.711054687500003,0.009375000000000355,38.19176748873937,0.00393175611394625,1007.9612171538688,0.0014047092165014874,44.12607554969368,0.01174482681659228,202842.0,554.0
1776901923.937217,26.67033203125,0.01123046875,38.18749471361956,0.004125740352133533,1007.9732486730961,0.00382754524792972,44.02548009169499,0.03200194109051324,202902.5,369.5
1776901925.9911003,26.634394531250003,0.009667968749999645,38.20141065289701,0.00782891863967805,1007.9865900807654,0.0008612345428673507,43.91393370737463,0.007200667777034653,203396.0,371.0
1776901928.016305,26.59357421875,0.01142578125000071,38.226606406231106,0.007645078666421057,1007.9783420679462,0.001061169963179509,43.98289447826576,0.008872360089942077,203954.0,62.0
1776901930.0385187,26.5430859375,0.01171875,38.321567088792946,0.04301115798295285,1007.9755142465101,0.0015360867923845944,44.00653770584917,0.012843132187175144,203581.5,185.5
1776901932.0827334,26.50646484375,0.00732421875,38.547937309937794,0.06715824743176313,1007.9676275154427,0.0017606453517373666,44.07247841623369,0.014720746481955871,203214.5,926.5
1776901934.106327,26.4815625,0.0066406249999992895,38.77582919603081,0.03774506148582546,1007.9676706302166,0.0029959268661627902,44.0721179535751,0.02504892783110435,202289.0,490.0
1776901936.1293032,26.455683593750003,0.005761718749999645,39.06023636260025,0.08826868949461897,1007.9725317277386,0.003498830818557508,44.03147443461177,0.029253590738242963,202227.5,428.5
1776901938.173207,26.4329296875,0.0046874999999992895,39.4345129154669,0.10343113115950331,1007.967811398861,0.0024897949489286475,44.07094097846542,0.020817159338001545,203643.0,124.0
1776901940.1859834,26.401484375,0.01152343749999929,39.79080859822098,0.07017626111145603,1007.9856144892045,0.002141960330504844,43.922090515122804,0.01790866024267146,202415.0,981.0
1776901942.2141008,26.352167968750003,0.013574218749999645,40.09225576285613,0.07305458646044372,1007.9691036635111,0.008192613708899898,44.06013657234152,0.06849831870515999,203087.5,308.5
1776901944.2315762,26.3036328125,0.008203124999999645,40.36444267857745,0.07673994188079192,1007.955671707298,0.004097862539481412,44.17244139096621,0.03426253610048846,203459.0,557.0
1776901946.2516332,26.27765625,0.0056640624999992895,40.627555521367455,0.062182960454858716,1007.9749685431319,0.0009105035883294477,44.0111002958634,0.007612670797659149,202533.0,0.0
1776901948.2850373,26.25578125,0.005859375,40.88553718843485,0.05326910887623981,1007.9844365868321,0.0015081430405530227,43.93193880522909,0.012609405729804735,202840.5,61.5
1776901950.303942,26.239765625,0.00390625,41.09356662205455,0.04155388033381868,1007.9951344627316,0.008312046492278569,43.842495737775366,0.06949544121149032,202595.5,552.5
1776901952.3415022,26.22931640625,0.002050781249998579,41.2394221662054,0.02678715189221137,1007.998370789468,0.0021715869915510666,43.81543724392037,0.01815617897775823,202227.0,306.0
1776901954.3717186,26.223164062499997,0.0015625000000003553,41.34383103944481,0.03586870421191435,1007.9975786145964,0.0006941292525652898,43.82206043815793,0.00580347138260251,201192.0,121.0
1776901956.3948133,26.22111328125,9.765625000035527e-05,41.50587589675316,0.0421020759100017,1007.9887899477851,0.0001575508950963922,43.895540924862125,0.0013172598085375853,198754.5,1713.5
1776901958.41827,26.22501953125,0.0006835937499989342,41.7108892151377,0.06028182401309934,1007.9914385752148,0.000723851501675199,43.87339616660794,0.006052002821938629,195200.0,342.0
1776901960.4491673,26.23009765625,0.0012695312499992895,42.00673489029959,0.07251881037035446,1008.0032846525146,0.002048167837131132,43.774353554892656,0.017124229970676197,192891.0,278.0
1776901962.510429,26.23263671875,0.0002929687500010658,42.272606409820554,0.06037621050872488,1007.9991607172483,0.001386014237937161,43.80883281773669,0.011588164183990557,194461.5,56.5
1776901964.5629764,26.23576171875,0.00244140625,42.4331165143744,0.03353517222670632,1007.9941552607387,0.0015414855312201325,43.85068243875614,0.01288807774015055,194575.0,57.0
1776901966.6021333,26.24298828125,0.001855468750001421,42.51558879554865,0.012311179132911576,1007.9939399815324,0.0015734891502461323,43.852482349196706,0.013155656402332738,195600.0,286.0
1776901968.6174526,26.251582031250003,0.0018554687499996447,42.51051830389232,0.0058382003908192814,1007.9950167148775,0.0002532015288920775,43.843479973461235,0.002116970067596924,196231.0,115.0
1776901970.6421075,26.25578125,0.00019531249999893419,42.450511862314045,0.02416810745292608,1007.9917438420525,0.006992077716517997,43.87084404373398,0.05845959232771847,199512.5,595.5
1776901972.6809375,26.25314453125,0.0008789062499996447,42.38672264738332,0.0029226668667412525,1007.9774428258612,0.003149073240024336,43.990413004108945,0.026329177123852077,198268.0,59.0
1776901974.695082,26.259296875,0.0007812499999992895,42.39346808435444,0.00915720283649435,1007.9681866264002,0.0042200794190989654,44.067803742919736,0.03528404587697764,198622.0,177.0
1776901976.6964664,26.2659375,0.002343750000001421,42.385155110517736,0.005778730616704308,1007.9569775259652,0.003526381599670003,44.16152333422605,0.02948431016289632,200288.0,300.0
1776901978.7661786,26.2704296875,0.0,42.34637594181684,0.009065924792032831,1007.9496096180123,0.0036536614033479964,44.223127086090976,0.030548685842703094,200528.5,180.5
1776901980.7825673,26.2721875,0.0013671874999996447,42.340532272085326,0.014954001689982732,1007.9542720917971,0.004032333309112346,44.184143685951575,0.03371467919618709,201011.0,302.0
1776901982.8192067,26.27853515625,0.0010742187500003553,42.32312394076287,0.02127318324350469,1007.9590313397263,0.0019208226894988911,44.14435124610815,0.01606009925705365,196462.0,231.0
1776901984.841529,26.28400390625,0.0006835937500007105,42.45674862997623,0.00914996182822847,1007.9532383524702,0.00620474473583954,44.19278694600658,0.05187843760449695,198328.0,471.0
1776901986.8765633,26.28400390625,0.0022460937499992895,42.511189989514484,0.008818928188468078,1007.9441040104794,0.0017963591282637026,44.26916017565736,0.015019632997599786,198563.0,236.0
1776901988.9071093,26.27736328125,0.0012695312499992895,42.51648268384551,0.0031698500238483973,1007.9388724250216,0.002047917739730565,44.312902355759505,0.017123024924647012,200533.5,1022.5
1776901990.9188883,26.27267578125,0.0008789062499996447,42.45243513157935,0.018243517906331164,1007.9395316455604,0.00314929283604215,44.307390509681554,0.02633181505732196,201131.5,60.5
1776901992.9600897,26.26466796875,0.0026367187500007105,42.42128642578879,0.005746502294559973,1007.9485357148878,0.0033400680268300675,44.232106110908916,0.02792671942186331,201256.5,908.5
1776901994.9797752,26.2567578125,0.0017578125000010658,42.42340936065948,0.0028232410872099933,1007.9458226540057,0.0008179136174248924,44.25479033600442,0.00683869121870373,201010.5,181.5
1776901997.014648,26.249140625,0.0017578124999992895,42.44370657036992,0.0002001313598114507,1007.9508890862636,9.555516203363368e-05,44.212429264664635,0.0007989469479916522,201132.5,544.5
1776901999.0396023,26.2471875,0.0,42.44348431194242,0.006047257094181191,1007.9404312431111,0.004566912342454543,44.299868849005975,0.0381847641761901,201133.5,665.5
1776902001.0618854,26.245625,0.0007812499999992895,42.43423572620941,0.002934525406814714,1007.9306035888009,0.0003469166784952904,44.38203986465438,0.002900654785726431,200890.0,302.0
1776902003.0869575,26.24552734375,0.0006835937499989342,42.452366317431,0.00294594244914137,1007.9505404094857,0.005290881441567308,44.21534468294799,0.04423763898591915,201010.5,60.5
1776902005.1396582,26.24005859375,0.001074218749998579,42.442672726860735,0.00616945631658794,1007.9471984104773,0.0026463208328664223,44.24328746955999,0.02212623760761545,201677.5,121.5
1776902007.179737,26.23576171875,0.001660156249998934,42.439160199783075,0.009259476945253198,1007.9448334587557,0.004504933869782235,44.26306120632556,0.03766641797168191,201010.5,60.5
1776902009.1936607,26.2337109375,0.00019531250000071054,42.41776385540193,0.012114638998692584,1007.9406117243129,0.0024250086810297944,44.298359763479525,0.02027592479152318,201677.5,243.5
1776902011.2352223,26.23419921875,0.00029296874999928946,42.41781897141561,3.333513329550897e-05,1007.9441395247354,0.0041260815460191225,44.268863281878055,0.03449879692324842,202105.0,428.0
1776902013.2255163,26.23341796875,0.00146484375,42.402615270358964,0.0028562017020625774,1007.952926190817,0.003276507473287893,44.1953968651982,0.02739518519629769,201861.5,548.5
1776902015.2903736,26.230390625,0.0009765625,42.402270928255675,0.003133890384077631,1007.9526091500385,0.0020780019372068637,44.19804765156226,0.017374372826704843,202534.5,613.5
1776902017.2911847,26.22541015625,0.001855468750001421,42.39565899024667,0.0032336875785468067,1007.9445744400936,0.0011666171376418788,44.26522683628927,0.009754260357059508,202964.5,431.5
1776902019.3861818,26.221210937499997,0.0015625000000003553,42.39518140564649,0.0028449465196231927,1007.9405401228106,0.00021934327980943635,44.29895841668325,0.0018339679113275054,202410.5,245.5
1776902021.38998,26.216425781250003,0.0010742187500003553,42.433935849760125,0.005924391033573784,1007.9437805738291,0.0010070246040640995,44.27186447180117,0.008419888685779142,201497.0,668.0
1776902023.3974864,26.21466796875,0.0006835937500007105,42.451876547923064,7.78200715068067e-05,1007.9418581064931,0.0007238593168494845,44.28793852972356,0.006052309209927387,202044.5,488.5
1776902025.42892,26.215937500000003,0.0005859375000003553,42.44899747769126,0.0029568903033094784,1007.9594329507719,0.001794732937810295,44.140993354058985,0.015005851387492442,201982.0,61.0
1776902027.4588587,26.22189453125,0.001660156249998934,42.44665199025141,0.00018898360066543773,1007.950776392782,0.0018884733164554746,44.21337151892358,0.015789729158576904,201678.5,486.5
1776902029.5096104,26.229511718749997,0.0018554687499996447,42.44449556770501,0.003234789629694035,1007.9530179918559,0.006646762453954125,44.19462942047561,0.055574197965626126,200650.0,542.0
1776902031.5492382,26.23419921875,0.0008789062500014211,42.460147828814186,0.00010008505830327863,1007.9596667137725,0.0031489291637285532,44.13903887264668,0.02632834846599863,201738.5,304.5
1776902033.5652745,26.23927734375,0.0022460937499992895,42.454678493814384,0.005791835373514687,1007.953245040952,0.0009433962396769857,44.19273089669622,0.007887822108404663,201071.5,362.5
1776902035.5820386,26.2442578125,0.0009765625,42.46129330368456,0.00011121666464930513,1007.9512325269528,0.0002513518073783416,44.209557720842376,0.0021015788101124144,202594.5,184.5
1776902037.6095362,26.24982421875,0.00146484375,42.45587950918436,0.005880913412333655,1007.944684777287,0.001449690318509056,44.26430429304173,0.012121076482475956,201196.5,968.5
1776902039.6766686,26.257441406250003,0.0020507812500003553,42.44465167446934,0.0002335057173752375,1007.9460120371708,0.006048471183135007,44.25320699736008,0.050572113721230494,202165.5,244.5
1776902041.6882243,26.2673046875,0.003124999999998934,42.44275105918463,0.0026678715046841717,1007.9509623435004,0.001352725674564681,44.21181675919112,0.011310283628990447,201316.5,848.5
1776902043.7043772,26.27775390625,0.0018554687499996447,42.44696472439284,0.00021130942765879013,1007.9376756826639,0.00431429710363318,44.32290859665579,0.03607268320766721,200956.0,1087.0
1776902045.7736864,26.285761718750003,0.0010742187500003553,42.438805357488555,0.0029013885081639046,1007.933238034995,0.0008193892792860424,44.36001264398293,0.006851098695651814,202047.0,855.0
1776902047.7733173,26.290644531250003,0.0008789062499996447,42.406103893241685,0.011992551449836242,1007.9274128683612,0.0022360229307309964,44.40871830541904,0.018695979873943003,203396.0,371.0
1776902049.791441,26.30001953125,0.002636718749998934,42.33765244262631,0.020853919996909553,1007.9260933232554,0.0012275437488256102,44.41975136561278,0.010263829243481126,202964.0,308.0
1776902051.8201754,26.31046875,0.0025390625000003553,42.27236853204256,0.014815782007794098,1007.936554360611,0.012316898454287184,44.33228464119477,0.10298409349296378,203582.0,434.0
1776902053.8874226,26.32140625,0.0029296875,42.23132300525831,0.008727951521009913,1007.9423218434963,0.0010717734145941904,44.28406114964697,0.008961274020812482,203212.5,679.5
1776902055.8992972,26.3329296875,0.0009765625,42.214510393756434,0.008948819741497971,1007.9325911314927,0.0006616997786181855,44.36542155078904,0.005532624066756142,203646.0,744.0
1776902057.9387016,26.34396484375,0.0028320312499996447,42.173488840765536,0.014774829216626983,1007.9348611257496,0.0009139614456898926,44.34644162525501,0.007641827960359393,203037.5,1603.5
1776902059.9528122,26.35626953125,0.00341796875,42.11451023949925,0.02074005440205795,1007.9391783917185,0.00459954819422137,44.31034416800932,0.03845767702895486,202964.0,308.0
1776902061.9791346,26.3641796875,0.0025390625000003553,42.08220872499309,0.01781828269162844,1007.9491966295625,0.005922527640166209,44.226580203855015,0.04951895545867302,203581.5,185.5
1776902064.023207,26.374921875,0.0015625000000003553,42.04721561054622,0.006210780344506617,1007.9656099453813,0.010742336509565575,44.089347699644264,0.08981676436213704,202232.0,1040.0
1776902066.0364268,26.386835937500003,0.0025390625000003553,42.048563258347755,0.0057469666205882675,1007.9711233488156,0.0022682471019948025,44.043249819783284,0.01896474877545984,202349.5,306.5
1776902068.063855,26.3926953125,0.00019531250000071054,42.01905750894576,0.006011097435539625,1007.9604753709692,0.006993673390638833,44.1322777840125,0.05847440221899447,202472.0,307.0
1776902070.109413,26.3911328125,0.0017578124999992895,41.952532049524805,0.030352272016713755,1007.9497329012631,0.0019216214151356326,44.22209626818507,0.016066897454468432,204329.5,562.5
1776902072.138745,26.389765625,0.0,41.84687173063873,0.021094188572668315,1007.9457005774652,0.0045679144238306435,44.255811103071736,0.03819298108924585,204892.0,251.0
1776902074.119565,26.3903515625,0.0009765625,41.777641729603715,0.011938901407614111,1007.9448184726223,0.0011656424923671693,44.26318644401201,0.009746109292802174,203213.0,803.0
1776902076.1606028,26.39328125,0.0,41.71472669903431,0.00903321939585311,1007.9394943388277,0.0018271753295948656,44.307702416026856,0.015277348534187496,204142.0,499.0
1776902078.1857445,26.396796875,0.0007812499999992895,41.691034660155005,0.002922874847406831,1007.9415103166609,0.004914443246491373,44.29084653862567,0.04109049609389004,204459.0,1063.0
1776902080.1995225,26.395625,0.0017578124999992895,41.69391412567992,0.012240345571058242,1007.9359658304211,0.0008192113375002918,44.33720495576195,0.0068495958769290155,204956.0,566.0
1776902082.2551348,26.392109375,0.00019531250000071054,41.62729778421158,0.0180349633047463,1007.9385178126045,0.00305577705489668,44.315867354490855,0.02554993326591415,205527.5,1137.5
1776902084.2738094,26.39240234375,0.0016601562500007105,41.55211034443269,0.014854541559348178,1007.9325952272566,0.000976699426473715,44.365387306902136,0.00816640855887485,205965.0,190.0
1776902086.292936,26.3962109375,0.00019531249999893419,41.50441350467885,0.00899992998634147,1007.9314293405141,0.00031501527092814285,44.375135555816975,0.002633917607134606,206028.0,127.0
1776902088.323923,26.4001171875,0.0,41.498836168023686,0.0030071817713697158,1007.9295072759951,0.0009135970125839776,44.391206409290675,0.007638813712546266,204894.0,628.0
1776902090.3418796,26.40177734375,0.0002929687500010658,41.511051231448015,0.0029746049096601723,1007.9285304905738,0.00044108103946882693,44.3993735581865,0.0036879920683823286,204516.0,250.0
1776902092.3672078,26.3969921875,0.0029296875,41.492472393370235,0.009349089740744887,1007.9381709036941,0.00806504409996478,44.31876811337128,0.06743338674955979,205712.0,443.0
1776902094.4394603,26.385859375,0.0,41.42508636430246,0.015028885766088962,1007.9348322515128,0.005481462718307739,44.34668314705927,0.04583168823644357,206538.0,383.0
1776902096.4499376,26.382734375,0.0,41.36463241815717,0.0090139906518516,1007.9307055000963,0.0009135726244267062,44.381187761941135,0.007638602442220588,207113.0,64.0
1776902098.4887803,26.38419921875,9.765625000035527e-05,41.334751747495226,0.0030150231530754468,1007.9230188332411,0.0038118066391916727,44.44545809354848,0.031871637266991826,205522.0,379.0
1776902100.555691,26.3864453125,0.0011718749999989342,41.350023860698045,0.006139630365961324,1007.9101971322141,0.001764233980395602,44.55266462351312,0.014751431531642822,205967.0,698.0
1776902102.5821173,26.38771484375,0.00048828125,41.37720769205363,0.008960213825623953,1007.9104175622284,0.0007875302867432765,44.550821516089485,0.006584839187226521,205712.0,443.0
1776902104.5966792,26.38654296875,0.00029296874999928946,41.43418012864883,0.01205653613559221,1007.9140089547378,0.0004725205282056777,44.52079256424194,0.003950911813134894,205269.5,252.5
1776902106.6222467,26.3883984375,0.0,41.46444954520259,0.0060130085854339654,1007.920655906814,0.0018271606486450764,44.46521519807042,0.015277456984513549,206537.5,127.5
1776902108.6597893,26.381953125,0.0048828125,41.493795813857524,0.0005465063560095018,1007.9175689698047,0.004221129981090144,44.49102611663149,0.03529426472732666,206733.5,958.5
1776902110.6844003,26.37140625,0.0005859374999985789,41.49261540850368,6.557394804929118e-05,1007.9151750221205,0.0008820526447834709,44.511042667497804,0.007375148256432595,206985.0,64.0
1776902112.7094228,26.3700390625,0.0011718749999989342,41.51351291003076,0.014905371894720076,1007.9157105528953,0.0046307874080184774,44.50656497921739,0.03871960385436424,207117.0,834.0
1776902114.7068148,26.3692578125,0.0009765625,41.5555327113949,0.0089148026401773,1007.9089691561769,0.007969966568225573,44.56293240630272,0.06663998847135844,206988.5,833.5
1776902116.725607,26.36994140625,0.0012695312499992895,41.561625382458466,0.0031504528486649974,1007.9100717104229,0.0011340693266106427,44.553713316745416,0.009482386064270543,206857.0,320.0
1776902118.7946591,26.3770703125,0.0009765625,41.670776209541955,0.08138513847569229,1007.914261402917,0.0006615231841351488,44.51868175636574,0.005531228965043766,192557.5,55.5
1776902120.7857203,26.384882812500003,0.0033203124999996447,42.08758393489069,0.06978521281355654,1007.9186399063776,0.0019533345916897815,44.482071618348286,0.016332462913769774,190953.0,4361.0
1776902122.807445,26.392890625,0.0005859374999985789,42.50247345770076,0.1150296969264808,1007.9141974570588,3.144727702419914e-05,44.51921642881716,0.0002629418034487685,192584.5,3992.5
1776902124.8759477,26.39826171875,0.0016601562500007105,42.717986248934,0.009277967013989752,1007.9091563600155,0.000850376653886542,44.561366911451955,0.007110328683204159,199695.0,1014.0
1776902126.872553,26.409296875,0.0037109374999992895,42.64959188673952,0.023799885885544825,1007.9141637205346,0.006805442211941681,44.519498667371984,0.05690271021119031,202970.0,1171.0
1776902128.9427538,26.422578125,0.0005859375000003553,42.51490323120295,0.03926713717915575,1007.9090889408726,0.0018586220440965917,44.561930638214086,0.01554065987983222,204766.5,376.5
1776902130.9568472,26.43107421875,0.0028320312499996447,42.3434933952634,0.03594932688063324,1007.9109140441421,0.0027401507057902563,44.546670266614015,0.02291142937459867,204578.0,188.0
1776902133.009791,26.440546875,0.0009765625,42.20860390828198,0.02707126325224607,1007.9134001876922,0.0020796522370574166,44.52588269655437,0.01738871883573978,204703.5,313.5
1776902135.0088615,26.44572265625,0.0010742187500003553,42.112570829588215,0.027044954636401997,1007.9071289214152,9.488538705682004e-05,44.578319122527716,0.0007933747750037412,204453.5,187.5
1776902137.0850685,26.451191406249997,0.0020507812500003553,42.03472566465868,0.02088789088031362,1007.9049845746762,0.00034732496874312346,44.596248881461705,0.002904128368207637,204329.0,437.0
1776902139.0729685,26.457636718750003,0.0020507812500003553,41.93893333564956,0.020876351528009707,1007.9007602822035,0.0033073072458478237,44.631570042175554,0.02765386382721502,204703.5,313.5
1776902141.1377244,26.46623046875,0.00244140625,41.86754715496029,0.008767112072252559,1007.9018278232852,0.0015449026616920492,44.62264383247057,0.01291760577881007,204271.5,1123.5
1776902143.1749127,26.46125,0.0048828125,41.8368490102219,0.02767278412131091,1007.9047600037923,0.0030896506457338546,44.59812664375202,0.025833857376703406,206543.5,1148.5
1776902145.1907897,26.441328125,0.003710937500001066,41.75627082073022,0.021501927183621206,1007.9119191550328,0.0022380515204645235,44.53826615189078,0.018713174363288232,206730.5,575.5
1776902147.2082927,26.43283203125,9.765625000035527e-05,41.704117748637614,0.012055206004049523,1007.9110080805365,0.0010711397779346044,44.54588397166374,0.008956201374889616,207242.5,449.5
1776902149.2328048,26.430781250000003,0.0015625000000003553,41.74002843034565,0.04198801322968393,1007.9058733492475,0.002048247170137074,44.58881748434788,0.017126233354929354,203717.0,1552.0
1776902151.2474458,26.42208984375,0.00146484375,41.826406137059095,0.0028481737300758425,1007.9046469301527,0.0003784055870141856,44.59907206806493,0.0031640071899765587,205269.0,0.0
1776902153.2827628,26.41994140625,0.00048828125,41.832190609145975,0.0030683468427383787,1007.9002683479966,0.0007874907756217908,44.6356832885801,0.006584562503665126,205711.5,189.5
1776902155.3232172,26.417011718749997,0.0010742187500003553,41.80474338262013,0.012172235119141561,1007.9037659811946,0.0010083682755066548,44.6064380558528,0.008431394354850852,206473.5,63.5
1776902157.362727,26.41388671875,0.00048828125,41.765229541475954,0.009091195088451798,1007.9087757841191,0.0007875033003870158,44.56454905411523,0.00658462222504852,207178.0,257.0
1776902159.378465,26.412421875,0.001562499999998579,41.725912249037094,0.006198429273116091,1007.9155494047841,0.0011344238452579702,44.507912326308116,0.009485308590342356,207177.0,0.0
1776902161.4271975,26.410859375,0.0,41.68659349222123,0.0030106407061083473,1007.9239927235767,0.0,44.437315064186755,0.0,206474.0,191.0
1776902163.4504507,26.4102734375,0.0009765625,41.68351742859777,0.011932603650475215,1007.9193932525518,0.002079413971841859,44.475772650704684,0.017386642904366312,205403.0,1262.0
1776902165.4719799,26.40919921875,0.00048828125,41.76169152643314,0.02415091650096457,1007.9140062873232,0.0007875119489426652,44.520814868774124,0.006584666873973077,203767.5,248.5
1776902167.5058498,26.411640625,0.00019531250000071054,41.85837861989649,0.02413211148477501,1007.931648043415,0.006080283510527806,44.37330705283411,0.05083868766449129,204829.0,188.0
1776902169.5528524,26.41193359375,0.00048828125,41.906637526102685,0.012003454035941274,1007.9156755156821,0.00012610270641744137,44.506857865428444,0.0010543880667874816,205585.0,190.0
1776902171.5964599,26.408710937499997,0.0025390625000003553,41.94245280364211,0.00028669976103401495,1007.910477926087,0.002300209738166359,44.550316806691214,0.0192329244226066,205269.5,252.5
1776902173.6130662,26.4055859375,0.0,41.93908474609313,0.003015198149100229,1007.9136603277277,0.0018272085796411375,44.52370756925452,0.015277943609561362,204892.0,251.0
1776902175.6343186,26.406269531249997,9.765625000035527e-05,41.94519244307828,0.0030263391971985243,1007.9101948231882,0.001071107538052729,44.552683923554596,0.008955937657336932,205522.0,253.0
1776902177.6704624,26.408320312500003,0.0015625000000003553,41.96954861922655,0.00922380885886298,1007.9180704111883,0.000692834563778888,44.48683334188932,0.005793016742426715,204520.5,1001.5
1776902179.6831832,26.41193359375,0.00048828125,42.02726812938985,0.024189821813923373,1007.9156755170941,0.0017011238101645176,44.506857863287536,0.014223680788120419,202840.5,61.5
1776902181.71747,26.417890625,0.0025390625000003553,42.09130707148298,0.015377589351423637,1007.9124924203479,0.004127582270257335,44.533472910618784,0.034512222107270674,203705.0,62.0
1776902183.743994,26.425312499999997,0.0015625000000003553,42.11931169432408,0.006214150515727823,1007.899794428424,0.001134574168418112,44.63964594503643,0.009486685560808894,204329.0,437.0
1776902185.7612035,26.42853515625,0.0008789062500014211,42.12269555925083,0.00895628241219626,1007.8922009380728,0.0032447289316337447,44.70313876218849,0.027130805322943985,204581.0,814.0
1776902187.807665,26.43341796875,0.0016601562500007105,42.12023051777409,0.01226254412222616,1007.9037302663403,0.0009771398336511083,44.606736682676775,0.008170280359365734,200770.0,422.0
1776902189.8418968,26.443964843750003,0.0038085937499996447,42.22409367749295,0.024596721155141665,1007.893330086456,0.002994374776847053,44.69369738550193,0.025037446009733344,201192.5,363.5
1776902191.8643804,26.45548828125,0.002636718749998934,42.30395504068035,0.012387991476227711,1007.8945544455344,0.00031613183574563664,44.68345988996234,0.0026433317728375982,202472.0,184.0
1776902193.8925655,26.46759765625,0.003808593750001421,42.36578685437014,0.024619301057086318,1007.8866725312644,0.00025385425317381305,44.74936461065599,0.0021226121054205294,199811.5,776.5
1776902195.9088862,26.47931640625,0.0022460937499992895,42.43969395045468,0.006305331125425084,1007.8845557169295,0.0018601094787413786,44.767064461624585,0.015553403434434898,201740.0,548.0
1776902197.931544,26.490546875,0.0029296875,42.450048945381994,0.003359036487278644,1007.8980977915737,0.0016715445391923822,44.65383230452824,0.013976555698864246,201983.5,549.5
1776902199.9650052,26.506953125,0.0048828125,42.445870960218464,0.0035818687618274225,1007.8925740274525,0.0023915160489877962,44.700019159153754,0.01999665866551581,201677.5,121.5
1776902202.0102587,26.52716796875,0.0045898437500007105,42.469353866202674,0.012625275429492433,1007.8986729872634,0.0010049878841300597,44.64902282289896,0.00840316385173523,203519.5,123.5
1776902204.0283182,26.54181640625,0.00439453125,42.44682469657715,0.017648467064830697,1007.8930531015766,0.001137867831175754,44.696013367330565,0.009514276885926876,204205.5,686.5
1776902206.0600922,26.5551953125,0.0017578124999992895,42.366695618953514,0.027012118236175553,1007.8817296893974,0.003562259019247449,44.79069449758923,0.02978608414299444,203584.0,682.0
1776902208.0929196,26.56173828125,0.0012695312500010658,42.22841376276646,0.03913041327332678,1007.8886248336269,0.004788559190558317,44.73304044892569,0.04003965913984331,205840.0,697.0
1776902210.109099,26.56837890625,0.0012695312499992895,42.07214138362254,0.03909444735237244,1007.8883666940202,0.004349753709107063,44.735198876550825,0.036370583517058463,205842.5,950.5
1776902212.1350172,26.579707031250003,0.004785156249999645,41.94971450140621,0.029620554377203234,1007.8801312755543,0.0004049333172702063,44.80405971602721,0.003385883307476689,205902.5,380.5
1776902214.2021892,26.59884765625,0.00537109375,41.89759236736833,0.005423767375344113,1007.8863196109312,0.002263219232247593,44.75231558500609,0.018924000066363078,204642.0,501.0
1776902216.2250307,26.62296875,0.006640625000001066,41.88222615022355,0.000750200004056012,1007.8804309909142,0.0015678625484838449,44.8015536293517,0.013109808765872089,203521.5,619.5
1776902218.2564662,26.648359375,0.005859375,41.86097454064095,0.011397653585429879,1007.8838977908185,0.003049429738382514,44.77256576654031,0.02549798093732747,204328.0,62.0
1776902220.2777212,26.66984375,0.005664062500001066,41.82421256715502,0.026489241291692167,1007.889289844166,0.0009061693145895333,44.7274798736626,0.007576953661111219,203706.0,310.0
1776902222.2849476,26.69357421875,0.005957031250000355,41.79072054075576,0.00836921660011214,1007.8946453860312,0.003205992183950457,44.68269952652868,0.02680685531412408,203705.0,62.0
1776902224.295619,26.712031250000003,0.0033203124999996447,41.73253705237944,0.020715452747278817,1007.9042935921352,0.008095108330223866,44.60202669486143,0.06768660162582307,203582.0,310.0
1776902226.360252,26.72541015625,0.00341796875,41.65572757493449,0.014672666944797186,1007.9075819780094,0.0008880025523012591,44.57453093794288,0.007424942787444877,204144.5,872.5
1776902228.3991501,26.73771484375,0.00341796875,41.61796683582152,0.01165890410004522,1007.8999972390134,0.0009398930303063935,44.63795015314658,0.007858867613038,203086.5,61.5
1776902230.4156141,26.74865234375,0.0026367187500007105,41.60113250443525,0.005724641450115087,1007.8984342645323,0.0024225245646221083,44.65101890946812,0.020255840969969796,203210.5,308.5
1776902232.4433444,26.76203125,0.0037109374999992895,41.548454124143134,0.011621815402843794,1007.8989782188801,0.0004163682077091835,44.646470639097814,0.003481444374056508,202537.5,981.5
1776902234.474988,26.77921875,0.005273437499999645,41.53232739141389,0.000592463675264554,1007.9047469920489,0.003930475269157796,44.59823546018956,0.032864343006917096,201012.5,664.5
1776902236.499988,26.80021484375,0.004785156249999645,41.6009126277755,0.018603357631207018,1007.9093410369601,0.0023419329788225696,44.559822772070575,0.01958180611381266,195928.5,2870.5
1776902238.5216625,26.817109375,0.004296874999999645,41.82881705981195,0.09998177174983523,1007.9073217640746,0.0013011127899744679,44.57670669348982,0.010879124189564493,187536.5,736.5
1776902240.5892684,26.83546875,0.0041015625000007105,42.289830600243874,0.10628879219155252,1007.9049197307188,0.0007021460920100253,44.59679106999752,0.005870935504038499,186383.5,103.5
1776902242.6213207,26.852558593749997,0.004980468750000355,42.6519485463767,0.061173353006644504,1007.9068692847601,0.0007142588456190424,44.58049005064346,0.005972205921423779,186488.0,208.0
1776902244.6449213,26.8708203125,0.0035156250000003553,42.881464682066124,0.06412556141689052,1007.911620844623,0.0007330031022547701,44.540760420554086,0.006128910806118881,183787.0,795.0
1776902246.677928,26.88380859375,0.0022460937499992895,43.144110837570544,0.027612003146046504,1007.9087854065741,0.0009509923540917953,44.564468597971285,0.007951617906286401,190123.0,2379.0
1776902248.6901488,26.89298828125,0.0028320312499996447,43.020629344151914,0.07255788348681591,1007.9098674520283,0.0009209445830151708,44.555421197737616,0.007700370080421237,195257.0,285.0
1776902250.717399,26.90451171875,0.0030273437500003553,42.730670618345954,0.08453995129242742,1007.9010122974651,0.0006063401616529518,44.62946279542514,0.005069878188106003,197917.0,410.0
1776902252.725656,26.917011718749997,0.0028320312499996447,42.401959863497,0.0692706784635817,1007.9019591353914,6.996180673013441e-06,44.62154586664984,5.849811586955411e-05,199037.0,474.0
1776902254.7982223,26.925703125,0.0015625000000003553,42.10970216361613,0.07835804350958853,1007.9040814702721,0.0025183868202134363,44.603800136236366,0.0210572938044038,200291.0,780.0
1776902256.820252,26.931953125,0.001367187500001421,41.823696777741745,0.0752317472621904,1007.9114119906299,0.0005394441297426056,44.542506725575564,0.004510493204140431,202165.5,244.5
1776902258.8495169,26.94015625,0.0023437499999996447,41.55946413762372,0.056939547032481386,1007.9072607591775,0.0035373175992390316,44.577216816173994,0.02957692802522871,202411.0,368.0
1776902260.8817732,26.951679687499997,0.0015625000000003553,41.45540782615594,0.00017551373783675217,1007.9102893201643,0.00022479406032971383,44.551893794732294,0.0018795885258242606,199691.5,656.5
1776902262.9152915,26.956562499999997,0.0013671874999996447,41.41083115406346,0.026919242911898067,1007.9117584309183,0.00037476323353757834,44.539610009238885,0.0031335340479650142,200829.5,120.5
1776902264.9357913,26.9628125,0.0023437499999996447,41.3393520391835,0.014771330342604472,1007.908115848931,0.002623289503048909,44.57006705209349,0.02193435826619705,201010.5,181.5
1776902266.9678776,26.9700390625,0.00019531250000071054,41.28905457574529,0.024025527259617263,1007.9023893796319,0.0033428077165353898,44.617948445207915,0.027950662439650387,202351.0,674.0
1776902268.9849157,26.96955078125,0.0012695312499992895,41.19884912813404,0.036193307569870825,1007.897030450795,0.0029604589099108125,44.662756857483494,0.024753785112032745,202964.5,554.5
1776902271.0102644,26.9665234375,0.0,41.06337347861415,0.03301984748354769,1007.8921513786031,0.004571959066140607,44.703553188611686,0.038228443399141554,204265.5,124.5
1776902273.0349517,26.977656250000003,0.0033203124999996447,41.01358793071783,0.01237364010038533,1007.8908912122654,0.0016935246624711908,44.71409001631949,0.014160423641719433,201194.5,726.5
1776902275.0554416,26.991718749999997,0.004492187500000355,41.08119202224968,0.024519034996952627,1007.8916086878176,7.57430389626279e-05,44.70809082932905,0.0006333258226867144,200408.0,60.0
1776902277.1027038,27.00353515625,0.0032226562499992895,41.118539979799166,0.00035977640593642946,1007.8905344598976,0.0021219530316329838,44.7170730107797,0.017742736880759225,200648.5,180.5
1776902279.1277332,27.005878906249997,0.0018554687499996447,41.07376434447748,0.02122216470506899,1007.8924827687682,0.004819144094540206,44.70078227735765,0.0402952707016766,202595.0,430.0
1776902281.1470177,26.993281250000003,0.0035156250000003553,40.94632183697665,0.03338886785488526,1007.89412684537,0.0016496005094381871,44.68703527196769,0.013793115535722933,205713.5,696.5
1776902283.179834,26.98830078125,0.0012695312499992895,40.87378591035463,0.009136386895125526,1007.8961589372786,0.0029604354032812807,44.670043993201055,0.024753605893749864,203710.0,931.0
1776902285.191495,26.9899609375,0.00019531249999893419,40.82300510135852,0.017963518271798762,1007.9043210412697,0.0012291981362864135,44.60179696610448,0.010277841793161713,204892.0,251.0
1776902287.2300613,26.9915234375,0.0007812499999992895,40.78721096008352,8.664565022087345e-05,1007.8949516710679,0.000569775747010226,44.68013849569226,0.004764170146575708,204830.5,564.5
1776902289.2508488,26.98703125,0.0015625000000003553,40.74476258417156,0.012157511651970765,1007.905085962008,0.0020539090184001907,44.5954011536565,0.017173585247221013,204330.0,687.0
1776902291.2683957,26.98380859375,0.0002929687500010658,40.714447136172296,0.006023494348191605,1007.9026354453481,0.00047216247992309945,44.615890946653934,0.003947954114721597,204141.0,0.0
1776902293.2930686,26.983515625,0.001953125,40.70842372755759,0.005774563775023722,1007.8994200223169,0.001424338284039095,44.64277652606889,0.011909537405536241,204268.0,749.0
1776902295.3081543,26.9719921875,0.0037109374999992895,40.68318792785965,0.01838007182244894,1007.8982219588958,0.000494389494861025,44.65279407570553,0.004133818430982927,205395.5,126.5
1776902297.3478148,26.95685546875,0.004003906249998579,40.63959051589768,0.012418800583706258,1007.903086778435,0.00269067703698056,44.61211718032749,0.02249790291121201,205649.0,506.0
1776902299.3700743,26.944355468749997,0.0028320312499996447,40.5992913596931,0.003306060206465844,1007.9067139568358,0.002735759160998441,44.58178883349218,0.022874787200137803,205522.0,379.0
1776902301.446995,26.928828125,0.005859375,40.5706402891107,0.0006467595319605834,1007.9036321361084,0.0003005180158766052,44.60755718827333,0.002512758719543484,205458.5,189.5
1776902303.4730625,26.90314453125,0.0071289062499992895,40.549851771164526,0.000786413476117076,1007.9070372898161,0.0003954429591885855,44.5790852916012,0.0033064574231858046,206538.0,255.0
1776902305.4894862,26.88146484375,0.0041992187499992895,40.55344491199739,0.011505306377646463,1007.905007577708,0.0014599078973560609,44.59605655031077,0.012206896258128097,205585.0,63.0
1776902307.5137546,26.86271484375,0.005957031250000355,40.58429204139321,0.008320417128590663,1007.9086124006299,0.0004596861578534117,44.56591516590575,0.003843615749740792,205779.5,1013.5
1776902309.5536442,26.84201171875,0.004199218750001066,40.60594891945878,0.0025293726894055624,1007.903581867283,0.00036935055874209866,44.60797750742685,0.0030882969555214856,206601.5,191.5
1776902311.6227508,26.8235546875,0.0050781250000007105,40.68473707603528,0.011415686567339378,1007.892114246217,0.005443135270468247,44.70386370043111,0.04551278604889575,205967.0,698.0
1776902313.6524746,26.8071484375,0.0021484375000007105,40.73383302503086,0.02072786281646799,1007.8894365464732,0.0007207427568687308,44.72625321831173,0.006026504914707687,204771.0,1004.0
1776902315.692219,26.79513671875,0.0038085937499996447,40.825375780315916,0.02355147121819101,1007.8874427537535,0.004311169508639523,44.74292442987232,0.03604798743569049,205585.0,316.0
1776902317.718722,26.7841015625,0.0025390625000003553,40.87510199975377,0.00871101174167066,1007.8897650301396,0.0004365049339867255,44.7235065948521,0.003649843733420255,205398.0,757.0
1776902319.7318716,26.78,0.00039062499999964473,40.94060780581564,0.02694515797590924,1007.894122757511,0.0011985541672743238,44.6870694482414,0.010021696806614244,203830.0,311.0
1776902321.7682402,26.77873046875,0.0002929687500010658,41.03045143947823,0.014969194488639204,1007.8875055782755,0.003214660268838543,44.74239909283824,0.026879487548573167,203212.5,679.5
1776902323.7837238,26.781269531249997,0.0008789062499996447,41.09975734550264,0.0181077075876388,1007.884285591337,0.0005026899386280093,44.769323120474695,0.004203269326207959,203333.5,185.5
1776902325.8121,26.786640624999997,0.0015625000000003553,41.154394067753714,0.012184872270822211,1007.8956863702823,0.002518804610076586,44.673995342834004,0.021060929160494624,202410.5,245.5
1776902327.8355782,26.79005859375,0.00029296874999928946,41.217843234363826,0.009044176749245736,1007.9011962578519,0.000472276397999849,44.62792462092008,0.003948911202218852,200773.0,904.0
1776902329.8486373,26.795234375,0.0017578124999992895,41.278510425102084,0.021231168779682008,1007.9022266086347,0.004661945707027826,44.619309479534245,0.03898055133918632,199571.0,298.0
1776902331.8845916,26.80412109375,0.0030273437500003553,41.396742349749076,0.030410647373528832,1007.8964406146562,0.004261556641267816,44.66768878674344,0.035632890218018076,199392.0,119.0
1776902333.904377,26.817109375,0.002734375000001066,41.52154064565512,0.03341129507800744,1007.8862956145003,0.0007509724318310873,44.75251621683357,0.006279286786963212,198327.0,118.0
1776902335.9212549,26.8290234375,0.002734375000001066,41.64631576871969,0.030425782343055374,1007.8817314552697,0.00107757624448368,44.79067969339965,0.009010231000598168,197390.0,117.0
1776902337.9471383,26.84064453125,0.002832031250001421,41.76211373212022,0.02443118056832816,1007.8821795353053,0.004577182676030134,44.78693310720692,0.03827242722107371,196985.5,754.5
1776902340.0142705,26.8524609375,0.0033203124999996447,41.80866229064142,0.003390055775930989,1007.8829419115182,0.007180414509832644,44.78055855091253,0.06003949217065596,197565.0,175.0
1776902341.9960673,26.86642578125,0.0038085937499996447,41.828331332820895,0.009476356123453655,1007.8825952949471,0.003917865998175785,44.78345668618631,0.03275949460720895,195831.5,745.5
1776902344.0693865,26.881953125000003,0.0035156250000003553,41.893422208142894,0.018497005561652458,1007.8875091930929,0.0029237701005513372,44.742368861426456,0.024447199772289707,195771.0,0.0
1776902346.084723,26.8977734375,0.0041015625000007105,41.967627024122756,0.012536726126931796,1007.8855800221618,0.0002108113214376317,44.75849967149834,0.0017627085230316197,195029.0,57.0
1776902348.1181536,26.91388671875,0.0036132812500007105,42.03586523589364,0.024564037757134116,1007.8886934396079,0.0014907743553749242,44.732466728740576,0.012465146900165536,194414.5,1356.5
1776902350.13228,26.92990234375,0.00439453125,42.15850062471378,0.02467229586859787,1007.9007918772536,0.004339881066925955,44.63130588846043,0.036287670931709926,191949.5,330.5
1776902352.1609066,26.94376953125,0.0018554687499996447,42.23261148716944,0.006257349036758342,1007.8911398076541,0.004324399854738203,44.712011436838765,0.03615850601996229,195143.5,398.5
1776902354.1806793,26.9440625,0.002148437499998934,42.169180480920005,0.0395275584516348,1007.8797253253092,0.002548259524189689,44.807454124274635,0.0213074889870839,198506.5,766.5
1776902356.1949434,26.9337109375,0.0031250000000007105,41.971713573711355,0.060717361230555156,1007.8694422343729,0.0032078616318926834,44.89343743262628,0.026823029763548334,201801.0,609.0
1776902358.2501884,26.9270703125,0.0,41.73269937699823,0.0572619086650441,1007.8724546153053,0.002743007625838345,44.86824896606607,0.022936025793860892,203520.5,495.5
1776902360.268121,26.92853515625,0.00029296874999928946,41.549122137142135,0.048200345631133956,1007.8821302303977,0.0004421524997155757,44.78734530387601,0.0036970886321867624,203211.0,432.0
1776902362.2977502,26.924140625,0.0009765625,41.3801275649128,0.042212736843683984,1007.886933761184,0.002083360160781922,44.74718034122061,0.017420092496163164,205017.5,125.5
1776902364.324875,26.91603515625,0.0022460937499992895,41.21389803626785,0.0393071499893658,1007.890327606099,3.710727514771861e-05,44.71880260643577,0.0003102729978756713,205206.0,189.0
1776902366.342027,26.90861328125,0.0020507812500003553,41.07492756633762,0.02724436892405535,1007.8893370236128,0.00035183586066978023,44.72708537939637,0.002941882791578365,205332.5,315.5
1776902368.375724,26.9048046875,0.0011718750000007105,40.97847566413346,0.027130192215146565,1007.886855644229,6.0197712571152806e-05,44.74783350446401,0.0005033454159466544,205901.0,0.0
1776902370.3964677,26.89630859375,0.003027343749998579,40.896551284726044,0.018326927830958795,1007.8859618958388,0.0012222953624245747,44.75530662260684,0.010220275541492185,205840.0,697.0
1776902372.4186835,26.885761718749997,0.0028320312499996447,40.83242638280854,0.02129474831354372,1007.8826766724504,0.0036504304955542466,44.78277623605682,0.030523313040557554,207052.5,769.5
1776902374.4468231,26.876875,0.0009765625,40.78349173472162,0.009097106480840722,1007.8793241353527,0.0011687467886076774,44.81080869157353,0.009772578936726006,206474.0,319.0
1776902376.4731052,26.8751171875,0.0007812499999992895,40.762324017976766,8.652689279742276e-05,1007.885633482734,0.0021735136127745136,44.75805267420145,0.018173932880426236,206157.5,635.5
1776902378.4910183,26.87921875,0.0011718750000007105,40.7837525576817,0.0211040595462606,1007.8776162392924,0.0026824928374935553,44.82508944388483,0.022429930270909892,202170.0,978.0
1776902380.5593824,26.8844921875,0.0015625000000003553,40.91323090728818,0.024163178492120352,1007.8788018765999,0.0034327305531860475,44.815175639917406,0.02870309010034333,199392.0,238.0
1776902382.5801177,26.889179687499997,0.0005859375000003553,41.066759484034705,0.033081977322556355,1007.8836143905494,0.0027127123966010913,44.77493542783132,0.022682504815058735,198445.0,0.0
1776902384.6064243,26.89298828125,0.0002929687500010658,41.19029363172178,0.03607810906760989,1007.8888388369346,0.005043651852417952,44.73125106341587,0.04217261564857111,198918.5,473.5
1776902386.6293015,26.88810546875,0.002636718749998934,41.25283511246454,0.0032997735241231396,1007.8882829192619,0.0015070674130015504,44.735899305568026,0.012601385863593606,202227.5,428.5
1776902388.6476934,26.87638671875,0.003613281249998934,41.188436520595324,0.018425588059372444,1007.8803656217167,0.0012526693918175624,44.80210021618063,0.01047429639433517,205272.0,756.0
1776902390.6857703,26.86359375,0.0031250000000007105,41.093924072879126,0.027365401361286956,1007.8816874754441,0.005019661402172915,44.79104751459916,0.041972260061701405,206985.0,64.0
1776902392.703712,26.851582031249997,0.0028320312499996447,41.002555275081804,0.027316692907504603,1007.8906674935374,0.0009080186587198114,44.71596063603688,0.007592408587111521,207370.5,64.5
1776902394.7180395,26.84103515625,0.002636718749998934,40.91440041562759,0.018283976473405517,1007.8910371372394,0.0021493342778740043,44.7128698691252,0.01797167825746726,207436.0,515.0
1776902396.7744567,26.82951171875,0.00341796875,40.84716890022577,0.024357035838001195,1007.8852611169208,0.0008898608452909684,44.7611662151333,0.00744061413670849,208600.0,130.0
1776902398.7912064,26.8153515625,0.003710937500001066,40.80064558064392,0.0034074619664394845,1007.8816337320025,0.002325146922885324,44.79149682779324,0.019441884170252166,208016.5,453.5
1776902400.8043594,26.80802734375,0.0018554687499996447,40.775865608117655,0.003201301737931317,1007.8871966387545,0.0052365454517939725,44.74498235851426,0.04378555786119165,208275.0,65.0
1776902402.8454173,26.80255859375,9.765624999857891e-05,40.757286382845095,0.008975650596052986,1007.8902652583677,0.00015742131455454,44.71932392795071,0.0013162805786777199,207888.5,711.5
1776902404.8610544,26.80744140625,0.0016601562500007105,40.838729573593646,0.03614797703030348,1007.8862521270559,0.0037230415757676383,44.75287988355203,0.031130365911806734,203090.0,802.0
1776902406.8927662,26.812617187500003,0.0013671874999996447,41.052240674780705,0.06917307938559958,1007.8790544059162,0.0014528545298162499,44.8130640606956,0.012148173403922158,201983.0,427.0
1776902408.9374685,26.8219921875,0.003124999999998934,41.29052605937409,0.05444469549595965,1007.8767969236446,0.0004663512031015671,44.83194021186001,0.003899444465773172,199040.0,948.0
1776902410.9564495,26.836640625,0.00390625,41.48461752556696,0.042562938504932646,1007.8775540288316,0.0028455840938477195,44.82560962587279,0.02379363520041622,198151.0,294.0
1776902412.975932,26.8565625,0.0048828125,41.67954697876864,0.05477554494278536,1007.8758394985291,0.004014657452160009,44.83994587880287,0.03356900491640147,196116.0,230.0
1776902415.0334482,26.8758984375,0.004687500000001066,41.87463985150279,0.02465952058492249,1007.8686074087022,0.0011555215931480234,44.90041792848486,0.009662078488624104,197273.0,0.0
1776902417.0766895,26.90080078125,0.006933593750000355,41.995137162438084,0.03398928267309387,1007.8749163249067,0.00020378190993142198,44.84766504661698,0.001703946372163756,195544.0,572.0
1776902419.1238878,26.9262890625,0.005859375,42.167160593369076,0.05203508132361989,1007.8794244023759,0.0003003655593829535,44.809970295799594,0.002511532808313177,193059.5,557.5
1776902421.1162167,26.9471875,0.005078124999998934,42.32674065506954,0.02780159610115618,1007.8820187227286,0.0008694445596688638,44.78827768487083,0.007269921320272488,192336.5,387.5
1776902423.1453207,26.96916015625,0.005175781250001066,42.41698933947817,0.006644938608538098,1007.8863425029206,0.0028551846823461347,44.752124182879584,0.023873742918372187,191515.5,1097.5
1776902425.2097802,26.9942578125,0.0056640624999992895,42.65313790531209,0.1552179576231083,1007.8883851910149,0.0018449408363494513,44.735044161314136,0.015426522569622847,178715.5,5068.5
1776902427.2095942,27.015644531249997,0.004785156249999645,43.113816110327605,0.0552588994804637,1007.8844448718016,0.005090907145131496,44.76799137447221,0.04256789217410528,187440.5,832.5
1776902429.2280366,27.03,0.0033203124999996447,43.16714788941225,0.026975750844545843,1007.8819741539752,0.0016928334584918048,44.788650356702036,0.014154745528426105,194019.0,1295.0
1776902431.2540317,27.03947265625,0.00146484375,43.00719578654953,0.036278035908701156,1007.8762062113717,0.0022118830931958655,44.83687953132166,0.018494901106890893,196406.0,635.0
1776902433.2926137,27.0489453125,0.00390625,42.87773446825106,0.02686400011898726,1007.8786682422987,0.0017223012131353244,44.81629300577953,0.014401180473864628,197448.0,175.0
1776902435.316495,27.06662109375,0.005566406249998934,42.83728910923733,0.021882976893191852,1007.8842891832339,0.0089699942484458,44.76929335602855,0.07500309568463592,196289.0,173.0
1776902437.3445003,27.08810546875,0.004199218750001066,42.903503956029496,0.0004853214284423757,1007.8951316452558,0.0005497743732689742,44.678633644640385,0.004596928339619666,196522.0,751.0
1776902439.3597913,27.1048046875,0.0029296875,42.8325941631689,0.030006286944392002,1007.8936891052792,0.00014793628389497826,44.690695422244865,0.0012369679580572779,194069.5,788.5
1776902441.4217772,27.11017578125,9.765624999857891e-05,42.6967198364717,0.039405077404850886,1007.8931981160722,0.002586419967144593,44.694800847454175,0.02162633670707592,198386.5,294.5
1776902443.4874105,27.10802734375,0.00048828125,42.51465544285851,0.05760196322906452,1007.8851632208753,0.0007868014112091259,44.761984777066985,0.0065788782531193135,199154.5,237.5
1776902445.5040648,27.10978515625,0.0012695312500010658,42.33322864297908,0.05128775008992292,1007.8806789566681,0.001612701123349325,44.79948024444508,0.01348472742920137,201194.5,726.5
1776902447.5387654,27.11173828125,9.765625000035527e-05,42.13086508400929,0.04231660392164471,1007.8774239804768,0.0010719538351509073,44.82669701488153,0.008963249836615006,201740.5,669.5
1776902449.5518842,27.12033203125,0.003613281249998934,42.03818699457271,0.003431144579810308,1007.8766377889829,0.0012491541667714046,44.83327083761104,0.010444934836808528,199511.5,357.5
1776902451.578068,27.1321484375,0.001562499999998579,42.13923334579977,0.036442820577700985,1007.8700685026245,0.00022622089289825453,44.888200760983295,0.0018915799340497585,198920.5,828.5
1776902453.652895,27.1360546875,0.00019531250000071054,42.25153132258943,0.027194675446100547,1007.8772772693576,0.001514552229139099,44.82792375858038,0.012664082331816928,198328.0,471.0
1776902455.668767,27.13849609375,0.00048828125,42.412170355799645,0.04848826129643413,1007.8775525787115,0.00261603162391566,44.82562174698535,0.021874209355761565,197799.0,176.0
1776902457.7017393,27.14650390625,0.0026367187500007105,42.6130000868729,0.06697813372536032,1007.8867969558478,0.0005899510363178706,44.748324230716804,0.004932897797591096,195600.5,400.5
1776902459.7361455,27.158125,0.002734375000001066,42.94198486326232,0.08534270073372952,1007.8863141184065,0.003491155031838389,44.752361534709536,0.029191435544721145,195542.5,114.5
1776902461.756269,27.16056640625,0.0002929687500010658,43.06375768502609,0.024344810160556563,1007.8829305720074,0.0013867129255231703,44.78065320024433,0.01159508834285461,198504.0,59.0
1776902463.7821755,27.15802734375,0.00029296874999928946,42.920702591994186,0.045577938502507465,1007.9026206659333,0.002271924189813035,44.6160145403032,0.01899653815025104,199283.0,1426.0
1776902465.8179848,27.159687499999997,0.0013671874999996447,42.899637646316215,0.02444527348557557,1007.8970636813033,0.006943706719198417,44.662479134127445,0.05805958625460761,197682.5,409.5
1776902467.8438382,27.161738281250003,0.0008789062499996447,42.96667633480425,0.005972472474383039,1007.8775014441205,0.004160133671859967,44.82604934912064,0.034785374069493,198150.5,58.5
1776902469.9166698,27.1649609375,0.0009765625,42.93364481851917,0.015069674490927554,1007.8826939418859,0.0006588161936065262,44.78263179324723,0.005508734561729511,199690.0,298.0
1776902471.909449,27.16935546875,0.0008789062499996447,42.83094434424673,0.03328025323324013,1007.8852012544961,0.0014161336108600153,44.76166676175513,0.011841069675007532,198800.0,473.0
1776902473.9278865,27.17033203125,0.0012695312500010658,42.61574297188571,0.07288602996608518,1007.8876894166713,0.00296020689256693,44.740861916880405,0.0247518636210593,200649.5,421.5
1776902475.9891007,27.1659375,0.0007812500000010658,42.28823182252748,0.07873684716412299,1007.8906701333228,0.0012587975881501734,44.715938565992765,0.010525450667692837,201557.0,486.0
1776902478.0205476,27.166328125,0.00019531250000071054,42.00115019673321,0.06343629688062791,1007.8839821530155,0.002144041890630888,44.77186035144353,0.017927527518835973,201924.0,732.0
1776902480.0328183,27.16583984375,0.0008789062500014211,41.76270449845002,0.054376675806061314,1007.8813660664623,0.0014161345290517602,44.7937349213866,0.011841113836691619,202537.5,981.5
1776902482.0713713,27.16212890625,0.00029296874999928946,41.55736517040632,0.054242932144610734,1007.8872774971057,0.0022719498409173866,44.74430618384166,0.018996986785321468,201935.5,1707.5
1776902484.0867162,27.160175781249997,0.0008789062499996447,41.3735318653287,0.039206841169903583,1007.8804718475292,0.0023308069746121873,44.801212013475656,0.01948922929040009,202228.0,551.0
1776902486.1150143,27.15763671875,0.0002929687500010658,41.219893667402204,0.036098979476449244,1007.8800394051216,0.004101251126201078,44.80482795419348,0.03429295184904646,202606.0,1535.0
1776902488.1401465,27.160078125,0.0007812500000010658,41.20514414179028,0.05117683853593746,1007.8830584874916,0.0012587974413236225,44.779583625703694,0.010525513802218,196635.5,173.5
1776902490.1640182,27.1630078125,0.0005859375000003553,41.415977125875216,0.05710702538242529,1007.8850349776828,0.0018587641591238935,44.763057098333476,0.015542148489842589,191515.5,1097.5
1776902492.2013295,27.16857421875,0.0026367187500007105,41.68766342577712,0.09373362202754265,1007.887601173084,0.004248415004610706,44.74159979964699,0.03552325903850928,192502.5,443.5
1776902494.2343752,27.18185546875,0.0020507812500003553,42.13586650051059,0.11205606207078134,1007.8861332705691,0.0005601802464525463,44.75387366152319,0.004683970714250307,194127.5,958.5
1776902496.2507422,27.18986328125,0.0028320312499996447,42.35751614809866,0.03058686339828398,1007.8926327253741,0.006392424311400191,44.6995284745969,0.05345024593230008,196406.0,635.0
1776902498.2927275,27.192988281250003,0.0018554687499996447,42.39116485497557,0.02140075863241364,1007.8912647785107,0.003413425532585279,44.71096646833915,0.028541383642828322,198035.0,528.0
1776902500.3194091,27.19123046875,0.001074218749998579,42.20946227162241,0.06942006217256846,1007.8966649781703,0.009048463309454746,44.665812991469075,0.07565846679570143,199571.0,417.0
1776902502.3486288,27.19259765625,0.0020507812500003553,41.95280618964452,0.06061223344722677,1007.8997825002127,0.001269285728142222,44.63974568327025,0.010613069678857556,200769.0,181.0
1776902504.3793654,27.187031249999997,0.0015625000000003553,41.734948699546464,0.04841665713242094,1007.8963020174427,0.0016028406724899469,44.6688476112803,0.013402110281237611,202227.0,306.0
1776902506.4163604,27.1872265625,0.0,41.53911057140574,0.0451716515718239,1007.8929579038777,0.0009147019528086275,44.696809360965304,0.007648276956626177,203457.5,185.5
1776902508.4432914,27.178828125000003,0.0005859375000003553,41.36660144395077,0.036165116449403456,1007.9004640481224,0.0027146693821578083,44.63404697511875,0.022698561007832296,201864.5,914.5
1776902510.477489,27.1815625,0.0015625000000003553,41.31276467326817,0.012204571707016498,1007.903040423442,0.0006881878643412165,44.612504751554525,0.0057542336466163135,198177.0,2291.0
1776902512.5117226,27.18654296875,0.00146484375,41.463769591362535,0.0603663306317479,1007.904662297304,0.0014455155545078924,44.59894358343408,0.012086559253784657,195200.0,228.0
1776902514.5351622,27.1942578125,0.001953125,41.68150448538614,0.048445662009665824,1007.9006279513503,0.003256071346470435,44.63267651810247,0.02722546062466691,193393.0,224.0
1776902516.5265923,27.20294921875,0.002050781249998579,41.88153924397868,0.05455163363026472,1007.8881047317507,0.00218416169474267,44.737389233873465,0.01826293104479504,192620.5,1220.5
1776902518.569363,27.21095703125,0.0022460937499992895,42.03641852251188,0.027440639515752707,1007.8982626063997,0.004533600953323003,44.65245427140596,0.0379075258678121,193674.0,393.0
1776902520.5849946,27.218671875,0.0007812500000010658,42.200492886676855,0.04544254828514127,1007.8988009238398,0.0042297534320141494,44.64795314335804,0.035366901484749746,193963.5,1350.5
1776902522.6140249,27.218867187500003,0.00039062499999964473,42.206560838176046,0.039352278243494965,1007.883564923398,0.001544098761769419,44.775349033636125,0.012911073447234855,196121.5,1035.5
1776902524.6820834,27.2235546875,0.0015625000000003553,42.01671369953116,0.04814633060225759,1007.8847138812746,0.0011416127902634798,44.765741954957136,0.00954565429416121,198445.0,236.0
1776902526.7093058,27.2321484375,0.001953125,41.818471614627576,0.05407934842254747,1007.8985595953013,0.0013172263276715057,44.64997094748993,0.011013933447376445,200050.5,658.5
1776902528.7345293,27.2305859375,0.0031250000000007105,41.61027622324083,0.06362433115109312,1007.9015307668833,0.0032053091883312845,44.6251276775491,0.02680099620830489,201254.0,545.0
1776902530.7493644,27.21779296875,0.0026367187500007105,41.36797905018048,0.06347426118121291,1007.88732265466,0.00032557244236386396,44.743928580423045,0.0027222850833013013,203025.5,246.5
1776902532.7871854,27.201484375,0.0050781250000007105,41.14667324998723,0.03662065518109259,1007.8793415082623,5.0766478295827255e-05,44.81066342188525,0.0004244883625013074,202227.0,306.0
1776902534.8091109,27.18888671875,0.003222656250001066,41.00412154832496,0.03337852092045779,1007.8773386722639,0.0012106046581834562,44.82741032917136,0.01012259333847254,202171.5,1100.5
1776902536.828134,27.17482421875,0.0036132812500007105,40.90652581606874,0.01540169015198245,1007.8830365299489,0.0021630932075140663,44.77976723547073,0.018086839923856957,203519.5,123.5
1776902538.8576407,27.161640625,0.0027343749999992895,40.812091684283565,0.02428869017507651,1007.8901493946848,0.0001675165725032457,44.72029272385194,0.0014006923555136552,204144.5,872.5
1776902540.8856027,27.15119140625,0.00146484375,40.732999293232766,0.018142219023403072,1007.9007524545993,0.007700854161669213,44.63163565468562,0.0643902600656574,204019.0,747.0
1776902542.9309545,27.1442578125,0.00390625,40.678300797066626,0.018406360150905243,1007.8978120656932,0.002852213675225812,44.65622140875747,0.023848680973046044,204144.5,872.5
1776902544.9368758,27.13009765625,0.0030273437500003553,40.62581603572775,0.01530789548656486,1007.8932880799383,0.0024389009026890562,44.69404861260527,0.02039285536394786,203581.0,62.0
1776902546.9692073,27.111640625,0.0050781250000007105,40.58784368701566,0.009542877937406047,1007.9001314759112,0.002695242243873963,44.636827759668904,0.02253612806525851,205090.0,1447.0
1776902549.0358813,27.0926953125,0.004101562499998934,40.555814808335626,0.0034462841171567504,1007.9006987034938,0.0007071948026009521,44.6320848940505,0.005913169924312456,204892.0,251.0
1776902551.022698,27.0743359375,0.0041015625000007105,40.53882233164638,0.00643840680637453,1007.9095248559294,0.0007067807761131917,44.55828577404401,0.005909666162462912,204769.0,753.0
1776902553.0593007,27.058124999999997,0.0033203124999996447,40.525062387269,0.011603103926031366,1007.9108370450007,0.0035216772998865054,44.54731410181758,0.029446068627240862,205022.0,1006.0
1776902555.0860868,27.03947265625,0.007128906250001066,40.54694328602271,0.005198264451269807,1007.9063844644323,0.004172570163518685,44.58454388624749,0.03488855349416653,206416.0,1147.0
1776902557.1321845,27.007929687500003,0.008398437500000355,40.54346103890603,0.006912105915645839,1007.9012743283722,0.0007325939542965898,44.627271839951106,0.006125540683438402,206793.0,256.0
1776902559.1558392,26.97921875,0.006445312500000355,40.56123968304199,0.008266553068274618,1007.9043822379999,0.0005852674481161557,44.60128527063339,0.00489366666468527,206857.0,64.0
1776902561.1705737,26.9571484375,0.0048828125,40.57975254928099,0.005446714493821503,1007.907216462369,0.0012741172905066378,44.57758716294888,0.01065340492769451,206926.0,1025.0
1776902563.2281716,26.9438671875,0.0027343749999992895,40.62318627960354,0.020653585439355027,1007.898612080163,0.001079107881253094,44.64953209558513,0.009022915527769015,205590.5,1074.5
1776902565.241051,26.938007812499997,0.0015625000000003553,40.712372656822645,0.020793994503605973,1007.9092841555312,0.002967752252743594,44.56029839083658,0.024814523895695828,205653.0,1012.0
1776902567.276732,26.93322265625,0.00146484375,40.7358054695674,0.003157910212870263,1007.9125438393908,0.002360985010056993,44.53304293874133,0.019741056713147742,207050.0,385.0
1776902569.3234105,26.92970703125,0.00146484375,40.71744314451248,0.003157496270304705,1007.9178495535585,0.003125036742176235,44.48868003622802,0.026129460520582626,206410.0,255.0
1776902571.362385,26.92765625,0.0,40.69924538310339,0.008984981079432686,1007.9310022393925,0.0018286763912556125,44.37870666138849,0.015290003494726534,206665.0,128.0
1776902573.3971012,26.92453125,0.0009765625,40.6809307376467,0.00909196161021697,1007.9387660215571,0.0015740476508767642,44.313792009387186,0.013160909218868255,206793.0,0.0
1776902575.436822,26.91779296875,0.0012695312499992895,40.641260392732136,0.012115879754631464,1007.9461915911922,0.0002176446793669129,44.25170559847426,0.0018197573501659292,206410.0,0.0
1776902577.4946983,26.91603515625,0.00029296874999928946,40.626096950797375,0.0029612359304174163,1007.9451869093114,0.00047222229670751403,44.260105887000705,0.003948319301287029,205711.5,316.5
1776902579.514966,26.91623046875,0.0002929687500010658,40.59917835546749,0.00595387855875984,1007.945501722678,0.0031850677234501745,44.257473720308624,0.026630807734740358,205458.5,63.5
1776902581.5696697,26.91486328125,0.00048828125,40.57807689024331,0.0030466233420369804,1007.9432980191639,0.0010416042129008929,44.275899187118455,0.00870901752888642,206285.5,763.5
1776902583.5869336,26.91505859375,0.0006835937500007105,40.560143709000045,0.014886557901224506,1007.9463557932506,0.0034697498020364037,44.2503327226522,0.0290110554890326,207308.0,643.0
1776902585.6350412,26.921503906250003,0.0030273437500003553,40.545892771020604,0.0003339765852459209,1007.9412011074858,0.003050918259646096,44.293431839617405,0.025509252967317764,205964.5,63.5
1776902587.6572444,26.9278515625,0.0007812499999992895,40.54060885282655,0.0058980159162196335,1007.947775141811,0.0012592440158982754,44.238465325715694,0.010528700466640117,205650.0,633.0
1776902589.68073,26.93009765625,0.00048828125,40.531880459357005,0.002938094353403642,1007.9431663892019,0.001956004075225337,44.27699977530803,0.016354461094881145,205711.5,316.5
1776902591.7051415,26.932246093750003,0.0010742187500003553,40.53510939481717,0.00011849209219505497,1007.9502866671412,0.0008171101190441732,44.21746615891743,0.006831948554378187,205395.5,252.5
1776902593.7215667,26.9364453125,0.0009765625,40.56250326360069,0.003100320081134811,1007.9543120303179,0.002083356393256963,44.18380971658775,0.01741911811655683,205080.5,314.5
1776902595.752579,26.9407421875,0.001367187500001421,40.574948219420534,0.0031437217496410597,1007.949351207256,0.0012892877956574011,44.22528764930733,0.010779886708288444,205143.0,0.0
1776902597.8183157,26.94328125,0.00039062499999964473,40.5961795596278,0.006029511406925536,1007.9534436943393,0.0015439740628835352,44.191069942735126,0.012909306069364135,204516.0,250.0
1776902599.835718,26.94396484375,0.00048828125,40.593261810460184,0.002939206643958414,1007.9572886039541,0.0026157425344877083,44.15892237209495,0.02187039114923195,205459.0,316.0
1776902601.8626204,26.94611328125,0.0008789062500014211,40.57554118663636,0.002895783838972932,1007.9470360082843,0.00498393569455402,44.24464539571187,0.04167134929906524,205459.0,316.0
1776902603.911149,26.9497265625,0.0009765625,40.56995454124274,0.0028849254547544945,1007.9428018202182,0.0015740041983463016,44.28004799046823,0.013160503237006793,206415.0,1020.0
1776902605.9264581,26.95392578125,0.00048828125,40.56144049214685,0.011916494546888146,1007.9459125368002,0.0046992525634550475,44.25403888521367,0.039291111232977016,205965.5,317.5
1776902607.9488072,26.95197265625,0.0008789062500014211,40.54027798811539,0.009073580446649743,1007.9400214237257,0.002330968518890586,44.303295370347655,0.01948964767228034,206473.5,63.5
1776902609.995308,26.9493359375,0.0,40.519042961029356,0.005983605865335306,1007.9403434804881,0.0,44.30060257784767,0.0,206988.5,833.5
1776902612.0233517,26.948359375,0.0017578124999992895,40.50397759508026,0.01515141672610909,1007.9378551053944,9.009627632394768e-05,44.32140834568585,0.0007533125062089141,206921.0,256.0
1776902614.0380795,26.9403515625,0.0015625000000003553,40.479164280112826,0.009145272668543925,1007.943235451428,0.0002246316671516979,44.27642232239013,0.0018781809822598916,208016.0,324.0
1776902616.0837417,26.93400390625,0.002246093750001066,40.44556883807172,0.02417044873157792,1007.9412334430883,0.0036202753999532433,44.29316148883628,0.030269745279312588,208407.0,715.0
1776902618.119241,26.92580078125,0.0022460937499992895,40.420742884699216,0.005732619338019163,1007.9334975990478,0.0036202851212578935,44.35784241234512,0.03027001467149404,208016.0,324.0
1776902620.1385438,26.921015625000003,0.0005859375000003553,40.408257288648386,0.006043764709541932,1007.9376710971806,3.0102699327017035e-05,44.322946874274294,0.00025169456611351393,208340.5,389.5
1776902622.1375563,26.9169140625,0.0009765625,40.41976486637184,0.0001074608673903299,1007.9402033113,0.0006597415532496598,44.30177455890231,0.00551621716435946,207434.5,257.5
1776902624.1808941,26.92111328125,0.0020507812500003553,40.456110393226695,0.018168990136882,1007.9323425208985,0.0005625062731269281,44.367500240956964,0.004703245288816049,206290.0,1273.0
1776902626.265351,26.92384765625,0.0012695312499992895,40.54914675607512,0.03277454016638259,1007.9248635400227,0.007532231904917808,44.43003411035445,0.06297911464241679,204892.5,502.5
1776902628.3065531,26.922480468750003,0.0010742187500003553,40.64776777999397,0.024070996042507176,1007.9208312354549,0.005388749042879226,44.46374930733199,0.045056996036635155,204579.0,438.0
1776902630.322981,26.92404296875,0.00146484375,40.701840384885756,0.005827944922089046,1007.9178636670407,0.000532358922896492,44.48856199691579,0.004451228081070013,205711.5,63.5
1776902632.3595626,26.9122265625,0.0031250000000007105,40.70951812698628,0.009331177923638023,1007.9143614783948,0.004122593397255514,44.517845045599,0.03447045655976311,207372.5,707.5
1776902634.3805356,26.9032421875,0.0023437499999996447,40.702533605869526,0.003254272907568634,1007.9062804972853,0.00012048162824385145,44.58541313939175,0.001007395902984598,206921.0,0.0
1776902636.4057288,26.8997265625,0.0003906250000014211,40.717119960023794,0.005947153669669802,1007.9051854622631,0.0015439161670656176,44.594569184620816,0.012909322446049032,206794.5,511.5
1776902638.403804,26.89689453125,0.0010742187500003553,40.710816181725875,0.00011887321435821718,1007.9115922535048,0.006497184115630716,44.54099962147063,0.05432536742517513,206986.5,576.5
1776902640.4709911,26.89005859375,0.0012695312500010658,40.680112736107375,0.012118291509068513,1007.9179452587593,0.003439401718026147,44.4878798205138,0.028757967317378785,208211.0,519.0
1776902642.4994226,26.88244140625,0.0036132812500007105,40.63436003499987,0.009380013382642716,1007.918467275394,0.005824167332946217,44.483515143100746,0.04869775539956578,208665.0,65.0
1776902644.4918704,26.8661328125,0.003124999999998934,40.57270051770793,0.02129162651840133,1007.9058936377785,0.0022944050786577463,44.58864784722357,0.019184460116534297,209253.0,131.0
1776902646.5204842,26.85109375,0.0048828125,40.547103221520054,0.003530267455253977,1007.9008511562129,0.0005568304655412248,44.63081016857829,0.00465590633053381,208861.0,261.0
1776902648.5866137,26.833027343749997,0.005957031250000355,40.49126895924502,0.009628331503147791,1007.8954990620564,0.002288748624039272,44.67556151283489,0.019137323990459976,209384.0,131.0
1776902650.5836034,26.81515625,0.002734375000001066,40.46537725622038,0.003291145495399661,1007.9014308263819,0.0029056593893983518,44.62596331780718,0.02429549474031134,208796.0,326.0
1776902652.6564093,26.80138671875,0.00439453125,40.46087181758284,0.00048354611149292737,1007.9066593814247,0.0034274428688831904,44.58224517487092,0.028658235279870325,208861.0,261.0
1776902654.6767297,26.77990234375,0.0051757812499992895,40.46448807484806,0.005410617889285874,1007.9195609196247,0.0010307636675861431,44.474370722013944,0.00861854235722248,203906.5,1741.5
1776902656.7253063,26.76173828125,0.00439453125,40.46248978369648,0.005496422074767082,1007.9076470154577,0.007998546354997416,44.57398734618714,0.06687902621163744,203527.0,1239.0
1776902658.740868,26.741230468749997,0.007910156250000355,40.43332858978515,0.009837388009060533,1007.8992662749909,4.483869133764529e-05,44.644062070356455,0.00037491665039013355,207377.5,1222.5
1776902660.7613163,26.70998046875,0.00849609375000071,40.405982745107096,0.00392183801809054,1007.8955030046266,0.0036429652226956932,44.675528574094805,0.03046057779982192,209713.0,329.0
1776902662.7837105,26.67716796875,0.006933593750000355,40.39939104441403,0.011192253843351097,1007.9001842827363,0.008928904912579583,44.636386461517844,0.07465857160444145,209580.5,65.5
1776902664.8175821,26.65080078125,0.006152343750001066,40.39649616493277,0.0006753235673251368,1007.9262197961609,0.0074452571963661285,44.41869407219146,0.06225182675506957,209189.0,589.0
1776902666.906731,26.6253125,0.005859375,40.408639775426934,0.00832175434694804,1007.96463419302,0.010658051408370284,44.09750597034605,0.08911212578112071,209449.5,65.5
1776902668.8954077,26.59884765625,0.006933593750000355,40.43561908079907,0.0022273200372744384,1008.021573120664,0.0189767901725304,43.6214504673114,0.15865796704513713,209582.5,591.5
1776902670.915303,26.570917968750003,0.006933593750000355,40.47738707151191,0.01717412623643,1008.083452830052,0.014405273931231477,43.10410930785174,0.12043121413587343,208538.0,846.0
1776902672.9753525,26.54494140625,0.00634765625,40.60312402642978,0.050156580350538604,1008.1493878460332,0.015348285423897323,42.55289296495201,0.12830819963235385,206923.5,768.5
1776902675.0188644,26.51447265625,0.00927734375,40.79431847679622,0.04689246394761071,1008.2007581348901,0.014275496148286493,42.1234577044937,0.11933500004719377,205521.5,126.5
1776902677.0450027,26.483125,0.007031249999998934,40.940651019908444,0.023199980932886888,1008.2653214761112,0.016068631131702205,41.583759196017,0.13431762052098506,208016.0,194.0
1776902679.0649545,26.45060546875,0.011621093749999645,41.00599630257643,0.007706223366668041,1008.307882425546,0.006833912969796074,41.22799776731648,0.05712269757631816,209648.5,657.5
1776902681.0960543,26.411152343749997,0.008886718750000355,41.05559719099254,0.014009387218209213,1008.3237158577729,0.003020384010540056,41.095651412199686,0.025246193431367914,213258.0,272.0
1776902683.1249492,26.37267578125,0.00849609375000071,41.06632193391489,0.005055383494362076,1008.3447702036309,0.004562256467465886,40.919668002666924,0.03813344977058719,212794.0,1558.0
1776902685.1976614,26.33673828125,0.012597656250001421,41.110324301122425,0.01060026807912351,1008.3900097538551,0.011644054595819853,40.541542170094445,0.09732285866903469,214351.5,137.5
1776902687.2032845,26.28654296875,0.014550781249999645,41.0957534011035,0.010612873009215207,1008.4332380981899,0.004833554520587313,40.18023869265874,0.040398214535848354,216365.0,490.0
1776902689.2177682,26.23185546875,0.011816406250000355,41.05969858427856,0.010305226632375764,1008.4509305547726,0.0037623014875407534,40.03236848114116,0.031444375540381486,218557.0,286.0
1776902691.2893934,26.19396484375,0.00830078125,41.04050818396469,0.0009195791531162456,1008.4655801038239,0.000612048869982118,39.90993188529238,0.0051152913194663086,217773.5,212.5
1776902693.26736,26.160078125,0.008593750000001066,41.036754769222995,0.000951715738562342,1008.4656791937246,0.0010861918927389524,39.90910372914048,0.009078012871579944,216224.0,210.0
1776902695.2941809,26.10646484375,0.01611328125,41.06978910392836,0.00720929469691356,1008.4640644131206,0.0013553842799183258,39.92259951299587,0.011327843612502164,216015.0,419.0
1776902697.3738055,26.03693359375,0.01767578124999858,41.08307429816357,0.004038567903780432,1008.4467835915923,0.011187169547326903,40.06702819310596,0.09349987844692009,216574.0,0.0
1776902699.3909519,25.98009765625,0.01123046875,41.130748281109895,0.010750154508286869,1008.4262432641956,0.004436273663884549,40.23870074929753,0.037078001498549895,214835.5,621.5
1776902701.417036,25.93888671875,0.010644531249999645,41.210159256643365,0.022818161592059738,1008.4053567688526,0.001665760999799204,40.41326972464613,0.01392252357296897,212512.5,337.5
1776902703.459002,25.901874999999997,0.007421875000000355,41.2900644027368,0.011180295639974247,1008.3967229595474,0.0019414208051102833,40.48543183902957,0.016226616131728377,212242.5,202.5
1776902705.477994,25.8688671875,0.0078125,41.35843775439925,0.017144897508845958,1008.391810241902,0.001660232576512044,40.5264929700396,0.013876467641299683,212784.0,474.0
1776902707.5116127,25.83615234375,0.007714843749999645,41.42386270961674,0.02016447254595022,1008.3818893025191,0.000590673406861697,40.60941396025892,0.004936974389099902,211714.0,1408.0
1776902709.5304658,25.8173046875,0.0033203124999996447,41.51789986546101,0.04470385328894366,1008.3843162975108,0.0010280278178242952,40.58912864031637,0.008592459146491649,206986.0,449.0
1776902711.5524075,25.808124999999997,0.0013671874999996447,41.68824125804727,0.03594300638380332,1008.3777083621097,0.00038213436664591427,40.64435921042856,0.00319397130865795,206219.0,64.0
1776902713.6026218,25.8036328125,0.0023437499999996447,41.829172884348694,0.03285304680385792,1008.3768439300932,0.002871855749106089,40.65158437164983,0.024003680477495237,207306.0,129.0
1776902715.5909488,25.7899609375,0.004687500000001066,41.908939434295945,0.017545119483767024,1008.3940152573073,0.0002674938947961891,40.50806313483549,0.00223574928858028,208080.0,0.0
1776902717.6174793,25.7704296875,0.0035156250000003553,41.973019765531504,0.02370876761955998,1008.3962465388161,0.0025372386705839745,40.489413827463764,0.02120653780064785,206603.5,702.5
1776902719.6535177,25.75421875,0.0017578124999992895,42.06763819231301,0.023919221535805946,1008.3983618011232,0.004462910300503609,40.47173427774645,0.037301463334515006,206923.5,768.5
1776902721.6752946,25.74796875,0.0025390625000003553,42.15437991417572,0.01479457695974773,1008.4001336455276,0.0022884622936203414,40.456924981240576,0.019127176021260794,207890.5,969.5
1776902723.6997364,25.73244140625,0.0041992187499992895,42.24011859875036,0.01763172288211834,1008.3914863172358,0.0003927886696146743,40.5292003715796,0.003282986226217588,210507.0,729.0
1776902725.7650068,25.71916015625,0.003222656250001066,42.32011374878492,0.020768941292256926,1008.4028934523653,0.0024665821207463523,40.4338582930439,0.020615872056733764,210108.0,198.0
1776902727.7903724,25.71056640625,0.0012695312499992895,42.40067419655559,0.011938147130813093,1008.4017916780377,0.0029629335707568316,40.44306701580699,0.024764435342262914,210637.0,199.0
1776902729.8046467,25.707148437500003,0.0013671874999996447,42.47883768744215,0.011932461227441848,1008.4035727251548,0.007830972705107797,40.42818106876926,0.06545180148370733,209515.5,262.5
1776902731.8500137,25.7051953125,0.0,42.536041525823094,0.00906875440255206,1008.4232342622856,0.005475801352247345,40.263849798687644,0.04576639690629847,209449.5,65.5
1776902733.8731916,25.70451171875,0.0002929687500010658,42.608531526983086,0.02718472174776565,1008.4294312880183,0.0013521045894435701,40.212055488998246,0.011300747308713,209056.5,65.5
1776902735.895144,25.7044140625,0.0,42.65388820254711,0.01210018551251224,1008.4466135925036,0.0027378991764521743,40.06844861305381,0.02288275636136916,208341.0,519.0
1776902737.9302084,25.70626953125,0.00048828125,42.72974320401832,0.015187783860294957,1008.4614745982021,0.0026138966930489005,39.944244349836204,0.02184611033369066,207434.5,128.5
1776902739.9478104,25.70939453125,9.765625000035527e-05,42.78155618556234,1.1142000563069132e-05,1008.4729102815118,0.0010703668032761016,39.84866899563633,0.008945700358300002,209393.5,1442.5
1776902741.9438655,25.70607421875,0.0012695312499992895,42.77209558309761,0.003172007038401148,1008.4721107709598,0.0016000983085859843,39.85535099397909,0.013372994339555078,214010.5,616.5
1776902743.968102,25.7044140625,0.0,42.75677139561637,0.01210762462142867,1008.471254693532,0.0018252673766596672,39.86250575853737,0.015254879615017813,216085.0,489.0
1776902746.0388644,25.70607421875,0.0006835937500007105,42.73577322421602,0.002948608502393313,1008.4757613202212,0.0007211820856127815,39.82484117233063,0.00602733946374201,215596.5,278.5
1776902748.0295668,25.709296875,0.0007812499999992895,42.77549141771769,0.018252720478901807,1008.4800536797497,0.0003491768480330393,39.78896747985146,0.0029182645883238933,215527.5,347.5
1776902750.0952673,25.71857421875,0.003027343749998579,42.83407935989095,0.0215443179828263,1008.4813479553331,0.0005864298202595819,39.77815050729955,0.00490111417863659,213054.0,204.0
1776902752.093378,25.73302734375,0.0036132812500007105,42.90539887235407,0.018591575985272613,1008.4763984754367,0.002378352370101311,39.81951611304022,0.019877268238552404,210320.0,1720.0
1776902754.1247501,25.75021484375,0.004980468750000355,43.08321130699214,0.0915615780878376,1008.4649115769901,0.0010834191996877962,39.9155192039472,0.009054845252354227,192911.0,6006.0
1776902756.1555145,25.7708203125,0.0041015625000007105,43.851813823311176,0.24423065782479014,1008.4726336298376,0.0029730804036489644,39.85098116644892,0.02484782997555257,184497.5,1701.5
1776902758.1873121,25.788593749999997,0.005468750000000355,44.60193694225641,0.15060637513624187,1008.4739550306451,0.002121222789071453,39.839937412495686,0.017728322185615042,185748.0,1366.0
1776902760.2048967,25.8096875,0.0048828125,45.021106607513616,0.040464614195311555,1008.4715094132553,0.001242504342940265,39.86037690371302,0.010384369183391584,195494.0,1315.0
1776902762.2533913,25.82970703125,0.00439453125,45.04189391955097,0.02709333751673526,1008.4737166026518,0.0025325702762870606,39.84193010384932,0.021166202177770543,201861.5,548.5
1776902764.2811615,25.84796875,0.0041015625000007105,44.87231760914131,0.051627167501116844,1008.4767348235747,0.0025049741390148483,39.81670505930239,0.020935514044772674,206923.5,768.5
1776902766.2932665,25.864765624999997,0.0035156250000003553,44.613937891715665,0.07304812861954701,1008.468257740765,0.001112723324865783,39.887553155124934,0.009299734071287702,210575.0,929.0
1776902768.3270469,25.8801953125,0.0021484375000007105,44.33743363318612,0.0822620267778369,1008.4712644845906,0.0025563515563931105,39.86242393940033,0.021364998598304652,212989.0,814.0
1776902770.3881083,25.8895703125,0.0017578125000010658,44.03624021775791,0.07301225623146124,1008.4672322025592,0.0010126310933742388,39.89612423071436,0.008463206821872404,214769.0,966.0
1776902772.4119563,25.8926953125,0.0011718750000007105,43.759211640478426,0.06991669641491072,1008.4640622028359,0.0009793677301104253,39.922617982863635,0.008185224418888026,214420.5,206.5
1776902774.4368773,25.902363281249997,0.0028320312499996447,43.53508362707163,0.039215248037407946,1008.4641539084761,0.0009212747547735489,39.92185153778085,0.0076997024013287785,214558.0,69.0
1776902776.467117,25.91056640625,0.0012695312500010658,43.35362160397156,0.039354795212194205,1008.4755737963783,0.0020499320776252716,39.82640843096894,0.017132480985626586,215041.0,0.0
1776902778.4816518,25.9169140625,0.0023437499999996447,43.21767065784192,0.0300914854019787,1008.47760706066,0.0007801938019156296,39.80941525431295,0.006520525142899913,215457.0,0.0
1776902780.4970157,25.926875000000003,0.0015625000000003553,43.115618653812525,0.03016386246041236,1008.47634510387,0.0006970515783564224,39.81996215279929,0.005825664004564857,214629.0,689.0
1776902782.521952,25.9286328125,0.00039062499999964473,43.00358739024769,0.03340059847992194,1008.4727927791132,0.00028221618612178645,39.84965103045555,0.0023586509484125884,217212.5,1058.5
1776902784.5962095,25.928046875,0.0007812499999992895,42.87317850675724,0.024150457567227335,1008.4709337334459,0.0012614635095928861,39.865188213455404,0.010542827416884393,218200.0,356.0
1776902786.6207664,25.92775390625,0.00048828125,42.79135494539052,0.021255377503695883,1008.4722865779072,0.0010374787410682984,39.8538816635632,0.008670839346766712,218059.0,640.0
1776902788.6382775,25.9270703125,0.00019531250000071054,42.70952749540845,0.02419393101688172,1008.4876158364202,0.002141265051193386,39.72576654906392,0.017895631025016456,218557.0,286.0
1776902790.6766615,25.926289062499997,0.00039062499999964473,42.67311625119733,4.4553477806630326e-05,1008.5219592574526,0.010673177254716393,39.43874559760724,0.08919866103954988,217773.5,212.5
1776902792.704319,25.924335937499997,0.0005859375000003553,42.67591989853332,0.0030932413763018474,1008.5653655805988,0.011835039850836893,39.07599349349937,0.09890521773408523,217631.5,70.5
1776902794.716753,25.9253125,0.0009765625,42.67300496527487,0.005941337961427706,1008.6135028890698,0.013445373573517827,38.67371877153081,0.11235840588547319,216856.5,562.5
1776902796.751991,25.9313671875,0.0015625000000003553,42.68277564042344,0.015311070162749019,1008.6479304553559,0.004349268469695744,38.386022762837825,0.03634435025109539,216504.5,350.5
1776902798.769755,25.933125,0.0,42.70719003562881,0.00908103673402394,1008.669941380712,0.010042559781595628,38.20209194243285,0.08391844826685002,217563.0,708.0
1776902800.789899,25.93478515625,0.0008789062499996447,42.68619145363954,0.00010027646234433973,1008.7137058381788,0.00872317991371574,37.83639019281193,0.07289077901487317,219635.5,649.5
1776902802.8158472,25.93263671875,0.0012695312499992895,42.673840394615205,0.006197622995138374,1008.7659265943666,0.01894766063071529,37.40004432063542,0.15831977182449464,219346.5,503.5
1776902804.8288734,25.9294140625,0.0,42.59178151592718,0.021174371216869048,1008.832845305908,0.014607342936358236,36.84091039479361,0.12204709774897182,220796.0,656.0
1776902806.882109,25.922968750000003,0.004492187500000355,42.51846662515399,0.021675762630493978,1008.8772114753158,0.009176766985831364,36.470228871108034,0.07667088409332834,221972.5,1105.5
1776902808.9000237,25.90734375,0.0046874999999992895,42.43507608976439,0.018664054430495014,1008.9003573135942,0.0061217812034328745,36.276849564219106,0.05114586204324567,222558.5,370.5
1776902810.9680927,25.88068359375,0.01025390625,42.3384016671163,0.028342790921040972,1008.9239316861413,0.007170173478300512,36.079893829596514,0.059903768717255446,223900.5,374.5
1776902812.9881005,25.84123046875,0.008691406249999645,42.27958199619817,0.016077720672917906,1008.9450900672314,0.006953449952732171,35.903125989353725,0.05809214883783298,224879.0,151.0
1776902815.0046,25.81359375,0.0076171874999992895,42.24627046173144,0.0038792393086275467,1008.9561212837864,0.00047231955960569394,35.81096664922355,0.003945928344485594,224880.0,454.0
1776902817.0321593,25.79142578125,0.004003906250000355,42.231693383815326,0.009505778065197035,1008.962292672732,0.0026584701940350897,35.759408785641085,0.022209711036023094,224728.5,453.5
1776902819.0970197,25.776874999999997,0.0033203124999996447,42.23306672680925,0.00037514642674096876,1008.9661651384812,0.0035393353219888013,35.727057035680545,0.029568648410748466,223600.5,74.5
1776902821.110569,25.766718750000003,0.0023437499999996447,42.25002672065938,0.011807162238639535,1008.9652715440827,0.0044276200124500065,35.734522412545395,0.03698966653951885,222632.5,148.5
1776902823.151111,25.75861328125,0.00146484375,42.3668567616682,0.039095266158536646,1008.9731675428541,0.0012839831870223861,35.66855701762249,0.010726712961908191,220723.5,728.5
1776902825.170747,25.756171875,0.0,42.67195616933458,0.1573311155924273,1008.9655718303642,0.0,35.73201366540523,0.0,214515.0,2340.0
1776902827.2046025,25.75666015625,0.001074218749998579,43.466665004430396,0.21899927438509437,1008.9745752702424,0.0010024211206314249,35.65679651949601,0.00837446439464884,207606.0,2965.0
1776902829.2404342,25.7622265625,0.001953125,44.35424373991689,0.21108544681953134,1008.9744422738561,0.0014077724541152747,35.65790760626598,0.011760867073160597,196404.0,58.0
1776902831.2588377,25.76935546875,0.001074218749998579,45.200586059146325,0.19974479534300116,1008.9677064519769,0.0010025131301745205,35.71418041868493,0.008375279230140364,193843.5,674.5
1776902833.2921638,25.7700390625,0.0009765625,45.7357486498843,0.05841287555820429,1008.9660727690662,0.0038985261285802153,35.7278287259292,0.03256943648370836,201753.5,1765.5
1776902835.309226,25.7692578125,0.00019531249999893419,45.82808579203579,0.0030586401074508274,1008.9648104526132,0.0015098938517894567,35.73837445171685,0.012614111102390524,207312.5,1157.5
1776902837.3358746,25.77033203125,0.0012695312499992895,45.717301869290814,0.05867694959432157,1008.9574187607079,0.002051258191670513,35.80012707698506,0.0171369346149568,211778.5,1207.5
1776902839.40937,25.759394531250003,0.004980468750000355,45.35600922126008,0.11125050501804878,1008.9506990413043,0.0007455146813981628,35.85626612272221,0.00622832625066394,216649.0,1053.0
1776902841.429762,25.739375,0.0048828125,44.89318777749136,0.11093405361591024,1008.9466456881023,0.00032457995837376075,35.89012950157132,0.0027116789286303344,219561.5,288.5
1776902843.452207,25.7255078125,0.00390625,44.50878312567774,0.07080532092933467,1008.9461432911367,7.688302144970294e-05,35.894326739869726,0.0006423136974582633,220650.5,655.5
1776902845.4901974,25.70998046875,0.0041992187499992895,44.192237605239285,0.08596890061665263,1008.9420448142678,0.0031347228660365545,35.9285672606348,0.026188903862845336,222856.0,520.0
1776902847.5438776,25.7040234375,0.00039062499999964473,43.886530214484736,0.06089955686876891,1008.9369823560319,0.002106739454632134,35.97086141243764,0.017600733321351925,222484.5,296.5
1776902849.5712326,25.7063671875,0.0003906250000014211,43.70710090129269,0.02744168854419371,1008.9343809936629,0.0011941043069896295,35.99259448044499,0.009976153099792384,221600.0,441.0
1776902851.5941,25.697382812500003,0.005273437499999645,43.62693138938066,0.009738730430523646,1008.934465695886,0.0006051657089187756,35.99188683158053,0.00505586096289079,222855.0,74.0
1776902853.6131585,25.68556640625,0.0012695312499992895,43.601225062296024,0.021147301508239735,1008.9409253484541,0.00022620241531967622,35.93791975981048,0.0018897997968849722,222041.0,295.0
1776902855.6376069,25.68234375,0.0009765625,43.716491580838564,0.03946002597445997,1008.9421061521707,0.0006654248417135022,35.92805478438582,0.005559262204755555,221159.0,0.0
1776902857.6574388,25.67365234375,0.002050781249998579,43.86470258524698,0.005854843306373425,1008.9381002484586,0.0033139058194251447,35.96152201766965,0.027685967585160398,222040.5,147.5
1776902859.6744165,25.666621093750003,0.0018554687499996447,43.8791185658267,0.003262890629077475,1008.9459027234267,0.003389804374705818,35.89633658427266,0.02831988339180569,222040.5,147.5
1776902861.7095537,25.6579296875,0.0029296875,43.95430182411824,0.042334378345934454,1008.9437214298937,0.004734269609173225,35.914560100987146,0.039552193328990626,221673.5,367.5
1776902863.728126,25.65001953125,0.0026367187500007105,44.0326471798781,0.00030766403593318614,1008.9382394495348,0.001214553836689447,35.96035903293283,0.010146967423612097,222931.5,743.5
1776902865.7518651,25.647480468749997,0.0010742187500003553,43.95308086509008,0.024260453636550494,1008.9286610242771,8.92351152401716e-05,36.04038211113038,0.0007455188400555812,223900.0,75.0
1776902867.7826648,25.64513671875,0.0022460937499992895,43.88575935619608,0.006355347333169448,1008.9266987261294,0.0018457687520481159,36.05677624480521,0.015420583509648367,224200.5,225.5
1776902869.8084974,25.641718750000003,0.00039062499999964473,43.8427098152457,0.012230203932293904,1008.9275633370451,0.00028131865974501125,36.04955279345023,0.0023502916455484524,224502.5,527.5
1776902871.8383577,25.64005859375,0.0002929687500010658,43.79378447613819,0.006056584784914776,1008.9239680201138,0.0022985380476825412,36.07959011997824,0.01920331327995939,223900.0,225.0
1776902873.8552637,25.639277343750003,0.0010742187500003553,43.836333650725706,0.012059392423140025,1008.9190553263768,8.921026631014684e-05,36.12063366167437,0.0007453169823250505,223675.5,149.5
1776902875.9207077,25.6188671875,0.005859375,43.81264406723673,0.034181945079375,1008.917099161549,0.0003435014594970198,36.13697666913153,0.0028698252373118294,225562.5,380.5
1776902877.9524827,25.603828125,0.003515624999998579,43.71346661376418,0.009538838622603407,1008.9174337247249,0.0025311761249895426,36.13418154134075,0.021147016923201534,224652.5,75.5
1776902879.9748867,25.595332031250003,0.0018554687499996447,43.682047236293485,0.0028280660949668857,1008.9237786392713,0.0033888995050119775,36.08117233773132,0.0283128264181407,223526.0,0.0
1776902881.960029,25.58048828125,0.006542968749998934,43.65902851607809,0.019013683190344466,1008.9235144928524,0.0012881175065331263,36.083379136976134,0.010761680907513949,224125.0,0.0
1776902884.0321887,25.5587109375,0.0056640624999992895,43.51661266226804,0.037133970927193616,1008.9184311147694,0.0018542966055292709,36.12584871902742,0.01549193275193872,225031.0,303.0
1776902886.0515745,25.54513671875,0.0012695312500010658,43.375267466523184,0.036594702307727545,1008.9211289918192,0.0029641798636248495,36.103309039448305,0.024764525560453166,224426.5,301.5
1776902888.0597517,25.53966796875,0.00146484375,43.32300666489306,0.0032049919160996865,1008.9205023658037,0.0031070547681224525,36.108544250943005,0.02595820073613453,223825.5,299.5
1776902890.0810888,25.53205078125,0.0041992187499992895,43.316057744331175,0.009591932040503792,1008.9209653661678,0.000512530658909327,36.1046760371917,0.004281987211044225,224201.5,526.5
1776902892.1021464,25.514765625000003,0.004296874999999645,43.23211591355083,0.03084019019911821,1008.932261808204,0.0005580961354212377,36.01029924206443,0.004662626146249238,224803.5,226.5
1776902894.1411383,25.5055859375,0.0011718749999989342,43.16734411621982,0.008965907123286598,1008.9274613744814,0.0035801613631747387,36.050404687828895,0.029910650195830613,223376.5,298.5
1776902896.1548464,25.50001953125,0.0012695312499992895,43.20614431379221,0.0001457489958447411,1008.9248512301365,0.0011395223328349857,36.07221126302376,0.009520220409807933,223078.5,297.5
1776902898.2272239,25.49416015625,0.0036132812500007105,43.16603461560672,0.02164814576833507,1008.9254168245305,0.0032834868534337147,36.06748599727612,0.027432112096246186,223902.0,675.0
1776902900.224041,25.47560546875,0.0061523437499992895,43.08809250338942,0.024959781291357785,1008.9337451763915,0.00465307052610342,35.99790648961317,0.03887413131899109,226864.0,462.0
1776902902.243989,25.45392578125,0.00439453125,42.96741337940358,0.02776868017454248,1008.9370205644865,0.0034539785831384506,35.97054222541142,0.028856228017300367,227249.0,232.0
1776902904.2648542,25.436152343750003,0.004980468750000355,42.92903020611415,0.00246027155629136,1008.9283622300785,0.0025767380867591783,36.04287842341954,0.02152748103267399,226403.0,460.0
1776902906.3094535,25.4231640625,0.003320312500001421,42.954810220054746,0.023854863946091598,1008.9292622230613,0.003755513258283827,36.03535941693109,0.03137559166721715,226402.5,153.5
1776902908.3324738,25.4137890625,0.0013671874999996447,43.077985596257506,0.03925224094975022,1008.9287042201843,0.0014389870686954964,36.040021235872814,0.012022082680385182,226249.0,0.0
1776902910.3489382,25.4137890625,0.0007812500000010658,43.28121934682687,0.05472166530443445,1008.94330002885,0.0030873287072950006,35.918080630088255,0.025792925472654105,225106.0,76.0
1776902912.4074562,25.41056640625,0.00146484375,43.51471364628719,0.05757766549416132,1008.9371785201578,0.00036885334816361137,35.96922254695213,0.0030815810574154057,223975.0,150.0
1776902914.4240592,25.41154296875,0.0008789062499996447,43.77641376468587,0.07011412337235257,1008.9287225085661,0.002228242596686414,36.03986845446069,0.018615953483273273,223302.0,224.0
1776902916.453581,25.4175,0.0027343749999992895,44.014702183940194,0.05823637448877861,1008.9182823302817,0.0025953740085356003,36.12709176715072,0.02168335113455555,222855.0,223.0
1776902918.4838238,25.422871093749997,9.765625000035527e-05,44.2410512561767,0.04579740488498629,1008.9224029594832,0.0010701015162908334,36.09266553398006,0.008940256826576842,222855.0,223.0
1776902920.501997,25.42619140625,0.0006835937499989342,44.369684567666795,0.021463134999631706,1008.9332434529456,0.005666242825043355,36.00209817981515,0.04733871002730083,224427.5,602.5
1776902922.5417256,25.42716796875,0.001660156249998934,44.37285247640153,0.005915002037152561,1008.9284361600187,0.006439080269331043,36.042260888969636,0.05379559950210577,224652.5,226.5
1776902924.5932324,25.43361328125,0.00048828125,44.41638104776061,0.012279615884967399,1008.9306440239224,0.0017015193814131635,36.02381507300886,0.014215398653778522,224050.0,225.0
1776902926.6165996,25.44103515625,0.0022460937499992895,44.423363411366,0.018070970174537848,1008.9298688413669,0.002718257847050154,36.0302913777993,0.02270978714864924,224577.0,151.0
1776902928.6381822,25.4473828125,0.0009765625,44.359948434091876,0.015158737652157583,1008.9218833667118,0.0006661837597903286,36.09700651584416,0.005565692877837591,225182.5,303.5
1776902930.669886,25.45392578125,0.001855468750001421,44.29352490336329,0.002836289374105405,1008.9224238713871,0.002474694209070094,36.0924908403429,0.020675049129586398,225562.0,228.0
1776902932.7100697,25.461542968750003,0.0018554687499996447,44.19368528545674,0.042507219390611084,1008.9265251081526,0.0015624710039787715,36.05822674325999,0.013053757641895203,226865.0,616.0
1776902934.7348678,25.468378906250003,0.0010742187500003553,44.04196021720917,0.01816896074635821,1008.9275388090998,8.834847801608703e-05,36.049757713233056,0.0007381120525025153,226632.5,230.5
1776902936.734365,25.4753125,0.0013671874999996447,44.024473892243094,0.0001592861011907587,1008.9332717803252,0.004034450952474344,36.00186146523883,0.033705879770188574,225410.0,228.0
1776902938.7962127,25.480488281249997,0.0008789062499996447,44.07691423981436,0.009251610331517668,1008.9297771532235,0.00679040452200752,36.03105751966608,0.05673069347195181,225334.0,304.0
1776902940.8119524,25.48224609375,0.00048828125,44.0771190069501,0.003106659940662837,1008.9262319758762,0.0028601299891306553,36.06067575395828,0.023895133026112347,226555.5,153.5
1776902942.8492763,25.476875,0.00019531250000071054,44.03990106055459,0.01526788221030273,1008.9321479628459,0.0021403370994903526,36.01125037990906,0.017881493879638555,227481.0,155.0
1776902944.8730133,25.482050781250003,0.0008789062499996447,44.025259989555636,0.018395107036756286,1008.9222669605062,0.0022287710370960667,36.093801762218874,0.01862046483088875,226096.0,153.0
1776902946.9122481,25.4844921875,0.0007812499999992895,44.065182677892736,0.009057437556812431,1008.9198266154674,0.0021750501206838635,36.11418985994018,0.01817168427160354,226940.5,231.5
1776902948.9488044,25.48078125,0.0009765625,44.04340515421404,0.012310234687131327,1008.9183903746234,0.003895589065734839,36.126189126584556,0.032546144790480014,227481.5,309.5
1776902950.967638,25.477265625,0.0015625000000003553,44.0704389142322,0.0028673789213762295,1008.9209190843449,0.00021152562624138227,36.10506270245949,0.0017672114719040621,227403.5,77.5
1776902952.9959037,25.48126953125,0.00244140625,44.11360901628134,0.03383892734580485,1008.9228288961115,0.00029668059136156444,36.08910700618334,0.0024786431343066795,225562.5,380.5
1776902955.0159242,25.489277343749997,0.0018554687499996447,44.236601244754134,0.01548004784265089,1008.9302977733917,0.002998958307898647,36.02670785510446,0.025054901054492262,225334.0,0.0
1776902957.0915916,25.49044921875,9.765625000035527e-05,44.29780297923058,0.027494794404901768,1008.9404029574741,0.000754503954624397,35.94228405877566,0.006303478302193355,224652.5,226.5
1776902959.1078725,25.4946484375,0.001953125,44.35326874539358,0.008935222245664676,1008.9389789766504,0.0031568040756155824,35.95418069770388,0.026373445243088156,225259.0,531.0
1776902961.1444004,25.504609375,0.0029296875,44.314728611094765,0.00034318941194655395,1008.9477797585344,0.0007390031197473945,35.88065500096139,0.006173940538459988,224880.0,454.0
1776902963.1663284,25.515742187500003,0.0015625000000003553,44.32214128259531,0.005925427947104822,1008.9384020934053,0.0011241468485536643,35.959000227122814,0.009391662700299008,224350.5,75.5
1776902965.188153,25.509785156249997,0.004785156249999645,44.29701185842295,0.012775490363654995,1008.9342483415087,0.00590924466149545,35.993702836174315,0.049368832672961105,225869.0,687.0
1776902967.233755,25.5055859375,0.0013671874999996447,44.269038732152126,0.015426307060170785,1008.9301984770213,0.0005273847024795941,36.02753740088277,0.004406054113310631,224652.5,377.5
1776902969.2467654,25.50666015625,0.0008789062500014211,44.32718561458012,0.000102981420820214,1008.9246357441284,0.0005081531544988138,36.074011552879284,0.004245402420192335,225334.0,152.0
1776902971.2706068,25.5096875,0.0007812500000010658,44.26341380510212,0.02738712136232735,1008.9258791617397,0.0014744336509693312,36.063623341779476,0.012318250685819265,226479.0,77.0
1776902973.3251607,25.5161328125,0.0011718750000007105,44.20311406066009,0.021501855532783054,1008.917136293355,0.003580292570745769,36.136666489467224,0.029911994233287942,224652.5,226.5
1776902975.3471873,25.51974609375,0.0010742187500003553,44.3165035820383,0.024307485076896285,1008.911115097477,0.0008237552264063197,36.186971391169635,0.006882197518127242,224202.5,676.5
1776902977.3812695,25.52052734375,0.0022460937499992895,44.310486082916,0.01806125361308375,1008.9224140100351,0.005454923273987333,36.09257330709357,0.04557363377258739,225183.0,455.0
1776902979.3977869,25.52794921875,0.0016601562500007105,44.296084840902864,0.003248282122864765,1008.9252853183106,0.00268313671517717,36.068584662899354,0.022416448790956167,224728.0,0.0
1776902981.4146318,25.5317578125,0.00019531250000071054,44.275155642851715,0.012236781831472143,1008.9350903663079,0.003965276981148236,35.98666807115237,0.033127916463207896,224955.5,378.5
1776902983.4451988,25.53341796875,0.0002929687500010658,44.22344819648028,0.0030182883116616206,1008.9322990840869,0.0022983054277005976,36.009987836567646,0.019201241460596208,224803.5,75.5
1776902985.4647963,25.53791015625,0.0016601562500007105,44.1995547551996,0.00324627463770355,1008.933172453245,5.411065717453312e-05,36.00269124026367,0.0004520683162141381,224501.5,75.5
1776902987.5093188,25.54279296875,0.00048828125,44.15129802162412,0.00909686991083447,1008.9292025643822,0.0028605273097355166,36.03585781800771,0.023898395490842717,224879.0,151.0
1776902989.5414045,25.54474609375,0.001074218749998579,44.157628993832404,0.00927980620602753,1008.9214101005745,0.0017361045460120295,36.100960470248715,0.014504449016754961,225030.5,151.5
1776902991.5689788,25.549921875,0.0,44.170439840714764,0.003051679922517536,1008.9279501182773,0.0018248567977252605,36.04632142055889,0.01524585804683909,224652.5,226.5
1776902993.595375,25.55685546875,0.0018554687499996447,44.204825383630606,0.03074027647828359,1008.9227319897052,0.004300819112586396,36.089916680712186,0.03593156040391676,223601.0,374.0
1776902995.6334462,25.56828125,0.0007812500000010658,44.30691930094628,0.021470982149754292,1008.9156489145785,0.0012625775198102929,36.1490929480152,0.010548371627692177,223527.0,598.0
1776902997.6822963,25.56564453125,0.0006835937499989342,44.28218045779337,0.03351118044539092,1008.9195997659257,0.0016325875748179897,36.11608509146674,0.013639626542477856,225182.0,0.0
1776902999.707582,25.56818359375,0.0022460937499992895,44.09630576496975,0.05516994020879906,1008.9273529718721,0.002757225743152958,36.0513103258011,0.023035392408566224,226173.0,383.0
1776903001.7491994,25.561640625,0.0007812499999992895,43.90042407446499,0.03665351165702191,1008.934115238133,0.006036949334827568,35.99481485458209,0.050435747792342056,226787.0,385.0
1776903003.7633398,25.55705078125,0.0010742187500003553,43.76892263240077,0.015347178342214107,1008.9385591166092,0.002648545933425339,35.95768839922114,0.022127222032246152,226096.0,153.0
1776903005.7902238,25.5520703125,0.001562499999998579,43.743990679475274,0.015401403677977044,1008.9359844848414,0.0016128245081290515,35.979198114315324,0.013474336720847191,226557.5,614.5
1776903007.8269858,25.55255859375,0.001074218749998579,43.67709100731045,0.002918389265797572,1008.9322114679921,0.001736106116652536,36.01071981951186,0.014504336405199325,225639.5,609.5
1776903009.8483896,25.5596875,0.0021484375000007105,43.78445225359983,0.018518157685733172,1008.9291338251016,0.00017759750039658684,36.03643207590427,0.0014837458541911985,224276.0,301.0
1776903011.8904417,25.56779296875,0.0028320312499996447,43.87980893759569,0.009468957598826933,1008.9239843223438,0.0009270701032733086,36.079453906907446,0.0077452785317753126,224201.0,376.0
1776903013.9247925,25.57072265625,0.0006835937499989342,43.852733498873576,0.018355869945736458,1008.9232442987891,0.000720154766838732,36.08563649134629,0.006016592002016097,224652.5,75.5
1776903015.939404,25.556171874999997,0.0025390625000003553,43.78708866708838,0.015518873382607268,1008.9179774775698,0.0022785740657695897,36.12963868938222,0.01903661417496849,225486.5,456.5
1776903017.9820921,25.547871093749997,0.0030273437500003553,43.7769903691332,0.005737886763572675,1008.9209860216951,0.0012429359156840292,36.10450347288055,0.01038422875976508,224879.0,151.0
1776903020.0045295,25.54240234375,0.0012695312500010658,43.776356051750646,0.012030973182739046,1008.9130601447841,0.0006855032921180282,36.17072118789007,0.005727140224436766,224125.5,300.5
1776903022.0280712,25.54337890625,0.00146484375,43.809962709275794,0.003215277661364979,1008.9164632548062,0.0014549889042427822,36.142289438372345,0.012155890157480087,223675.5,149.5
1776903024.0621076,25.551875,0.0017578124999992895,43.890147352829345,0.03371767730253339,1008.9256320673635,0.00445856365746522,36.06568776718691,0.03724936397748735,222262.5,221.5
1776903026.094743,25.55490234375,0.0006835937499989342,43.92096877156156,0.03343993960533709,1008.926874980471,0.0007200849190667213,36.055303707974446,0.006015990922264791,224502.0,377.0
1776903028.0762222,25.55255859375,9.765624999857891e-05,43.75318778965301,0.0547843058480062,1008.9203498514355,0.0028951217157100473,36.10981844334485,0.024187587751466566,225410.0,76.0
1776903030.1558068,25.5520703125,0.0009765625,43.57057428885979,0.04268574132273173,1008.917735860336,0.0024906880008188637,36.13165731247884,0.020808748951196776,226173.0,383.0
1776903032.138172,25.5462109375,0.0017578124999992895,43.44830184259255,0.024512303211842834,1008.9192153894747,0.001721227744042153,36.1192964069041,0.014380184700979015,227017.5,308.5
1776903034.2022743,25.54376953125,0.00146484375,43.365997293302236,0.03324045039886414,1008.9225690809101,0.0014550012240874821,36.09127766132397,0.012155933516943662,226633.0,384.0
1776903036.234543,25.55177734375,0.0016601562500007105,43.306182483805195,0.0032271787820761233,1008.9327737034342,0.000858214910863353,36.00602260467748,0.00716997194900415,225410.0,380.0
1776903038.24728,25.554609375,0.0005859375000003553,43.37939689572316,0.0395548316741241,1008.9254890669906,3.4523405986419675e-05,36.06688240665534,0.0002884281030439695,224426.0,0.0
1776903040.2874029,25.561152343750003,0.0020507812500003553,43.516893159079416,0.030636799134359904,1008.9196394392386,0.001247911540815494,36.115753632847,0.010425809370069317,223154.5,670.5
1776903042.3219328,25.56916015625,0.001855468750001421,43.706412146511916,0.054996887454265675,1008.9252814151669,0.003911102005872635,36.068617299127226,0.03267556871717758,221599.0,0.0
1776903044.336137,25.5762890625,0.0017578124999992895,43.88689228650463,0.027624808898412567,1008.9222030686267,0.007196328610064029,36.09433570955345,0.060122367194210824,222337.0,444.0
1776903046.3606088,25.58302734375,0.00244140625,43.92119217435924,0.017999955976328863,1008.9111933836466,0.002441855848076102,36.1863173543217,0.02040088204167745,223675.5,149.5
1776903048.40475,25.59103515625,0.00146484375,43.873372825454425,0.018108809406822246,1008.9195721169251,0.0005423033257443421,36.11631608003749,0.004530730917327475,223975.0,300.0
1776903050.4194453,25.5958203125,0.0007812499999992895,43.80082944940069,0.030361710812883302,1008.92365525477,0.001262544318478831,36.082203130108795,0.01054802646719466,224501.5,226.5
1776903052.4453864,25.5911328125,0.0048828125,43.748521940393886,0.009699421009088383,1008.9242923272593,0.0015035495333108884,36.07688066115242,0.012561517194050964,225488.5,760.5
1776903054.4620807,25.575703125,0.0031250000000007105,43.63413958286253,0.04295207324882,1008.9194312074283,0.001336968369173519,36.117493328516034,0.011169845956384705,226786.0,77.0
1776903056.5374937,25.56623046875,0.002050781249998579,43.459734494358855,0.05189937382685983,1008.9296712133225,0.0005769659404109007,36.03194244518329,0.0048202843558620145,227481.0,0.0
1776903058.5541742,25.563984374999997,0.0023437499999996447,43.2984795607874,0.01794674652306938,1008.9278661405606,0.0010504536685402854,36.04702300918329,0.008776068682220028,225488.5,760.5
1776903060.5687199,25.574335937500003,0.0023437499999996447,43.31788863697945,0.018488569605029426,1008.9226964846189,0.004424432651092047,36.09021331460789,0.03696430131912365,224803.5,75.5
1776903062.596986,25.58,0.0013671874999996447,43.32157631018188,0.008952271408549706,1008.9163381930259,0.0032653419976895748,36.143334311646015,0.02728071844277835,225334.0,0.0
1776903064.642978,25.58615234375,0.0006835937499989342,43.32228441256446,0.003115295813483243,1008.914418645769,0.00019225058673555395,36.15937139208407,0.00160618465300999,225107.0,379.0
1776903066.6690774,25.5876171875,0.0017578125000010658,43.29512686365146,0.0184189450724368,1008.9113110422866,0.003753200144501534,36.1853343833491,0.031356718398978245,225944.0,458.0
1776903068.7372537,25.57970703125,0.0016601562500007105,43.2638578192753,0.005880109818704682,1008.9058275563848,0.005529313560543869,36.23114721038511,0.04619574885419553,225334.5,455.5
1776903070.7344298,25.57658203125,0.00048828125,43.30296465564948,0.009164805277784183,1008.9099020424655,0.0017015637599797628,36.197106069663334,0.014216006057804265,224579.5,754.5
1776903072.7710745,25.581953125,0.0013671874999996447,43.4949928702203,0.07918972266246271,1008.9103698712098,0.00038451590887689235,36.193197505762996,0.003212502856609234,222857.0,669.0
1776903074.7893775,25.585957031249997,0.0020507812500003553,43.684004881651845,0.018496287565039182,1008.912278050585,0.002401703801297117,36.17725533116905,0.02006540776744714,224350.5,75.5
1776903076.8500624,25.59298828125,9.765625000035527e-05,43.65743392863707,0.02128727774337591,1008.9181660449103,0.000754670883225117,36.12806326605414,0.006304985417489917,224955.0,227.0
1776903078.876075,25.59787109375,0.0006835937499989342,43.624532113810304,0.006163315536451108,1008.9169319843361,0.0020172116414300945,36.13837338508,0.016853045300013747,224125.0,0.0
1776903080.8958519,25.599726562500003,0.00039062499999964473,43.60345676084147,0.033413648457415235,1008.9153680081032,0.0011937320656443262,36.15143981818098,0.009973195381689948,225334.0,152.0
1776903082.8897786,25.604121093750003,0.0018554687499996447,43.53705701140397,0.002826048973190609,1008.914257188818,0.0002609717778909726,36.16072030715574,0.0021803258260106873,225414.0,988.0
1776903084.9520948,25.61115234375,0.00029296874999928946,43.56827865488528,0.009157281446370291,1008.9183197733528,0.0013859567815757146,36.12677892855979,0.011579135243231065,225107.0,379.0
1776903086.9714327,25.609492187500003,0.0005859375000003553,43.50727947732692,0.03945264358506151,1008.9201994911157,0.0009468889768413646,36.11107461885486,0.007910880863885694,226325.5,76.5
1776903088.9851205,25.61076171875,0.0006835937499989342,43.33727340783434,0.05170724744920818,1008.9240761063031,0.004370376168765233,36.07868715193496,0.03651264138160215,226633.0,384.0
1776903090.998714,25.6130078125,0.001953125,43.16147578144816,0.03966380968652672,1008.9258808293779,0.0031563004073404954,36.06360943549984,0.026369514545582007,227404.0,232.0
1776903093.0477772,25.608515625,0.0009765625,43.01539802167255,0.02132992254074395,1008.9240964092177,0.0034031774055165442,36.078517504482626,0.028432105006238828,227017.5,154.5
1776903095.0626597,25.60763671875,0.0002929687500010658,43.0092340480282,0.00905958821932984,1008.9272386121623,0.00043906058635911904,36.05226572542051,0.003668155880529156,225943.0,0.0
1776903097.084482,25.6032421875,0.0,43.02994925978942,0.00606279540616228,1008.9237868978506,0.00273750951475904,36.081103327404634,0.022870737559411936,226479.0,230.0
1776903099.1400752,25.6063671875,0.0011718749999989342,43.07578519226678,0.015295518753053017,1008.906936846286,0.00266877497705309,36.22187935299074,0.02229679099951909,225486.0,304.0
1776903101.1626062,25.61203125,0.0,43.149224767703835,0.01516793809933148,1008.9078774028469,0.003650060430970825,36.21402131705743,0.030495104994788136,224501.5,75.5
1776903103.1937065,25.6130078125,0.00039062499999964473,43.23733513695775,0.02423653085617516,1008.9149306256834,0.0011937800141481603,36.155093989181175,0.009973599476111872,224879.5,302.5
1776903105.189423,25.6087109375,0.002343750000001421,43.25201659893689,0.015446664510772479,1008.916199431944,0.0010500127512500512,36.14449357691383,0.008772467152414976,226402.5,153.5
1776903107.2565603,25.6036328125,0.00019531250000071054,43.1846677901934,0.02126176337133856,1008.9162056321588,0.002140637769400655,36.14444178808387,0.01788423464786959,226632.5,230.5
1776903109.270497,25.60451171875,0.0022460937499992895,43.15442837046456,0.00884311578878183,1008.9158009490304,2.0271156245144084e-05,36.147822750722554,0.00016935804884710137,225792.0,610.0
1776903111.2945392,25.5981640625,0.0009765625,43.17190243465704,0.009213939326706111,1008.9128429461459,0.0038968154793792564,36.172535856030606,0.03255653594423791,225715.5,533.5
1776903113.320878,25.60783203125,0.003613281249998934,43.24280928449615,0.012556483214272163,1008.9156915834066,0.001460940375750397,36.14873646743828,0.012205620043033605,224125.0,150.0
1776903115.3427155,25.617890625,0.0007812500000010658,43.310756664787036,0.018309095268858044,1008.9219087820651,0.005825126076729248,36.09679429323067,0.04866654520824554,224050.0,225.0
1776903117.3602645,25.62326171875,0.0010742187500003553,43.43592123532771,0.0274731846688816,1008.9242008044071,0.0017359402881993446,36.0776452982269,0.014503044226831463,223527.0,598.0
1776903119.4280517,25.61916015625,0.00146484375,43.49927207576305,0.0059106111700515385,1008.9221352905422,0.0021954288677079603,36.094901810147604,0.01834190666741975,224050.0,225.0
1776903121.4136467,25.6212109375,0.0,43.50862922361932,0.009120304794723921,1008.922711794189,0.0018250567569566556,36.09008535503254,0.015247592715631697,223376.5,298.5
1776903123.4362202,25.62130859375,0.0010742187500003553,43.50864155472342,0.02115658474323112,1008.917394430667,0.0019141806085372082,36.13450981911097,0.01599225379876401,224275.0,0.0
1776903125.502709,25.62638671875,9.765625000035527e-05,43.49706700236767,0.003028633309355655,1008.9183003868222,0.0001578112289166711,36.12694088920415,0.0013184520706595038,223751.0,524.0
1776903127.4993966,25.621210937500003,0.0015625000000003553,43.47519300157637,0.024496442340996794,1008.9208867381105,0.0025250022744671696,36.10533296345306,0.021095378283824573,225031.0,303.0
1776903129.5656216,25.6200390625,0.0007812500000010658,43.377820508979696,0.012060907052788394,1008.9226430908027,0.0005625483159406031,36.09065933326059,0.004699858260380552,224352.5,677.5
1776903131.6029878,25.6098828125,0.0046874999999992895,43.38880052422531,0.0005404269215105728,1008.920830703024,0.0002750134584061925,36.10580109295256,0.002297626920036322,224200.5,225.5
1776903133.594249,25.598164062499997,0.0025390625000003553,43.423908195735486,0.017937967752068573,1008.9228804068414,0.0031907579757444182,36.088676689273356,0.026657456707685157,223227.0,0.0
1776903135.6560774,25.5909375,0.001953125,43.51729259919954,0.021055209325304247,1008.9148518718166,0.0022438670034148345,36.155751961325876,0.018746696979601296,222780.5,148.5
1776903137.6780727,25.5915234375,0.0005859375000003553,43.62684135610134,0.027311056161348546,1008.9258361279201,0.004528005292684156,36.06398293204424,0.0378295125003838,222114.5,73.5
1776903139.6665874,25.58810546875,0.002246093750001066,43.723820035351544,0.02713395469557156,1008.9239623919966,0.0036298507329206586,36.0796371669738,0.030325867857811772,222411.0,370.0
1776903141.69388,25.58234375,0.0005859374999985789,43.7292381279822,0.015287461732054197,1008.9173884654302,0.001859391904417862,36.134559655709516,0.01553451500515024,222706.5,222.5
1776903143.7576554,25.582050781249997,0.0008789062499996447,43.69268063470772,0.0031451133099622552,1008.9150900508446,0.004966937643132496,36.153762127739654,0.041496959030478564,222706.5,74.5
1776903145.7515445,25.58078125,0.0015625000000003553,43.68949064729583,0.011991625088885627,1008.9194257078109,0.0025251252545785974,36.11753929104276,0.021096430469295768,222411.0,518.0
1776903147.824507,25.57228515625,0.0022460937499992895,43.703721954816665,0.0033037680032350636,1008.9084327346293,0.002717407366219504,36.20938167608846,0.022703072340682695,223452.0,523.0
1776903149.8390918,25.565058593750003,0.0008789062499996447,43.687668613680195,0.012274162206416861,1008.9013162918382,0.0004045125228344659,36.26883743273996,0.0033795924871107275,223900.0,75.0
1776903151.832942,25.5628125,0.001562499999998579,43.71175453945707,0.011992867366906523,1008.9004237402376,0.005686877710104454,36.27629456998832,0.0475123559035282,223152.5,223.5
1776903153.9023712,25.55958984375,0.00048828125,43.73573057062609,0.012119045634943149,1008.9107271721532,0.002860650496756989,36.190212402280906,0.023899779026752555,222484.5,296.5
1776903155.9186127,25.56115234375,0.00048828125,43.80289145760271,0.012123830152919624,1008.9132523455345,0.0007891160699955435,36.16911541848633,0.006592787724414961,221232.5,219.5
1776903157.9518228,25.56095703125,0.0002929687500010658,43.869874905087826,0.01215127773005875,1008.9138491414325,0.002263860572043086,36.164129414570326,0.018913751231050213,221820.0,368.0
1776903159.968193,25.561640625,0.0,43.854726248745045,0.03350671990178,1008.9085667952102,0.0036497774407280303,36.20826166263174,0.03049272382955337,223451.5,373.5
1776903162.0029974,25.55568359375,0.00146484375,43.738325786563635,0.03974122018329851,1008.9098888659729,0.0005424843965329273,36.19721614620996,0.004532278911590026,223975.0,150.0
1776903164.0168908,25.55412109375,0.00048828125,43.67118644998078,0.0030992953752040364,1008.9128382931308,0.0007891226279639341,36.17257468153108,0.006592844706915457,223301.5,74.5
1776903166.029231,25.558613281249997,0.0010742187500003553,43.67170743796378,0.01508937946498179,1008.9073240549221,0.003738589733302433,36.21864436786015,0.031234753296107698,223152.5,74.5
1776903168.0616086,25.567011718750003,0.0020507812500003553,43.65442400252259,0.008889961761422427,1008.9081225157896,0.0033142467515290264,36.21197346800127,0.027689482049069625,222855.0,74.0
1776903170.0815268,25.57501953125,0.002050781249998579,43.63405479338125,0.00023743293251143882,1008.9137641652211,0.001489305615223202,36.16483935091948,0.012442620444812036,222262.5,221.5
1776903172.154773,25.583027343749997,0.0018554687499996447,43.63498208232312,0.00629925542205001,1008.9139308252509,0.0011736126737673658,36.16344696272747,0.00980511652305438,222336.5,295.5
1776903174.1454406,25.59201171875,0.002636718749998934,43.66644875074482,0.018562373660166998,1008.9248002556793,0.004261111981918475,36.072637189278986,0.03559976470251058,221526.0,367.0
1776903176.2065237,25.59953125,0.00019531249999893419,43.694707125448254,0.00910742059269154,1008.9278273477807,0.00031563591807071134,36.047347102079,0.0026369964388912592,222188.5,147.5
1776903178.2250576,25.605390625,0.001953125,43.619319375457366,0.018026024859391754,1008.9281713606408,0.0004936878921739662,36.044473029905575,0.004124539634407398,223004.0,223.0
1776903180.2162898,25.61154296875,0.00146484375,43.51967565835133,0.03327355181914271,1008.9226010872889,0.0014547071963306735,36.09101026126487,0.012153476726108892,223675.5,149.5
1776903182.2913783,25.6159375,0.00019531249999893419,43.38039295339841,0.051664608784879114,1008.9242276339673,0.0012281493940236032,36.07742114359682,0.010260666635936389,225031.5,454.5
1776903184.3027046,25.607929687499997,0.0015625000000003553,43.20640799257383,0.04873314756409641,1008.9213244805528,0.002950013199949808,36.10167580988305,0.02464616494036065,225943.0,0.0
1776903186.3531928,25.59943359375,0.0006835937500007105,43.08408667529196,0.006143081031606101,1008.928582026901,0.00019222871895863136,36.041042098426914,0.0016059837008626232,225714.0,76.0
1776903188.3789153,25.6048046875,0.0021484375000007105,43.06954103770768,0.002785884093551516,1008.93452451525,0.003471995189443078,35.99139546400637,0.029006805671315306,224803.5,226.5
1776903190.3977718,25.61408203125,0.0026367187500007105,43.10396272067081,0.01849909295671992,1008.9358294370604,0.002126589485499153,35.98049346698285,0.017766586641247528,223153.5,372.5
1776903192.4000912,25.61935546875,0.0002929687500010658,43.15006507575471,0.009067272690952421,1008.9306636625513,0.005948599410089628,36.023651110370615,0.04969776521040359,223750.5,224.5
1776903194.4615502,25.6219921875,0.0011718749999989342,43.13520035484903,0.011999021259907039,1008.9285369409436,0.0008438247999151827,36.04141877340924,0.007049773480844124,223675.5,299.5
1776903196.5131183,25.62384765625,0.001074218749998579,43.132379551130036,0.0029100564518884653,1008.9342730100248,0.0053860856756386966,35.99349672304661,0.04499809577284708,224050.0,75.0
1776903198.5330274,25.61828125,0.0007812499999992895,43.10747635506478,0.009188197924849817,1008.9234525520286,0.0005625396657933379,36.083896622064714,0.004699782939926678,223900.0,75.0
1776903200.5484018,25.62208984375,0.0022460937499992895,43.06545852762713,0.014903159697961854,1008.9168318504034,0.0036705633153815143,36.13920999802465,0.030666179755904466,224276.5,451.5
1776903202.5726256,25.6305859375,0.0015625000000003553,43.039144490470164,0.005884349979773162,1008.9150483258802,0.00526258250721412,36.154110734799616,0.04396696590520932,223078.0,149.0
1776903204.5833578,25.63615234375,0.0010742187500003553,43.018561505795994,0.0031543673469371925,1008.9185681973809,0.0026484522026635204,36.12470345874476,0.022126793944931222,223451.0,224.0
1776903206.6069381,25.64328125,0.001953125,43.01331534676491,0.0028075871481654247,1008.9209626966035,0.0022436073468838913,36.10469835632141,0.018744435717295005,223227.0,149.0
1776903208.6361597,25.65275390625,0.0018554687499996447,43.04471864156473,0.027499559258576056,1008.9280569710262,0.0011731983350955488,36.04542870737252,0.009801543750267427,222410.0,74.0
1776903210.7016232,25.662714843750003,0.0020507812500003553,43.10954093704574,0.006301508603925754,1008.9286393831553,0.0012490140292698015,36.04056291807004,0.010434944856491768,222041.0,0.0
1776903212.7277324,25.6719921875,0.0021484375000007105,43.15611028341236,0.02148456865787196,1008.9189907609482,0.0016464537735032536,36.12117308972596,0.013755479895618095,221379.0,220.0
1776903214.7624898,25.68,0.0007812499999992895,43.22379065179744,0.009195531190819395,1008.9282801367144,0.0012624182156173447,36.04356425944367,0.010546933786645951,221306.5,439.5
1776903216.7829888,25.68654296875,0.0022460937499992895,43.23668502423562,0.014919054454715308,1008.9178626264506,0.00089152582125962,36.130598211829295,0.0074483576835575604,222412.0,666.0
1776903218.8482475,25.68712890625,0.0012695312499992895,43.13054712698193,0.036548693992777714,1008.927935639399,0.0011387896752239612,36.04644237826056,0.009514075818117362,223750.0,75.0
1776903220.8803966,25.680390625,0.0013671874999996447,42.99938034675118,0.027437225741127946,1008.9343870087973,0.0014412031159736216,35.992544229145935,0.012040541836242369,223676.0,449.0
1776903222.9051213,25.673847656249997,0.0038085937499996447,42.95922851298309,0.0004358534350608067,1008.924726807096,0.0034165072891028103,36.073250798998856,0.028543456094613617,224127.0,601.0
1776903224.9207132,25.656855468750003,0.0038085937499996447,42.902748335547614,0.01861135057697183,1008.9209961646477,0.0038839407362161182,36.10441877799252,0.03244875962929328,225562.0,76.0
1776903226.9739053,25.6419140625,0.0048828125,42.849551147212324,0.01569905628869961,1008.9297040298856,0.0015025942647071133,36.031668284390136,0.012553481807518807,226480.0,537.0
1776903228.9867964,25.6235546875,0.0048828125,42.75663470002773,0.021742317085166718,1008.9274117954208,0.0015029371147079473,36.050818863362736,0.012556369262131994,226632.5,76.5
1776903231.0156708,25.61095703125,0.00146484375,42.694680499422645,0.021344356113850438,1008.9243917343674,0.0012828282148120707,36.0760501549916,0.010717483551310636,227172.0,309.0
1776903233.053503,25.60138671875,0.002832031250001421,42.63611890558308,0.006370516996618392,1008.9326508617123,0.002723274415814103,36.00704891050246,0.022751647461923596,226709.0,0.0
1776903235.0725772,25.5981640625,0.0,42.60853700118061,0.015118805607404084,1008.9356553553364,0.002737489030778306,35.98194784238123,0.02287034858666459,225866.5,76.5
1776903237.1207433,25.5950390625,0.001562499999998579,42.653544435000384,0.017969682744560345,1008.9287801552844,0.0034375955490304477,36.039386865330755,0.02871954605405236,224955.5,378.5
1776903239.1475334,25.58966796875,0.00341796875,42.71948642072347,0.017765230985673952,1008.9155376897857,0.003698661779765189,36.15002223088306,0.03090096398232589,224955.0,227.0
1776903241.1643414,25.56818359375,0.00634765625,42.750324559116635,0.0023031890001270483,1008.908191365944,0.0006910738770216085,36.21139821155502,0.0057737030729860805,226863.0,0.0
1776903243.193728,25.55001953125,0.0010742187500003553,42.75733440530074,0.005930130155363145,1008.9116842274002,0.0037384920767067342,36.182216547982605,0.031233828110547535,226787.5,538.5
1776903245.217837,25.55080078125,0.0006835937500007105,42.805850361748085,0.006132176041820259,1008.9220711273686,0.002544931705244835,36.09543787268315,0.021261860448781533,226864.0,308.0
1776903247.242405,25.5536328125,0.0009765625,42.86369936338885,0.015252351999588853,1008.9111367282655,0.004808788684101728,36.18679074846931,0.04017580941570742,226402.5,153.5
1776903249.264564,25.55998046875,0.002246093750001066,42.94923820822911,0.03358403815150979,1008.9031464874952,0.0027174613425700045,36.25354667953014,0.022703619617296056,225486.5,456.5
1776903251.2941594,25.558613281249997,0.0010742187500003553,43.09153850764362,0.024135394535054644,1008.9173608957797,0.004651014524313268,36.134790050627245,0.0388574653622733,225562.0,228.0
1776903253.3401382,25.55734375,0.0013671874999996447,43.197557834830874,0.027464997772614907,1008.9198713870055,0.004034426995872309,36.11381585014725,0.03370604210732253,225714.0,76.0
1776903255.3676176,25.55724609375,0.00048828125,43.24002879854592,0.0029788688820922005,1008.9124140519857,0.002613995817284831,36.176119089959315,0.021839032032193728,227250.0,541.0
1776903257.3576713,25.5544140625,0.0007812500000010658,43.224529139123675,8.976058563447964e-05,1008.9105744674339,0.0039998957335569685,36.19148822546602,0.033417796401927546,226786.0,77.0
1776903259.4254396,25.5565625,0.0005859375000003553,43.22174133311717,0.0031019720019358488,1008.9158714713917,0.0018593845192071967,36.147233573965146,0.015534472219059126,227017.5,154.5
1776903261.4508638,25.55265625,0.0007812500000010658,43.24860639834047,8.979911162398935e-05,1008.9122957873662,0.0005622658511583722,36.1771071281985,0.004697537394807938,227404.0,232.0
1776903263.47542,25.55041015625,0.00048828125,43.24834822858109,5.6123183739487104e-05,1008.9196149630934,0.004685441728213391,36.11595818977611,0.03914502080326798,227713.5,77.5
1776903265.4892392,25.55177734375,0.0016601562500007105,43.24850550673646,0.006261052502047448,1008.9345985657366,0.0008582196174984347,35.99077677082532,0.007170000769999518,227094.5,231.5
1776903267.5173478,25.5505078125,0.0005859375000003553,43.321218793554955,0.018285960273367152,1008.9252473677368,0.0009469629150657966,36.06890170243388,0.00791146653896746,226249.0,0.0
1776903269.5309677,25.5505078125,0.00039062499999964473,43.39714872853763,0.03346068983327655,1008.921597650177,0.0011935517675283336,36.09939356420992,0.009971639205236471,226096.0,153.0
1776903271.607763,25.54806640625,0.0002929687500010658,43.500179922049696,0.003073461520159526,1008.9149147121569,0.0013859035542509446,36.155226942590104,0.011578722191462276,226863.0,154.0
1776903273.6306129,25.5454296875,0.0009765625,43.46036607879421,0.018346105220192754,1008.9088285664023,0.0006658344542529449,36.206074605055086,0.005562832856327304,227791.0,155.0
1776903275.642721,25.53791015625,0.00244140625,43.392656945316,0.018507247739485422,1008.903975282565,0.000616396446730505,36.24662231035222,0.005149814252309426,228024.0,78.0
1776903277.6826718,25.53380859375,0.0006835937500007105,43.38610820968122,0.006153794740626495,1008.9028210267732,0.00019238351774220064,36.25626578737392,0.00160731020505267,227559.0,387.0
1776903279.7029436,25.533125,0.0015625000000003553,43.413369196777296,0.0032181191304516688,1008.8971542105256,0.0011243967927612175,36.3036105557637,0.009394061819602229,228101.5,155.5
1776903281.7255888,25.5227734375,0.003515624999998579,43.35143170046989,0.03381005123691594,1008.9050591136314,0.008003984978927292,36.23756743232435,0.06687092419377194,229827.0,158.0
1776903283.747984,25.517695312500003,0.00039062499999964473,43.220312936934256,0.02432053751560659,1008.9068882678171,0.002456088131964407,36.222285207455315,0.020519858870574836,229985.0,158.0
1776903285.766482,25.51896484375,0.0006835937499989342,43.126416083845314,0.02115102298754934,1008.9089400730261,0.006579122238008495,36.2051431467235,0.054966446748682785,229590.0,79.0
1776903287.7915502,25.51408203125,0.00244140625,43.06218055839446,0.018469121116893916,1008.9165589363643,0.000616065544875255,36.14149004881088,0.0051469976813081075,229590.5,236.5
1776903289.8197298,25.49845703125,0.00537109375,43.04826501067104,0.006677373146303012,1008.9122898729931,0.0013820972943108245,36.177156546090345,0.011546946592282836,229590.5,236.5
1776903291.8537536,25.486445312500003,0.0015625000000003553,43.055983965954965,0.008915209481511255,1008.9165970182304,0.0011239423589586295,36.141171892002475,0.009390118613804788,228491.5,78.5
1776903293.917166,25.47609375,0.0041015625000007105,43.100274365472856,0.000469874199080067,1008.9162879628618,0.004318599601731421,36.143753992780574,0.036080295613064806,228024.0,78.0
1776903295.9474168,25.461933593749997,0.0028320312499996447,43.119877980909166,0.008772698609046614,1008.9353671908716,0.008194735156337174,35.984355512311986,0.06846292015975308,228024.0,78.0
1776903297.9716067,25.4544140625,0.00019531250000071054,43.149342503242835,0.003055295845133088,1008.9478450635542,0.006070364623724345,35.88010953727783,0.050714357325201576,227946.0,0.0
1776903299.982083,25.45119140625,0.0022460937499992895,43.13987462034538,0.0002574494852076725,1008.9599695414765,1.8567440349670505e-05,35.77881696223814,0.00015511862977035662,227713.5,77.5
1776903302.0076442,25.44982421875,0.00029296874999928946,43.173082393648826,0.02126678963295703,1008.9586719128968,0.004087887044249783,35.78965784866446,0.034151616224658454,227017.0,0.0
1776903304.0212922,25.4503125,0.0007812499999992895,43.206506925332675,0.005978178329161921,1008.9567243049373,0.0005617655529022159,35.80592879406654,0.004693190234853262,227326.5,154.5
1776903306.0849252,25.44845703125,0.0008789062499996447,43.15472611201521,0.015265644935197997,1008.9601111256418,0.004965334591588544,35.77763420330371,0.04148206731728976,227636.0,155.0
1776903308.0777755,25.4471875,0.00039062499999964473,43.11818820749735,0.0030770654888669924,1008.9699187543656,0.004842294132174629,35.69569830825714,0.04045382772928008,227326.5,154.5
1776903310.142869,25.45109375,0.0015625000000003553,43.08528343568095,0.005884553638040302,1008.9698468955025,0.0016133652711118884,35.69629856667141,0.013478488239080377,227017.0,0.0
1776903312.1663978,25.454609374999997,0.00039062499999964473,43.04021596788431,0.009137500900305184,1008.9673189644099,0.001193181443454705,35.717417601704604,0.009968179533707655,226250.5,612.5
1776903314.1830554,25.4548046875,0.00019531249999893419,43.031145494704056,2.2342631680771774e-05,1008.9648977821466,0.0024211833031699825,35.737644886348,0.020227298101559654,224577.0,0.0
1776903316.2072647,25.45490234375,0.0008789062500014211,43.052373686693244,0.009194051790565538,1008.9604941533355,0.00040392984345771765,35.77443418012666,0.0033745640890074924,224426.5,301.5
1776903318.2543936,25.455390625,0.0011718750000007105,43.09790326428783,0.011993700518011963,1008.9685817787652,0.0017549572172583794,35.70686769977587,0.014661400398260582,224577.0,302.0
1776903320.273437,25.4520703125,0.0005859375000003553,43.1248126515832,0.009030212641434332,1008.9741623105455,0.0027717081827631773,35.660246505951534,0.0231555168777291,226020.0,382.0
1776903322.2977185,25.4501171875,0.0,43.14581713447666,0.006065644381241242,1008.967356073143,0.0018245785041131057,35.71710759111021,0.015243050974561356,227173.5,617.5
1776903324.3320005,25.453046875,0.00039062499999964473,43.1188597534598,0.009052288572398481,1008.9638810308038,0.0057546441716453955,35.746139229615665,0.04807607831986971,227249.0,77.0
1776903326.3486202,25.4524609375,0.0009765625,43.07937754281549,0.01830161203547931,1008.9592847476864,0.0011583610543084433,35.7845379655117,0.009677342423831448,227713.5,77.5
1776903328.370646,25.4477734375,0.0017578124999992895,43.02124999226981,0.015353855453454912,1008.9681290086219,0.003544632010573423,35.71065029988614,0.029612851835306486,228102.0,0.0
1776903330.411621,25.44259765625,0.0012695312500010658,42.978235529947966,0.00923436525792809,1008.9634118895924,0.0011398255242625055,35.7500584745654,0.009522458761978214,228961.5,235.5
1776903332.4436316,25.4399609375,0.0011718750000007105,42.92643718419958,0.018306686791127902,1008.9646234750232,0.0008425663714319853,35.7399365140585,0.00703905602376409,229040.0,314.0
1776903334.460639,25.434687500000003,0.0015625000000003553,42.895549055897064,0.00017826406358878444,1008.9597483969703,0.0034379496685801314,35.78066451746391,0.02872179074280723,227946.0,0.0
1776903336.5361385,25.4309765625,0.0005859374999985789,42.88906948581941,0.006123046140494637,1008.9619602600861,0.0008773872108349678,35.76218584655854,0.00732997558552384,227636.0,155.0
1776903338.5566616,25.42951171875,0.00048828125,42.861651671398036,0.0030832719176316914,1008.9723640592796,0.004684272136728396,35.67526958822867,0.039133592679217344,226864.0,308.0
1776903340.5765283,25.4266796875,0.00039062499999964473,42.888579226523255,4.4557425589175637e-05,1008.9686984360368,0.00028082400274342945,35.70589310248957,0.002346081557593749,226172.5,229.5
1776903342.636743,25.4192578125,0.0037109374999992895,42.89076078164894,0.0034513709394872194,1008.9703849067901,0.0023496886001908024,35.69180388614573,0.019629923275978456,227094.5,231.5
1776903344.6551423,25.40900390625,0.00146484375,42.865369059403676,0.00924973383634864,1008.9565463662511,0.0014556637730720468,35.80741536360593,0.012161137232951091,227636.0,310.0
1776903346.6803432,25.4044140625,0.0021484375000007105,42.85576352584994,0.011864670864383697,1008.9646347740528,0.002000390061084545,35.739842129558994,0.016711867529163982,227868.5,77.5
1776903348.7208772,25.39611328125,0.00146484375,42.87600978672316,0.0031947267464005336,1008.9667241746699,0.00036868376844267914,35.72238664242519,0.003080091271140617,228257.5,155.5
1776903350.7315993,25.3930859375,0.0009765625,42.878692444325765,0.0061668457356240935,1008.9645670336972,0.0015786402028084012,35.740408048065575,0.013188441541156948,229590.0,79.0
1776903352.7682571,25.3880078125,0.001953125,42.83270515792973,0.021410772542019174,1008.9545337036045,0.0013328657863667104,35.82422988162603,0.011135256793316728,229906.0,79.0
1776903354.7628272,25.37970703125,0.00048828125,42.78938776234399,0.00308165204398847,1008.9557103731834,0.0026137064866134097,35.81439956766056,0.021835856040301138,230222.5,79.5
1776903356.7886477,25.3766796875,0.0009765625,42.78299188834659,0.015240879661835294,1008.9517287328813,0.0011579047879308746,35.84766367581013,0.00967358927864126,230381.5,79.5
1776903358.852628,25.373164062500003,0.0005859375000003553,42.77351357272339,6.66650002365543e-05,1008.9551673968672,0.0017893438862301991,35.81893577840901,0.014948837112584101,230143.5,158.5
1776903360.846411,25.37150390625,0.00146484375,42.82477251966832,0.027073323648941994,1008.968902876907,0.002192860862237467,35.70418516278984,0.018319764445298148,230222.5,79.5
1776903362.8750644,25.370625,0.0009765625,42.92458145039083,0.01828231396286384,1008.9638333579924,0.0024908605014957175,35.746537412831955,0.0208094202796687,229985.0,0.0
1776903364.9414196,25.3661328125,0.0048828125,42.96647181428972,0.0066159454440501975,1008.9666052541678,0.0005961097713225172,35.723380139618,0.00498007462298844,231258.0,320.0
1776903366.93401,25.349238281250003,0.005957031250000355,42.93728312018209,0.003708317220112889,1008.963921799478,0.004051990759421642,35.74579857952854,0.03385158368057972,231578.5,160.5
1776903368.9981303,25.3325390625,0.001953125,42.92932091314604,0.0028056131940950024,1008.9597288693471,0.004139489545309516,35.78082767563406,0.0345826919571941,231418.0,160.0
1776903371.0128877,25.328046875,0.0009765625,42.92275188789196,0.0031396415819635592,1008.9606756979617,0.0006666436071327553,35.77291749706548,0.005569361329353484,231178.0,80.0
1776903373.0428815,25.3251171875,0.0007812500000010658,42.92847435053767,0.0029392459460559905,1008.9495546290939,0.004911452908970659,35.86582708102586,0.041032269316701786,231258.0,160.0
1776903375.0572352,25.3196484375,0.001562499999998579,42.95510860380046,0.01799457648514391,1008.9498346804562,0.0011224049438283146,35.86348734199762,0.009377023955849495,230700.0,398.0
1776903377.0828762,25.3133984375,0.0013671874999996447,42.99377319124072,0.002873368534821452,1008.9588846574713,0.0005259891901800984,35.7878804522817,0.00439429409252412,232222.0,161.0
1776903379.096722,25.301875,0.0056640624999992895,42.940967415482625,0.024873909837381802,1008.9566723517751,0.004524136231054854,35.80636289691938,0.03779625282646748,232950.5,243.5
1776903381.1155052,25.2860546875,0.0033203124999996447,42.9361326156867,0.0026496735751102563,1008.962105835804,0.0008077810613258407,35.76096965976127,0.006748462585687065,232383.5,161.5
1776903383.1579795,25.26798828125,0.004589843749998934,42.973444148821386,0.01159196254880257,1008.9611702952268,0.0019485328808173108,35.76878547987556,0.016278682117714993,232788.0,81.0
1776903385.1707845,25.25236328125,0.00341796875,42.989835004734815,0.0003900705621653344,1008.9587085829166,0.0009661144779897768,35.78935144180476,0.008071252839265242,232626.0,243.0
1776903387.241141,25.24083984375,0.0026367187500007105,43.04608348827682,0.020909598458821677,1008.9601414145679,0.0021208533106005234,35.77738109191186,0.01771831808025226,231418.5,320.5
1776903389.235304,25.23029296875,0.00244140625,43.120646170916984,0.01184640978254592,1008.9622405965313,0.002123425659306122,35.7598438383245,0.017739778453940147,231659.0,241.0
1776903391.249914,25.21515625,0.0070312500000007105,43.18258446353027,0.008292345784660426,1008.9651255309261,0.0004252070084476145,35.73574218524387,0.0035523073899526025,232546.0,485.0
1776903393.3267329,25.195234375,0.0035156250000003553,43.16514271504475,0.006466465156904633,1008.9575364805726,0.0006990608765704565,35.799143591282515,0.005840200640189863,233846.0,0.0
1776903395.3175702,25.17814453125,0.007128906250001066,43.10862123291558,0.012938767873446722,1008.955437129054,0.003319871562496246,35.81668236294561,0.027735422389142173,234338.5,164.5
1776903397.3486962,25.161738281250003,0.0020507812500003553,43.04311001752244,0.01538268969683898,1008.9562658144444,0.0005804142045349181,35.80975918830853,0.004848989522027836,235080.0,83.0
1776903399.3611434,25.1540234375,0.0015625000000003553,43.027081058132794,0.005880486989674694,1008.9556454588864,0.0007028028919648932,35.81494186411517,0.005871471662718619,234175.0,492.0
1776903401.4145694,25.14083984375,0.004589843749998934,43.064962473024735,0.008565992073311435,1008.9489174010048,0.0037743924197002343,35.87115071114711,0.03153282100943855,234338.0,0.0
1776903403.4336212,25.12365234375,0.00341796875,43.09936288091491,0.002640107429169092,1008.9503037190741,0.0017676382557851866,35.85956881104924,0.01476755793376583,234749.5,82.5
1776903405.446799,25.115546875,0.0017578124999992895,43.10449811687194,0.002829811404662763,1008.9545214332359,0.001930680800171558,35.824332399390755,0.01612962605101842,235328.5,165.5
1776903407.5222313,25.101875,0.0056640624999992895,43.102936326367,0.0023835590303598053,1008.9488254837568,0.0009530718826908924,35.871918580821934,0.007962353659479504,235909.5,83.5
1776903409.538154,25.0774609375,0.006445312499998579,43.10317858148157,0.006796952140845747,1008.9449048571046,0.0013052377307758434,35.90467315914551,0.010904525997268877,236410.5,250.5
1776903411.5759692,25.0501171875,0.006250000000001421,43.09702595689107,0.008377088216935391,1008.9398909679298,7.834246281390733e-05,35.946561457458266,0.000654509778584611,236661.5,167.5
1776903413.5992646,25.02599609375,0.0061523437499992895,43.17004156394334,0.01748533584036238,1008.9419092989262,0.0008327963664100935,35.9296993870219,0.006957561253397415,235743.0,83.0
1776903415.61154,25.0028515625,0.004687500000001066,43.252294406392,0.023725974597017085,1008.9436809336462,0.0006239713931677215,35.91489835082053,0.005212934626932508,235827.0,333.0
1776903417.6307304,24.9846875,0.0048828125,43.34425506876513,0.020681017786039035,1008.9389188797986,0.0012193616662443674,35.95468274702386,0.010187128791656619,236076.0,250.0
1776903419.7046814,24.95900390625,0.00439453125,43.402006289991164,0.014672436979314085,1008.9292868976232,0.004372651633048008,36.03515328909758,0.036531499154126124,236327.0,167.0
1776903421.6838982,24.94474609375,0.004785156249999645,43.46108619427316,0.01463211152815802,1008.9271934638534,0.005022759682162814,36.05264300339218,0.04196292427278081,237333.5,168.5
1776903423.7267525,24.93185546875,0.00341796875,43.5264161817211,0.00871940502131352,1008.930045303734,5.8840564406636986e-05,36.028817091677624,0.0004915856313978395,237333.0,0.0
1776903425.7464697,24.91408203125,0.0051757812499992895,43.5547490074226,0.0024426488533499935,1008.9286447642246,0.0010791677715928927,36.04051796035574,0.009015956486933874,238519.5,510.5
1776903427.7705088,24.89884765625,0.0030273437500003553,43.589455052525466,0.014843863135165947,1008.9176770670852,0.0003389797015529439,36.13214848728059,0.0028320463411937165,238945.0,85.0
1776903429.818272,24.886640625,0.004101562499998934,43.612358803666226,0.008644314093235295,1008.9198088479575,0.0015693233097522352,36.11433829286352,0.013111076311535186,238695.0,1193.0
1776903431.8395338,24.8739453125,0.003710937500001066,43.65344511364785,0.008691055263394531,1008.9220616043683,0.001289400749953984,36.09551741730641,0.010772414428753763,238524.5,1191.5
1776903433.858034,24.8528515625,0.005468749999998579,43.66013408150893,0.0006298201751100407,1008.9189318637107,0.002091500589131101,36.12166515879073,0.01747367349664586,240321.0,605.0
1776903435.895994,24.8372265625,0.003515624999998579,43.646177505075656,0.00040473074761848693,1008.9292036626334,0.0025160377390420763,36.0358486364131,0.02102034289188026,240319.5,86.5
1776903437.9136448,24.830097656249997,0.0008789062499996447,43.63016177610592,0.0029377296636923234,1008.9204063803013,0.0014217031985594986,36.10934614589628,0.011877762901416844,240927.0,521.0
1776903439.9319131,24.8294140625,0.00019531250000071054,43.58146837775395,0.009136447609133569,1008.9120092803307,0.00213876436123428,36.179500810278725,0.017868643193708067,240321.5,777.5
1776903441.9801996,24.825703125,0.0029296875,43.57192785362223,0.0057388291714168815,1008.8959810435408,0.00018186933453989695,36.31341208116863,0.0015194755014888983,239974.5,258.5
1776903443.9930718,24.810859375,0.0037109374999992895,43.60060174241791,0.011726276876256492,1008.8974894471985,0.0021997548119543353,36.30080974723148,0.01837841166899068,238861.5,682.5
1776903446.0329745,24.79875,0.003124999999998934,43.63567188795096,0.017873470727064245,1008.897040390301,0.002235958907363056,36.30456150863174,0.018680894733762443,239802.0,86.0
1776903448.1023285,24.788691406250003,0.0020507812500003553,43.69530183243356,0.024082770975407897,1008.8999081041763,0.003062101814066409,36.28060249650935,0.025583059603334846,238774.5,85.5
1776903450.1156287,24.77912109375,0.0022460937499992895,43.80671158979715,0.03320100216578936,1008.9026537863917,0.002746011804219961,36.25766305899529,0.022942159708097876,237418.0,253.0
1776903452.1620786,24.774921875,0.00019531250000071054,43.9248970817176,0.018286263451994245,1008.8995062780448,0.00606342748744737,36.28395974108267,0.050658366786347386,238434.5,425.5
1776903454.1491709,24.777265625,0.00039062499999964473,43.979967735410305,0.01213456443859684,1008.8741347121766,0.0051885913185856225,36.49593473014917,0.04335021980264386,237671.0,169.0
1776903456.2093418,24.7770703125,0.00019531249999893419,44.01344243104863,0.003022923266811972,1008.8565032769689,0.0015067479470758371,36.64324476553751,0.012588923463844992,238434.0,255.0
1776903458.2319465,24.7786328125,0.00019531250000071054,44.00753263622603,0.009113721270853858,1008.847183291223,0.0005954119727675788,36.72111380568193,0.004974721777010416,241099.0,0.0
1776903460.2338498,24.767890625,0.00390625,43.96365863932847,0.009585880225142063,1008.839831664837,0.0009719586453798001,36.782537503255575,0.008120851760544667,240666.0,260.0
1776903462.3107367,24.755488281250003,0.0018554687499996447,43.953089900864725,0.00587408281262114,1008.8407301118966,0.001555138640583209,36.77503085882245,0.012993393619808558,241972.0,0.0
1776903464.3230858,24.75177734375,0.0012695312499992895,43.95874930997749,0.00014688126874418117,1008.8493081783442,0.002502902285414166,36.70336021337144,0.02091194305214117,242235.5,263.5
1776903466.373092,24.74591796875,0.00048828125,43.99156400234345,0.015168580976901325,1008.8480315947465,0.00285532888671014,36.714026180309986,0.023856519130635686,240493.0,433.0
1776903468.3908222,24.74142578125,0.0020507812500003553,44.06109354388758,0.018039821879664686,1008.8434987472303,0.0005835467185875132,36.751898554978176,0.004875600906110833,240845.5,1301.5
1776903470.403363,24.73244140625,0.00244140625,44.07528333683729,0.009422417971585162,1008.8508359979626,0.0030381028701071955,36.69059517952836,0.025383554393428653,242235.5,263.5
1776903472.4622028,24.7184765625,0.006445312500000355,44.03711210040616,0.009883725428768031,1008.8492044637935,0.0013139400162458514,36.704226741321925,0.010978071834252034,242236.0,439.0
1776903474.4814346,24.700312500000003,0.0015625000000003553,44.01673558540391,0.009316727105154854,1008.8462465303077,0.0020284742209923934,36.72894054480835,0.016948101361766277,242499.0,176.0
1776903476.5101106,24.69015625,0.0025390625000003553,44.04296910263817,0.011888766252358351,1008.8571531159826,0.002270939878428635,36.63781535253898,0.01897375965388548,242323.5,351.5
1776903478.525437,24.695625,0.003320312500001421,44.11671679718768,0.018667404784057595,1008.8577991711538,0.007385740632855686,36.6324177123786,0.06170801628013578,242411.0,264.0
1776903480.5445096,24.699238281249997,0.0020507812500003553,44.14456141114137,0.015475820670726392,1008.8527098350902,0.0014951581032391914,36.67493913226194,0.01249212801100441,242941.5,794.5
1776903482.6184533,24.6891796875,0.0025390625000003553,44.09768819666726,0.018574467656527816,1008.8491947495596,0.001359738111432307,36.704307904919034,0.01136071859793475,244449.0,0.0
1776903484.6318595,24.68224609375,0.0012695312499992895,44.069465998152054,0.008991357195942129,1008.8498236588898,0.0006798211013006039,36.69905331480183,0.005679955770528267,244987.0,0.0
1776903486.6664796,24.6716015625,0.0035156250000003553,44.0956495626784,0.005685662128804836,1008.8535607486483,0.0016019956133845879,36.66782970632418,0.013384752130846778,244449.5,178.5
1776903488.7053025,24.660761718750003,0.0020507812500003553,44.137049676567095,0.005856688212475092,1008.853336569794,0.0012381088725419431,36.66970272837716,0.010344462376224328,243027.5,176.5
1776903490.7192094,24.6512890625,0.0033203124999996447,44.13595104458102,0.005709360348728154,1008.8644353605746,0.001917553152054552,36.576972189121655,0.016021111055245285,244271.0,0.0
1776903492.7548213,24.64103515625,0.0020507812500003553,44.13171478512882,0.003284888972078903,1008.8560464952676,0.002406720409680929,36.64706120261033,0.02010822726236583,244003.0,89.0
1776903494.786929,24.63751953125,0.0012695312499992895,44.18616646172097,0.03338126912932182,1008.8549144459059,0.00023163570091355723,36.65651949688121,0.0019353255693275173,242065.0,1139.0
1776903496.8125107,24.63703125,0.0007812499999992895,44.362995706396404,0.058064305449573084,1008.8523021880128,0.00126395239209387,36.67834504438696,0.010560395058430316,239116.0,86.0
1776903498.8252945,24.6423046875,0.0015625000000003553,44.55899606602144,0.03378499593358697,1008.8672119537639,0.007083687880879097,36.55377400071255,0.05918391215664798,238350.0,510.0
1776903500.863558,24.64435546875,0.00048828125,44.635618856709215,5.713075131197343e-05,1008.8650629102979,0.0019434930030115538,36.57172902774124,0.016237829712576257,239544.5,171.5
1776903502.8885555,24.6493359375,0.0011718749999989342,44.62092203937705,0.015142445689768635,1008.8567197176005,0.0008375782633720519,36.64143639258527,0.0069979898358099035,239889.5,516.5
1776903504.910835,24.654609375,0.0007812499999992895,44.57570545473817,0.0060189162151189635,1008.8561396193945,0.0003527602926851614,36.64628312852764,0.0029473234933661274,240406.0,173.0
1776903506.9478436,24.65451171875,0.0008789062499996447,44.52376556911847,0.015373572770787547,1008.8632709812646,0.001311577510762163,36.586700548594266,0.010958209197621471,241186.0,87.0
1776903508.967219,24.6594921875,0.0017578124999992895,44.51518694032586,0.03074579557170054,1008.8622168286988,0.00011031234947722623,36.59550797448148,0.0009216587022500278,239460.0,600.0
1776903510.988124,24.66876953125,0.002832031250001421,44.6996289584813,0.07370934651413208,1008.8608245928936,2.57391715194899e-05,36.60714009874552,0.00021505078966299607,237502.5,337.5
1776903513.030458,24.680390625,0.003124999999998934,45.010078727024705,0.08306920125139072,1008.8568451898293,0.00041167207996295474,36.640388066869924,0.003439531406847607,234092.0,246.0
1776903515.0456066,24.697578125,0.005273437500001421,45.318678618448786,0.05892784473915569,1008.8582251694944,0.002152483041186315,36.62885832065078,0.017984034335487564,233764.5,81.5
1776903517.0716405,24.714765625,0.0035156250000003553,45.50492609808119,0.021921743793875237,1008.864160192433,0.0025139799184330514,36.57927122152556,0.02100424716374505,235162.5,165.5
1776903519.1388245,24.7253125,0.002734375000001066,45.481606848337925,0.03346276094914202,1008.8529728191259,0.0028667940096056554,36.67274190650546,0.02395221623075372,238094.5,254.5
1776903521.150542,24.7411328125,0.005273437499999645,45.37600835003298,0.01779317900653865,1008.8466699259549,0.0014936600950932188,36.725403026875114,0.01247967256550453,236167.0,1335.0
1776903523.1816013,24.7598828125,0.0041015625000007105,45.37823218091615,0.0066264676450416005,1008.8460160737645,0.0002554860554369043,36.73086601846353,0.002134611481746873,235414.5,911.5
1776903525.1991498,24.769550781249997,0.0010742187500003553,45.33947631740963,0.027495957866946696,1008.8452511233323,0.002819014009105558,36.73725728403227,0.023553157758716026,238519.5,340.5
1776903527.2313797,24.76994140625,0.0002929687500010658,45.213729465515414,0.030635511484423006,1008.8559076411186,0.004994082169105241,36.648221397805685,0.041725723521750524,239716.5,343.5
1776903529.255784,24.769453125,0.0017578125000010658,45.133945586900026,0.012470056979498878,1008.8432705008255,0.0019320735306109782,36.75380559186594,0.0161427026835419,240234.0,518.0
1776903531.3219054,24.77423828125,0.0026367187500007105,45.13451341097265,0.03096776782059152,1008.8373407943998,0.004848313653155856,36.80334917402167,0.04050842633593987,238519.0,170.0
1776903533.3556771,24.782832031250003,0.0010742187500003553,45.3287784631656,0.04616424119746654,1008.8412169435453,0.008117047446262404,36.77096352816711,0.06781900247231931,238523.0,1021.0
1776903535.3753784,24.78849609375,0.0020507812500003553,45.366278295941896,0.015105758673279013,1008.8704287459941,0.011519535431659733,36.526898149270615,0.09624498204919263,239202.5,513.5
1776903537.4007907,24.7993359375,0.0037109374999992895,45.2724274136474,0.036378639552125946,1008.9216840017208,0.011471228058326233,36.0986725686022,0.0958374346363904,240150.5,948.5
1776903539.4267707,24.8118359375,0.0027343749999992895,45.13589011947106,0.027269043788511027,1008.9829172849585,0.008980414522966385,35.58710584527094,0.07502401600664754,240233.0,0.0
1776903541.4579866,24.8253125,0.00390625,45.011827150802695,0.024048404230917697,1009.0357067232213,0.01816781077423002,35.146103455304456,0.15177076557950642,240579.0,0.0
1776903543.4707873,24.840546875,0.0033203124999996447,44.96767273341962,0.00267152925345826,1009.106835811438,0.016309034252060428,34.55192003167774,0.13623509039380366,239462.5,943.5
1776903545.4990292,24.85568359375,0.004589843749998934,44.89290128080776,0.03007608899549652,1009.1659603732853,0.014717680450473836,34.058043353009566,0.12293612105510476,241016.0,956.0
1776903547.5273602,24.87208984375,0.0026367187500007105,44.74181398154809,0.030280500181415704,1009.2316982538206,0.014292518657953224,33.50895224078954,0.11937846725419732,241273.5,174.5
1776903549.573343,24.88087890625,0.00244140625,44.64498176221289,0.011943030851689684,1009.278732795143,0.008507805109445599,33.11610252941767,0.07105888287122752,240839.0,260.0
1776903551.6096597,24.8852734375,0.0007812499999992895,44.624096571219184,0.0029653957336392978,1009.2995159182528,0.003087129108678255,32.94251898212534,0.025783887308776343,240579.0,173.0
1776903553.6232789,24.89142578125,0.0022460937499992895,44.56980068646213,0.00890503486168015,1009.3140284427966,0.004545882236129728,32.82131025036959,0.037967038814070264,240233.0,173.0
1776903555.6875565,24.897578125000003,0.0013671874999996447,44.5460742609978,0.0028955799547496497,1009.326718022852,0.0003891898435881558,32.71532782196234,0.003250465961528448,239888.0,0.0
1776903557.7150047,24.903046875,0.0007812500000010658,44.56504935826801,0.003147468331345493,1009.3264516734916,0.0030871860466845646,32.71755237089447,0.025783805700957174,240233.0,173.0
1776903559.7259061,24.90841796875,0.0012695312500010658,44.608469303156994,0.021546266059868202,1009.3333194626352,0.00023112810049497057,32.66019355013583,0.0019303433975217388,238946.5,597.5
1776903561.748182,24.9126171875,0.0009765625,44.63647365294271,0.00600009340615415,1009.3501411460727,0.00978407382746127,32.51970292038936,0.08171385223876726,239549.0,1030.0
1776903563.7693415,24.91525390625,0.00048828125,44.572592429844754,0.021335994411472825,1009.3890464616486,0.010817154260109874,32.194781731268485,0.09033903205333615,240406.0,173.0
1776903565.783041,24.917890625,0.0,44.50262258410983,0.012219708899184667,1009.4452716264818,0.010938649968636582,31.7252301088832,0.0913495785821894,239802.0,86.0
1776903567.827462,24.9176953125,0.0005859375000003553,44.41403281468207,0.03365516235465904,1009.4859755017671,0.01090198891762384,31.385314196447467,0.09104044666898226,241884.5,87.5
1776903569.842794,24.91896484375,0.00029296874999928946,44.322604180643,0.02743117607384704,1009.5326963153088,0.011412828434515632,30.995164871059814,0.09530279942194042,241798.0,525.0
1776903571.8725548,24.922968750000003,0.0005859375000003553,44.27424845866902,0.0090842914529361,1009.5865774961023,0.013710221156998159,30.545240101163138,0.11448222504001926,240841.0,781.0
1776903573.9044147,24.92306640625,0.0012695312500010658,44.252905086716126,0.006248806532351381,1009.6450757159093,0.014353403172890467,30.056783469712226,0.11984726024203596,240580.5,692.5
1776903575.9350002,24.91642578125,0.0012695312500010658,44.20943271795581,0.024545043955164658,1009.7036059673021,0.014353127644426422,29.568082249451948,0.11983933451655027,241972.5,350.5
1776903577.9631317,24.908515625,0.001953125,44.11400014180416,0.02156229971606649,1009.7482297156421,0.008688535174826484,29.195509035509318,0.07254105450631165,242682.5,1409.5
1776903579.9945424,24.89826171875,0.0041992187499992895,44.003121994610986,0.021807959810288935,1009.7772080637275,0.0014061000350693575,28.953569790239754,0.011739333165566634,244719.0,448.0
1776903582.018805,24.88615234375,0.0018554687499996447,43.91036803889796,0.015435520436820838,1009.7913316013351,0.0011806913714167422,28.835655009481098,0.009857316022717555,245708.0,361.0
1776903584.082427,24.8723828125,0.005273437500001421,43.80835057601341,0.0188626567218364,1009.790916695036,0.006046932334186295,28.839119083400718,0.05048444010224706,245258.0,630.0
1776903586.1000776,24.85373046875,0.004003906250000355,43.73015906072119,0.009584046198099827,1009.8035602126914,0.00010175348938901152,28.73356169019948,0.0008495077455048516,245888.0,181.0
1776903588.1295543,24.837031250000003,0.004492187500000355,43.661353224775866,0.021793578243016754,1009.8020458885949,0.0027532463629427184,28.746204336837067,0.0229860122507759,245167.5,359.5
1776903590.1403356,24.81935546875,0.0051757812499992895,43.5742367514851,0.015784104683945088,1009.8107978910434,0.0007345808936634057,28.673136776586958,0.006132748290626822,245797.5,90.5
1776903592.1484585,24.79728515625,0.005761718749999645,43.501847429731356,0.01280704864075588,1009.8124329781621,0.0006967550224317165,28.659486038621672,0.0058169462454440435,246345.5,998.5
1776903594.2205877,24.77423828125,0.005761718750001421,43.447593296430114,0.009766614944684449,1009.810661905842,0.00021521197220408794,28.674272065906433,0.001796726556861472,246341.0,91.0
1776903596.2410634,24.75041015625,0.005957031250000355,43.41451254892038,0.009786365833036825,1009.8203821951613,0.00037917809083864995,28.59312121896972,0.003165595425850043,246614.0,364.0
1776903598.2693295,24.72619140625,0.00634765625,43.39960054062084,0.0023074418655326667,1009.8349344612858,0.002479752385511347,28.471631312683563,0.020702148693944267,246978.0,0.0
1776903600.2834656,24.70490234375,0.0051757812499992895,43.409300113550955,0.00244170657940046,1009.8405582060062,0.0010909748275480524,28.42468171450006,0.009107934078667057,247529.0,733.0
1776903602.3162951,24.68546875,0.004492187500000355,43.413143674233616,0.002520011800733357,1009.8418942142919,0.001838036925846609,28.413528147449533,0.015344718138393887,244899.5,807.5
1776903604.3365848,24.673847656249997,0.0020507812500003553,43.49376361927779,0.042265347669683706,1009.8403891012541,0.0005872734429885895,28.42609347205208,0.0049028157175516895,239202.0,342.0
1776903606.413119,24.666132812500003,0.0025390625000003553,43.72071948683937,0.06962323205871712,1009.8379193907414,0.004111667134793606,28.446711772098332,0.03432606464463284,234340.0,657.0
1776903608.4177122,24.65412109375,0.0045898437500007105,43.993125789670586,0.04513891465320796,1009.836691908399,0.00014317909227656855,28.45695930070947,0.0011953252664582692,235252.0,1242.0
1776903610.4347572,24.63478515625,0.0041992187499992895,44.02437974596277,0.0309373199402998,1009.8318035066895,0.0022444535691761303,28.49777003529183,0.018737809651032222,239203.5,684.5
1776903612.508972,24.61583984375,0.0051757812499992895,43.918688672592204,0.031029281931900243,1009.8357465647948,0.005648556054097753,28.464851575942742,0.047156793511167194,242415.0,967.0
1776903614.5046387,24.60265625,0.0011718750000007105,43.8258957930738,0.0062179517405525075,1009.8344409764608,0.0008355303552889382,28.475751140559584,0.006975406336437118,241274.0,348.0
1776903616.5265813,24.5993359375,0.0009765625,43.807265569376305,0.006194695783875659,1009.8317971376115,0.0015815309772051478,28.497823199020253,0.013203403697472638,241448.0,349.0
1776903618.5931556,24.594746093749997,0.0008789062499996447,43.77936956399219,0.00922290026381134,1009.8343861629344,0.002334499985124694,28.476208765964024,0.019489521351555794,239802.0,86.0
1776903620.5836132,24.5930859375,0.0007812499999992895,43.79438252415669,0.018334926450638278,1009.8344308576843,0.0023791947350559894,28.475835633545593,0.01986265376998908,238437.5,935.5
1776903622.6116638,24.592890625000003,0.0013671874999996447,43.87648172236395,0.01505374516983693,1009.8341145529436,0.002214165954114833,28.478476294363357,0.018484919389969434,238864.0,1024.0
1776903624.6755087,24.59015625,0.0003906250000014211,43.9522424275289,0.030391360273021917,1009.8296862238701,0.0024548260163896884,28.515446178870054,0.020494137787622435,237418.0,253.0
1776903626.6859586,24.59396484375,0.0012695312500010658,44.05924256366153,0.015374907654820191,1009.8303875884656,0.0034106545286363144,28.50959085044632,0.028473864984935204,237842.0,677.0
1776903628.7107325,24.60109375,0.0017578124999992895,44.108805010266714,0.015436230133751394,1009.83191054985,0.007402346440471774,28.49687655256362,0.06179844776258925,237334.0,337.0
1776903630.799956,24.6051953125,0.0007812500000010658,44.13670069083341,0.006184630272624503,1009.8376418258856,0.004201528351416073,28.449029012333185,0.035076274700243104,236661.5,167.5
1776903632.7914276,24.60861328125,0.00146484375,44.13709722752367,0.0120183793236599,1009.8304213581639,0.0012722531035365137,28.509308890452647,0.010621410584711555,238519.0,170.0
1776903634.809234,24.615351562500003,0.0015625000000003553,44.07999336603198,0.008957189161016288,1009.8258444371634,0.0034415241030387733,28.547519439729744,0.02873168442919649,237169.5,1009.5
1776903636.8356144,24.6239453125,0.002148437499998934,44.029212612406525,0.000248626848883049,1009.8342946436851,0.002898788824040821,28.47697282229735,0.02420047598689301,236829.0,0.0
1776903638.906598,24.63244140625,0.0016601562500007105,44.018015503243106,0.006282119912118134,1009.8298303493464,0.0017773246864294379,28.51424293646633,0.014838009930519647,236829.0,0.0
1776903640.92326,24.6419140625,0.0021484375000007105,44.05565737826073,0.018523158216201097,1009.8296805510449,0.0019878806928659287,28.51549353155965,0.016595840494561642,236582.5,1088.5
1776903642.9582298,24.649042968750003,0.0020507812500003553,44.09303521666139,0.0063305099815345045,1009.8284685056292,0.00032374506560017835,28.525612296055975,0.002702791324450615,235910.0,416.0
1776903644.9722526,24.6567578125,0.0021484375000007105,44.10916222158231,0.002797703720094802,1009.8236490572731,0.0010768916866368272,28.5658476259554,0.008990483766083912,235661.5,498.5
1776903646.9937227,24.6684765625,0.0031250000000007105,44.08310157857943,0.005730551687488372,1009.8280465376786,0.0013180467291249442,28.529135108906267,0.011003739822783132,235996.0,833.0
1776903649.0349948,24.6813671875,0.003124999999998934,44.04804314796563,0.01791263494837736,1009.8325187787498,0.002326695682143054,28.491798592962,0.019424396386886755,235744.0,416.0
1776903651.049557,24.692109375,0.0015625000000003553,43.97315849890041,0.015041564312220146,1009.831688971459,0.0016189132622344005,28.498726224058352,0.013515490695715116,235826.0,0.0
1776903653.0779989,24.70060546875,0.0018554687499996447,43.913261955744716,0.015002687913373336,1009.830866571748,0.005196799232578542,28.50559210853919,0.04338548558000355,235996.0,833.0
1776903655.1251667,24.7122265625,0.0031250000000007105,43.83853442763021,0.011807842436379445,1009.8150559974513,0.0013188113309752225,28.637587462014444,0.011010237801457379,235746.5,914.5
1776903657.1446524,24.723164062499997,0.0023437499999996447,43.82458690176631,0.015480046061551178,1009.8017825633985,0.0025840451154977018,28.74840275561606,0.021573407314139814,233933.0,1064.0
1776903659.1702073,24.73419921875,0.0026367187500007105,43.895840324078605,0.012477668682308263,1009.8087149777953,0.002109810818922142,28.690526288155198,0.017614071392722863,233194.0,163.0
1776903661.1867037,24.745234375,0.0027343749999992895,43.91233228929731,0.002727515048945861,1009.8092678400144,0.001040532809213346,28.685910624921114,0.008687040040724625,234420.5,82.5
1776903663.2089791,24.7598828125,0.0037109374999992895,43.87446395342943,0.023915075325994906,1009.803823135109,0.0005404161759656745,28.731366635147523,0.004511763026052051,234585.0,247.0
1776903665.2848125,24.77609375,0.00390625,43.788109710430014,0.01475681029971554,1009.805463843033,0.003700423283589771,28.71766893961987,0.030893618153941205,235411.5,414.5
1776903667.3125515,24.7923046875,0.0041015625000007105,43.72003812898575,0.017769353613360295,1009.7961668758107,0.0029950728093695034,28.79528653777073,0.025005065204030785,236577.5,251.5
1776903669.3306599,24.80451171875,0.0026367187500007105,43.65456834845101,0.005774899580451631,1009.8040824295617,0.003357534774806936,28.729201905091934,0.028030985704818434,237755.5,84.5
1776903671.3330688,24.81603515625,0.0022460937499992895,43.64069914378132,0.0032975146606162298,1009.8045108874267,0.0009206483351249517,28.725624812910226,0.007686196328043238,235993.0,333.0
1776903673.3600717,24.823749999999997,0.0023437499999996447,43.671980641083245,0.009388727105111627,1009.7987727187349,0.002883071640496837,28.77353106973949,0.02406994697962972,235916.0,1249.0
1776903675.3772767,24.8337109375,0.0025390625000003553,43.715689019823195,0.015494831113258556,1009.7921132300016,0.0031809248445142657,28.829129405860165,0.026556780666803448,235494.5,331.5
1776903677.4238214,24.844355468750003,0.0020507812500003553,43.72603710006301,0.005844880377665618,1009.7947629660171,0.001497172743881947,28.80700739080696,0.012499510566970073,235743.5,249.5
1776903679.439615,24.85216796875,0.0026367187500007105,43.73606021380827,0.00273679810890215,1009.8037650545419,0.001200139518573451,28.73185153521029,0.01001958416242843,236327.0,167.0
1776903681.5268137,24.86369140625,0.003222656250001066,43.7130633697826,0.0026689806549526907,1009.7978106939154,0.004305692269554129,28.781562779287267,0.03594703063615157,237165.0,168.0
1776903683.4969647,24.87140625,0.0011718750000007105,43.671390947061354,0.015063975181554667,1009.7920703591358,0.0008373658932327999,28.82948729295203,0.006990967788413016,236493.5,167.5
1776903685.5658665,24.88126953125,0.0020507812500003553,43.639091625160496,0.005842368852377433,1009.788896122696,0.00032612386951313965,28.85598826637336,0.0027227372028786334,235577.0,249.0
1776903687.5954232,24.88859375,0.002148437499998934,43.62473932136873,0.008869750123359665,1009.7934608326556,0.0016549540752066605,28.817878575020487,0.01381680078864811,236076.0,250.0
1776903689.6160374,24.89728515625,0.002050781249998579,43.613584069441615,0.008880533487271691,1009.7874771665745,0.00397241979123919,28.867834881388692,0.03316490594645671,236076.0,250.0
1776903691.6449451,24.90412109375,0.0012695312499992895,43.5839844307051,0.0028922969804305865,1009.7912510255711,0.002055136798617241,28.836327727174293,0.01715785741500575,235332.0,994.0
1776903693.6393971,24.91369140625,0.0036132812500007105,43.56078012186785,0.008698375561532856,1009.7930702286216,0.0005317232515835713,28.82113962343663,0.004439226836987942,235743.0,83.0
1776903695.710185,24.92755859375,0.004003906249998579,43.522884713851155,0.005614482141538701,1009.799110098044,0.0019235638714008019,28.770714370570378,0.016059284556906306,235743.5,249.5
1776903697.7320135,24.942988281250003,0.0030273437500003553,43.48213946833713,0.006421162535815483,1009.7985626754385,0.003303874950518093,28.77528467047989,0.027583119048289362,233684.5,653.5
1776903699.7219222,24.95392578125,0.002832031250001421,43.47732251381407,0.0057479738182770745,1009.8071516741077,0.003672711652882299,28.703577801396253,0.030662221357069086,233687.0,980.0
1776903701.7459118,24.9618359375,0.001953125,43.47519453348827,0.0032610258410485926,1009.796253917775,0.003219834561832613,28.794559852294427,0.02688153933694437,233601.5,244.5
1776903703.8139992,24.97150390625,0.003027343749998579,43.4945265138997,0.003384972082585591,1009.7882009703737,0.0021653741828799866,28.861791958761252,0.018078247821044613,233520.0,326.0
1776903705.807266,24.98234375,0.0015625000000003553,43.49880957724596,0.00589472188069351,1009.8002772852126,0.0016175236652316016,28.760969859688895,0.013504229773818821,234256.5,246.5
1776903707.8319843,24.98732421875,0.00029296874999928946,43.511531221535805,3.368551001514675e-05,1009.8010457605244,0.0013858789499749946,28.754554084771716,0.011570288985570443,234256.5,246.5
1776903709.894896,24.98703125,0.0,43.53276101680093,0.009113389497244384,1009.8005715421766,0.004558301611211846,28.758513255843514,0.03805591172816847,234010.0,0.0
1776903711.8886566,24.98322265625,0.0022460937499992895,43.55966494918708,0.005818055730657079,1009.80625821957,0.0018123996253507357,28.711036918191006,0.015131119336972532,235080.0,83.0
1776903713.9548419,24.97306640625,0.0030273437500003553,43.546343964507216,0.00642422728700609,1009.8025814760878,0.0012537853071989957,28.741732861428424,0.010467465765913175,234421.0,411.0
1776903715.9645088,24.96720703125,0.0002929687500010658,43.53655621402495,0.0030714750641820388,1009.8049481767748,0.0004374008104832683,28.721974023475475,0.0036517171623327016,234503.0,329.0
1776903717.993391,24.9680859375,0.0009765625,43.54880887198662,0.002925660052312651,1009.7990778014014,0.0006691281460575738,28.770983995119913,0.005586359642977712,234585.0,82.0
1776903720.010793,24.9723828125,0.00039062499999964473,43.518925835442886,0.009067537825007577,1009.8032982402997,0.0006323039932567553,28.735748816494237,0.0052789074511547796,234420.5,82.5
1776903722.0708456,24.972187499999997,0.0005859375000003553,43.49460639472639,0.02132665727144456,1009.8075402855397,3.682049992903558e-05,28.700333371987043,0.0003074017452320277,234997.5,165.5
1776903724.0605514,24.972578125,0.0005859375000003553,43.439992169300254,0.009040911741113433,1009.7972329097431,0.001786469706587468,28.786386488846105,0.01491474703856177,234586.5,576.5
1776903726.130056,24.9762890625,0.0005859375000003553,43.410059918737,0.002968298341038178,1009.8014164771872,0.0018600949314304671,28.751459087807532,0.015529371812748494,234174.0,0.0
1776903728.150908,24.97990234375,0.0010742187500003553,43.398332968425116,0.008982777126654184,1009.7981487420864,0.002819440180530819,28.778740473796518,0.023538717754151506,233031.5,162.5
1776903730.1846657,24.98419921875,0.00029296874999928946,43.432219134756956,0.01824946880540068,1009.7978107492327,0.0032091873567878793,28.781562289876582,0.026792615218324656,232222.5,322.5
1776903732.2087727,24.98625,0.0007812500000010658,43.46281618130911,8.974735237998743e-05,1009.8047769172027,0.0021762475092828026,28.723403829274954,0.018168785416058597,232626.0,243.0
1776903734.222319,24.993183593749997,0.0010742187500003553,43.47272271454783,0.0029133091961668356,1009.8041484386307,0.005554559621714361,28.728650882004526,0.04637324214183636,230939.0,319.0
1776903736.2515175,24.999140625,0.0007812499999992895,43.50377798783381,0.009201802867224274,1009.8046740834807,0.0030879227873015225,28.724262370804095,0.025780069082564694,231900.0,161.0
1776903738.2710738,25.00236328125,0.0008789062499996447,43.522374034799554,0.01528946526367747,1009.8089787487222,0.004157685451502857,28.68832420028488,0.03471105192344481,231341.5,880.5
1776903740.3429642,25.00646484375,0.00048828125,43.541072529053025,0.009170271025773502,1009.8074125431198,0.002613725495507424,28.701399872620005,0.02182110127853676,232383.5,161.5
1776903742.34683,25.013691406249997,0.0020507812500003553,43.547980337830055,0.009350561572237126,1009.8081693478712,0.0003273492347375395,28.695081547696493,0.0027329252758896416,232222.5,322.5
1776903744.3604326,25.020234375,0.0,43.53050491270568,0.009113696220506284,1009.8096429000639,0.0,28.682779378195427,0.0,232626.0,81.0
1776903746.4438648,25.0221875,0.0013671874999996447,43.482130023773955,0.008953947795703243,1009.8064222755845,0.002345614452906375,28.709667276814912,0.01958274932234616,232141.5,80.5
1776903748.441491,25.02970703125,0.0012695312500010658,43.4586995145598,0.008964057381223967,1009.8040059049331,0.0025037576367026304,28.729840768048142,0.020903074290378854,229987.0,633.0
1776903750.4544432,25.03732421875,0.0020507812500003553,43.43528281590359,0.0028006917030864997,1009.8090411363007,0.0005841550902800918,28.68780329165684,0.0048769049234280715,228572.5,781.5
1776903752.4820416,25.0477734375,0.0007812500000010658,43.45773917978646,0.012236607527825072,1009.812277852795,0.0005589903854570366,28.660781121606647,0.004666801563860901,227326.5,309.5
1776903754.5448,25.0534375,0.0011718749999989342,43.449279913158776,0.008975073882748319,1009.8032104224703,0.0018967220278796049,28.736481990701492,0.015835137621778017,229669.5,315.5
1776903756.5652094,25.065546875,0.0041015625000007105,43.39602089630766,0.014707453546165539,1009.8045744763074,0.001167812715891614,28.725093931571827,0.009749691611069977,230699.5,238.5
1776903758.6039457,25.07990234375,0.002050781249998579,43.35213923249427,0.017974358373514576,1009.8068378838693,0.0012397875263445712,28.706197489774524,0.010350567299669322,230540.5,79.5
1776903760.6171427,25.08634765625,0.0012695312500010658,43.301291054758494,0.002888526420427695,1009.8099751740879,0.0011429122928348079,28.680005345581932,0.009541764692171384,229591.0,394.0
1776903762.639328,25.08810546875,0.0010742187500003553,43.32576680694194,0.0029113069048669615,1009.8146437696275,0.0026504094868187167,28.641029008459938,0.02212723508929848,229591.0,394.0
1776903764.6985092,25.08673828125,0.0008789062500014211,43.34078313868685,0.00010082148244094924,1009.8115191929758,0.0004011065950635384,28.667114889978947,0.0033486909108120244,230779.0,0.0
1776903766.7207377,25.0837109375,0.0007812500000010658,43.32526308448095,0.009193008939977432,1009.8020605147465,0.002176228757093668,28.746082218046812,0.018168668434103807,230858.5,79.5
1776903768.7513971,25.078828125,0.0005859375000003553,43.312565586670246,0.0029670471225067274,1009.8023639185485,0.0009483304914965629,28.743549179945195,0.007917319362338304,231740.0,482.0
1776903770.7807884,25.080585937499997,0.0013671874999996447,43.28849524640229,0.009258062621324115,1009.8033853238805,0.0003891850582817824,28.735021782222816,0.0032491835919508105,232061.5,483.5
1776903772.8078237,25.076875,0.0007812500000010658,43.230438386869444,0.01222035935172272,1009.8001146012277,0.0014709184457615265,28.762328059047213,0.01228026748100497,233357.5,488.5
1776903774.8423238,25.07443359375,0.0002929687500010658,43.13617189951191,0.02125061710785303,1009.7988985779549,0.0022977322018959967,28.772480296729576,0.0191831121786894,234585.0,82.0
1776903776.885999,25.0708203125,0.0027343749999992895,43.03879616382754,0.02757509649719836,1009.791226961815,0.0007784268777299985,28.83652861775095,0.0064989044253351835,235494.0,166.0
1776903778.8985796,25.05978515625,0.002636718749998934,42.95576848346057,0.018466443397251453,1009.7852196994877,0.001532229671568075,28.88668197628112,0.012792289737731721,236159.5,166.5
1776903780.9125574,25.051875,0.0017578124999992895,42.897351523107176,0.009279764324102047,1009.7824464186704,0.004448976545802452,28.909835646594594,0.037143728923481945,235994.0,500.0
1776903782.9601328,25.046796875,0.0017578125000010658,42.8816415411997,0.005852723385231684,1009.7961092960328,0.006272354629459187,28.79576735767135,0.05236622069487851,233194.0,0.0
1776903784.9771514,25.038984375,0.0007812500000010658,42.92615329096615,0.008992312576118877,1009.7980522358816,0.0012644975290641014,28.779546155893527,0.010556937134078126,232224.5,806.5
1776903787.0188098,25.03498046875,0.0008789062500014211,42.93477882855338,0.00010002803442077379,1009.801600687548,0.0031360666567366025,28.749921192493595,0.02618207120671734,232061.0,161.0
1776903789.0320282,25.0305859375,0.0009765625,42.925197432846005,0.003138136625452148,1009.7981347275409,0.0024923598407440295,28.778857471502278,0.02080801568415147,231338.0,80.0
1776903791.0492022,25.02697265625,0.00244140625,42.91267892842188,0.008802604009574111,1009.7931980852604,0.003951594591683261,28.82007223113679,0.032990889349305164,230540.5,238.5
1776903793.0720685,25.0126171875,0.004687500000001066,42.923153350765645,0.009613982149172529,1009.776344567822,0.0024415810605091792,28.960779013005677,0.020384434004391494,232141.5,241.5
1776903795.086665,24.98703125,0.004687500000001066,42.85972124911507,0.02776334187171514,1009.7850732594356,0.0015292239521045303,28.887904576045955,0.012767197064279756,233438.5,81.5
1776903797.1231565,24.971796875,0.00390625,42.7430592946093,0.02765397399901559,1009.7904984450029,5.850549547403716e-05,28.842610834439107,0.0004884490223009408,234256.5,246.5
1776903799.143949,24.957734375,0.004687500000001066,42.632658433743785,0.02168001494904459,1009.7896146675347,0.0012063510141615552,28.8499892981538,0.010071556243932633,235246.0,414.0
1776903801.1649163,24.938007812499997,0.005468750000000355,42.5337746140837,0.021753990500201326,1009.7877657908805,0.005206132037358202,28.865425255321224,0.04346490262014413,235994.0,500.0
1776903803.1985562,24.92033203125,0.003613281249998934,42.46234647454233,0.0124798745479211,1009.7883234635129,0.002202836317451329,28.86076929023148,0.018391009396028224,235745.5,748.5
1776903805.2212374,24.9036328125,0.005859375,42.412182364458225,0.006694033974497415,1009.7941066862911,0.0003698483459970703,28.81248649601605,0.0030877704382969995,236160.0,0.0
1776903807.292392,24.88546875,0.004687500000001066,42.37695305954719,0.0035437772157038694,1009.7902248957143,0.003349845234708937,28.844894672775105,0.027967098948042945,236411.0,418.0
1776903809.3179193,24.876484375,0.00019531250000071054,42.366893385944394,2.1965921938260635e-05,1009.7884416934228,0.003962204022457172,28.859782250347557,0.03307959103290692,235826.5,166.5
1776903811.3493316,24.86984375,0.0033203124999996447,42.36614709877773,0.012438168301745378,1009.7895408220968,0.002828268218138419,28.850605839209432,0.023612583550487898,234750.0,247.0
1776903813.384562,24.85578125,0.003515624999998579,42.31631513038163,0.012455854330205796,1009.7932081648632,0.00022264306801389466,28.819988026916917,0.0018587920883366138,235494.5,331.5
1776903815.4171498,24.839765625,0.004687500000001066,42.281352495490395,0.0024883454804687233,1009.7918894931672,0.0024371824161448785,28.830997317355994,0.020347456682463516,237167.0,673.0
1776903817.4045813,24.8221875,0.0033203124999996447,42.29746713486785,0.00867144795309116,1009.7925973173185,0.0008183798801155717,28.82508784580172,0.006832455215331379,237588.0,591.0
1776903819.4665558,24.80314453125,0.00732421875,42.352616871961374,0.005208300010693279,1009.7964003956331,0.0018326719670653802,28.793336924365903,0.01530048729057576,237167.0,673.0
1776903821.5074856,24.776484375000003,0.007421875000000355,42.42804337101511,0.01726647201173037,1009.8006279851991,0.0052992828394735625,28.758042054205653,0.04424214280345317,236662.5,502.5
1776903823.522387,24.74279296875,0.00947265625000071,42.460457187258605,0.004968629537273728,1009.8034919543567,0.0028886340969620505,28.734131585388702,0.02411629509303026,237081.5,420.5
1776903825.5392666,24.71173828125,0.0055664062500007105,42.493174015410865,0.02351581178105988,1009.8197329194572,0.004655742036902666,28.598541817132663,0.038868815820720215,237925.0,254.0
1776903827.5719833,24.69162109375,0.005175781250001066,42.56334958415485,0.023568603747829542,1009.8172295537476,0.0010910743343401919,28.619441308201658,0.009108935190042189,238945.5,256.5
1776903829.582615,24.67365234375,0.0051757812499992895,42.64889471660834,0.02055906954550224,1009.8227595611929,0.0007309360220801863,28.573273628741386,0.006102260058931108,240061.5,517.5
1776903831.6105864,24.653046875,0.0048828125,42.73720391778567,0.02060190151699004,1009.8221956546965,0.002439905864036973,28.577981452710482,0.020369699101358663,240321.0,605.0
1776903833.6329846,24.636738281249997,0.004003906250000355,42.80185448091135,0.014662310413747548,1009.8203877136773,0.0001057227404430705,28.59307514679917,0.0008826338589926763,239544.5,171.5
1776903835.6511388,24.6204296875,0.0041015625000007105,42.88467394389137,0.014657752137420488,1009.8213120849439,0.0033804184852215258,28.58535800823241,0.02822164460292953,239802.0,258.0
1776903837.6905398,24.6028515625,0.0050781250000007105,42.958308966752,0.011526893928905935,1009.822912639959,0.0008873614804656427,28.57199564307086,0.007408185793089217,241447.5,174.5
1776903839.7121027,24.584296875,0.005468749999998579,43.02883575710085,0.01754057143112675,1009.8283967267284,0.002987535393572216,28.526211572998584,0.024941492756587635,241623.0,524.0
1776903841.7373145,24.56212890625,0.00537109375,43.11109043396159,0.017559200695600907,1009.8289381796787,0.0023213425095036655,28.52169123248447,0.019379761114899807,242325.0,703.0
1776903843.8208578,24.54630859375,0.0028320312499996447,43.18198582839504,0.023914058887150702,1009.8288255683685,0.003675683389076312,28.522631396846954,0.030686498075365165,242765.5,793.5
1776903845.8354883,24.5352734375,0.001953125,43.280733068745015,0.02705897032905824,1009.8237075667284,0.004074312886643838,28.56535920855204,0.03401460201770057,240839.0,260.0
1776903847.8607054,24.53048828125,0.0002929687500010658,43.39238521713659,0.0424327751616822,1009.8186905786117,0.002296533095147879,28.607243827543883,0.019172796903985656,239464.0,1115.0
1776903849.871902,24.526875,0.0027343749999992895,43.498167321015735,0.027003627692735677,1009.813749493662,0.00012647005803501088,28.648494948926405,0.0010558499450255,241013.5,434.5
1776903851.8919563,24.517890625,0.001562499999998579,43.56088640174763,0.00017913806924951814,1009.8064864175717,0.0002023652039042645,28.709131758585787,0.001689479210106981,240321.0,605.0
1776903853.9109852,24.51193359375,0.0012695312500010658,43.56323977429987,0.003181856984824094,1009.8086812820438,0.0020561647812655792,28.690807601433413,0.017166199883474675,239716.0,0.0
1776903855.9483175,24.50744140625,0.00029296874999928946,43.553616138265724,3.358108742546051e-05,1009.8068715494104,0.001347473052874193,28.705916428480727,0.011249597083386575,240147.0,259.0
1776903857.970432,24.5065625,0.00039062499999964473,43.53529972267175,4.4759513595948874e-05,1009.8163798771685,0.003011269797298155,28.62653494064297,0.025139882082971354,238946.5,597.5
1776903860.038811,24.503437499999997,0.0005859375000003553,43.510657766745005,0.012208400522602858,1009.823161243361,0.0017839234811276583,28.569920172209994,0.014893179663960865,240320.0,432.0
1776903862.0388525,24.50041015625,0.00048828125,43.4860300330007,0.006125628303102815,1009.8164360125069,0.0035237825413787505,28.626066300471386,0.029418643812787693,239202.0,342.0
1776903864.1088989,24.50197265625,0.00048828125,43.49531369154187,0.0030909466890385318,1009.8153228105841,0.00012013229900276201,28.635359938431392,0.0010029371625517314,238774.5,85.5
1776903866.132362,24.50548828125,0.00048828125,43.52910564597721,0.012198602001809888,1009.8228388854018,0.00012013502310992408,28.572611384449587,0.0010029538640647928,238945.0,85.0
1776903868.1644182,24.50646484375,0.00048828125,43.56564907656377,5.5980310165182345e-05,1009.8216876273307,0.0007908480008040897,28.58222273239653,0.006602444220773052,240149.5,776.5
1776903870.1832721,24.50724609375,0.0002929687500010658,43.60825367245574,0.018256213095803275,1009.8220419973752,0.0013854958218644242,28.579264256566944,0.011566895627931117,239888.5,344.5
1776903872.2030954,24.5067578125,0.00019531249999893419,43.65072147860012,0.006053299757557085,1009.8248950958229,0.0005946466199020506,28.555445013697355,0.004964431897860777,239544.0,0.0
1776903874.220283,24.5065625,0.00039062499999964473,43.66285183171286,0.018273350289291557,1009.8273117165913,0.002454654785083221,28.535269793799703,0.02049274728024031,239630.5,257.5
1776903876.234278,24.5079296875,0.00019531250000071054,43.70858561219933,0.009139184253960764,1009.8267931372651,0.001227328605978073,28.53959915213919,0.010246388030934028,238775.5,426.5
1776903878.284609,24.50861328125,9.765624999857891e-05,43.687393313187044,0.01216534990577145,1009.8215234030704,0.00198014759388343,28.583593780071027,0.016531388772875744,239545.0,343.0
1776903880.2964873,24.50861328125,0.00048828125,43.684354392221145,0.0029823751297470835,1009.8197014230527,0.0010311339706845501,28.59880469826732,0.008608500446442235,238689.0,0.0
1776903882.3211057,24.5106640625,0.0005859375000003553,43.669398232440436,6.730561001688784e-05,1009.8212009878048,0.000949012248327108,28.586285474767053,0.00792289146888514,238689.5,170.5
1776903884.364313,24.51330078125,0.00048828125,43.66666292999231,0.0029820921905319153,1009.8227385580235,0.0017018379965634267,28.573448982776107,0.014207889464563195,239288.5,599.5
1776903886.380512,24.5137890625,0.0,43.66975720121979,0.0,1009.8207964099724,0.0,28.589663117070153,0.0,239288.0,428.0
1776903888.405678,24.515546875,0.00019531249999893419,43.66084487259846,0.009091817407092861,1009.8291094313197,0.003960334548253286,28.520261570270755,0.03306290503289944,239287.5,85.5
1776903890.4491236,24.51701171875,0.0002929687500010658,43.62759760042321,0.012116332113514261,1009.8323929670987,0.0013855089070489157,28.492848918675524,0.011566908869546921,239117.5,598.5
1776903892.4719884,24.51779296875,9.765625000035527e-05,43.60642575037412,0.003048317319723992,1009.824548297647,0.0010691700215943456,28.558340275656334,0.008926012623689417,240061.5,517.5
1776903894.537513,24.520136718750003,0.0008789062499996447,43.6279563453144,0.012250930507274662,1009.8256113036573,0.004042525054160251,28.549465778203377,0.03374916821661955,238946.5,597.5
1776903896.5738535,24.52462890625,0.00048828125,43.63454674383438,5.605884018677898e-05,1009.8155778008716,0.0017018371515291617,28.633231134996127,0.014207963985253258,238689.5,170.5
1776903898.59643,24.523945312499997,0.0005859375000003553,43.64965719623434,0.003105206289340856,1009.819936707421,3.7984873188179336e-05,28.596840405438407,0.00031711954527402497,239802.0,86.0
1776903900.615906,24.52345703125,0.00048828125,43.6739064150507,0.009171156067282027,1009.8164128502297,0.002612847238822269,28.62625965430515,0.021813611591237958,239974.5,258.5
1776903902.6360095,24.52638671875,0.00029296874999928946,43.76542186371273,0.03347386874864,1009.8275349176316,0.005029571500244856,28.533406458963825,0.04198949679330255,237924.5,84.5
1776903904.659062,24.530781249999997,0.0015625000000003553,43.93321123209972,0.02452479868034274,1009.8273642442427,0.0020244504334527846,28.534831258940663,0.016901174704704758,237671.0,0.0
1776903906.6877506,24.53283203125,0.00048828125,44.03085327027209,0.018212446798770543,1009.8261306210659,0.0026128724647378476,28.545130206886313,0.021813652221661428,239203.5,684.5
1776903908.7030978,24.533125,0.0,44.088748343654316,0.015229305382920444,1009.82296102025,0.0018220473266978843,28.571591746052157,0.015211461050830266,239116.5,427.5
1776903910.7165504,24.530878906250003,0.0008789062499996447,44.11285688714148,0.01533321173879898,1009.8202342525362,0.0013095796860511655,28.594356333894055,0.010933121024988779,240066.5,1206.5
1776903912.7678144,24.526875,0.0007812499999992895,44.0453894050392,0.02140574880225543,1009.8137495122874,0.0021763298586279234,28.64849480923118,0.018169342203700367,240147.5,431.5
1776903914.78829,24.523945312499997,0.0005859375000003553,43.965898981894384,0.027460187945774095,1009.8199367043134,0.003606057927186157,28.596840474902134,0.030105443425874512,239544.5,171.5
1776903916.8208554,24.520625,0.0011718750000007105,43.89248354211085,0.015346553669377982,1009.8191140933667,0.001746026705291115,28.603708072657493,0.014576843726505473,241099.0,0.0
1776903918.839857,24.51642578125,0.0012695312499992895,43.84028825873068,0.0062289276593112675,1009.8186899427005,0.0006768267593884048,28.60724912038056,0.005650544305330739,241711.0,612.0
1776903920.856209,24.51115234375,0.001660156249998934,43.83055689587819,0.0028498639613978582,1009.8165258663518,0.000955116509430809,28.625316108362462,0.007973883188560293,242763.0,88.0
1776903922.8884208,24.50236328125,0.0020507812500003553,43.847793016827396,0.02105344739123538,1009.8150445101286,0.0033215567442539395,28.637683396267683,0.02773037287236768,241012.5,86.5
1776903924.9034073,24.4919140625,0.0033203124999996447,43.93480965613155,0.01178848946318567,1009.8227164472668,0.0028208242270011397,28.573633592601304,0.023549808855596766,241622.5,349.5
1776903926.9816234,24.481562500000003,0.0025390625000003553,44.00057161713976,0.017970994415755115,1009.8150597234139,0.0013796555822978007,28.637556355964577,0.01151820252072433,242587.0,264.0
1776903928.9718242,24.473750000000003,0.0015625000000003553,44.07274102558032,0.018091183549188372,1009.8087824521335,0.0007089035011631495,28.689962955341574,0.0059183866604612945,241276.5,870.5
1776903930.9944398,24.468867187500003,0.0013671874999996447,44.15441936426001,0.02116900456862325,1009.8108940188765,0.0023402124154472403,28.672334256880944,0.019537579469059096,242675.0,176.0
1776903933.0271363,24.460957031249997,0.0020507812500003553,44.180924581674816,0.005856763870724535,1009.8181221161913,0.00305471979908134,28.61198969784247,0.025502593072307178,243826.5,622.5
1776903935.0690484,24.4544140625,0.0017578124999992895,44.210640801925756,0.005891629858076897,1009.8230097499179,0.0028472386856606136,28.571184939800673,0.023770325850877683,243560.0,532.0
1776903937.0891817,24.44962890625,0.0010742187500003553,44.24971050484629,0.002923769299137291,1009.8125262134122,0.0028145593906856448,28.65870767741913,0.023497698513518017,242763.5,264.5
1776903939.1027815,24.44328125,0.0023437499999996447,44.26116794852994,0.0027766168891858456,1009.8122644455239,0.0019745356929661284,28.66089306590264,0.01648465984184533,242763.0,88.0
1776903941.1403172,24.439765625,0.0,44.263808691117475,0.006097220762718791,1009.815678881979,0.0,28.632387239227203,0.0,242677.0,705.0
1776903943.1670737,24.4376171875,0.00019531250000071054,44.29404809527717,0.006075613154578718,1009.8121988867458,0.0015054156084488568,28.661440386163484,0.01256815240960485,241447.5,174.5
1776903945.1830585,24.43869140625,0.0002929687500010658,44.32161797798697,0.015282251066629726,1009.8239586857676,0.0013854405228812539,28.56326267994526,0.01156641618598897,240319.5,259.5
1776903947.2306745,24.438105468750003,0.0008789062499996447,44.39170585336231,0.012101380755634494,1009.8266531469085,0.0005127625829004501,28.54076786154535,0.004280813594473187,242855.5,1058.5
1776903949.2426634,24.433515625,0.0007812500000010658,44.38507102239663,0.018395415594266495,1009.8265055874404,0.0032889433985019423,28.54199980152856,0.027457844521066477,244360.0,89.0
1776903951.3227277,24.4294140625,0.0013671874999996447,44.344938172491204,0.0032088870933364433,1009.8271488705082,0.0013037178114245762,28.536629304038534,0.01088412239599812,242852.5,529.5
1776903953.3023736,24.42599609375,0.0010742187500003553,44.332341448733395,0.003174572681281518,1009.8270776240252,0.0008291735126704225,28.53722410380187,0.006922377248733014,241884.5,87.5
1776903955.3702323,24.4247265625,0.0007812500000010658,44.310846854329995,9.07204763969105e-05,1009.827753821579,0.001265491468871005,28.5315788550278,0.010564983645931392,243559.0,0.0
1776903957.3541949,24.42677734375,0.00029296874999928946,44.31413467046241,0.009114354850499495,1009.8301648636088,0.0013854337909151582,28.51145023758788,0.011566302427693742,243382.0,354.0
1776903959.4186888,24.42775390625,0.00029296874999928946,44.31729733205851,3.4024938372567703e-05,1009.8281032251896,0.0032071853482307233,28.52866188069595,0.02677525064029851,243647.5,88.5
1776903961.4362414,24.42677734375,0.0006835937500007105,44.292790012554796,0.012275659531219674,1009.8237887418969,0.001107297944486163,28.564681462219575,0.009244330883328544,244271.0,357.0
1776903963.471579,24.4235546875,0.0005859375000003553,44.2497344991116,0.012261120453658236,1009.8258555830494,0.0008726216595391634,28.54742635081929,0.007285112403216942,244092.5,356.5
1776903965.4875834,24.42326171875,0.0002929687500010658,44.21617224615513,0.003013722284613607,1009.8253810247445,0.0013471799645117244,28.551388221681922,0.011246983265849053,243116.0,88.0
1776903967.5089018,24.42423828125,0.0006835937499989342,44.17971774663013,0.01515597347151143,1009.8269628894387,0.0011073048419802944,28.538181970412175,0.009244364938469474,242147.0,0.0
1776903969.5473185,24.426875,0.00019531250000071054,44.16174148511432,0.009162784879109154,1009.8348774228771,0.001505375406566145,28.472107483379574,0.012567588246916728,243648.0,444.0
1776903971.5720215,24.42619140625,0.00048828125,44.13424382757756,5.652196273331356e-05,1009.8292157441726,0.00011994184200148084,28.519373963610725,0.0010013359582128345,242851.5,352.5
1776903973.5840964,24.42580078125,0.00029296874999928946,44.10678508261566,0.00917108350149931,1009.829493872531,0.00047455948310926033,28.517052006521148,0.003961864860718478,243471.5,620.5
1776903975.6209223,24.42521484375,0.0002929687500010658,44.061037764519156,0.01221348383956311,1009.8221686503273,0.005028917258925958,28.578206965013365,0.04198421549535958,243918.0,890.0
1776903977.6445298,24.42365234375,0.00029296874999928946,44.03954444840854,0.015188698357725627,1009.8205485528538,0.004118036310671869,28.591732426241624,0.034379716262961324,243559.0,0.0
1776903979.6619978,24.42482421875,0.0006835937500007105,44.039680565441344,0.02139062188324914,1009.8242685231176,0.002929044468714892,28.560676010684485,0.024453261166478057,240754.0,694.0
1776903981.7218747,24.42453125,0.0009765625,44.1949885887266,0.02426530784886083,1009.819239609102,0.0024927226580757633,28.602660205142385,0.020810692569771305,241012.5,86.5
1776903983.7600844,24.42541015625,0.00029296874999928946,44.26214291196877,3.3990763569136107e-05,1009.8215741456389,0.0013471888236153973,28.583170145454336,0.01124709155622483,242059.5,87.5
1776903985.786674,24.42560546875,0.00048828125,44.2591171096518,0.003105114324956304,1009.8182470265313,0.0007909239490686559,28.61094684395323,0.006603096497661554,243116.0,88.0
1776903987.8281963,24.41740234375,0.002636718749998934,44.23073242730551,0.012497410021598654,1009.8213550006558,0.0011941217026674167,28.584999690139632,0.009969202716083814,245799.5,632.5
1776903989.8459358,24.4065625,0.002539062499998579,44.22642730836238,0.0027534447521944116,1009.8238349002667,0.0013521528826458962,28.56429610884124,0.011288513855280513,247990.0,1012.0
1776903991.869194,24.3989453125,0.0009765625,44.22249666824689,0.006208587684621847,1009.8269803566355,0.00479393466662259,28.538036217854042,0.04002229490387066,249002.5,185.5
1776903993.9435577,24.39259765625,0.0012695312499992895,44.17300544382973,0.0062405761600601295,1009.834003637369,0.0015867893344534423,28.479402262838484,0.013247279630142828,249373.0,0.0
1776903995.9642165,24.38517578125,0.0020507812500003553,44.135589510327335,0.012421616257647372,1009.8329107314041,0.001500460840929918,28.488526369951607,0.012526578874128447,248909.5,278.5
1776903998.005338,24.378828125,0.001953125,44.11353360336086,0.002819734363249893,1009.8390225935268,0.002300902907222735,28.437501699413986,0.01920896548338824,249474.5,1396.5
1776904000.018903,24.37326171875,0.00048828125,44.13725665766218,0.009081660845495776,1009.8318269821859,0.0007909853378578191,28.497574035460524,0.00660353710065209,249653.0,280.0
1776904002.0456324,24.36740234375,0.0018554687499996447,44.224936866415916,0.018070600315127194,1009.8323538637399,0.00027339363310829867,28.493175366551007,0.0022824244017094486,249281.5,464.5
1776904004.0879745,24.36193359375,0.0016601562500007105,44.30050920422531,0.015052051436555303,1009.833513380608,0.0027753097787126535,28.483495179948356,0.023169628351944027,250026.5,280.5
1776904006.0982416,24.35490234375,0.0028320312499996447,44.37593255017434,0.011872001091930429,1009.8394277242755,3.39830032203281e-05,28.43411946974641,0.00028370520211140615,250214.0,281.0
1776904008.1194165,24.347187499999997,0.0015625000000003553,44.445206538824905,0.02117856592024836,1009.8351266782547,0.0007097163771732085,28.470026575513057,0.005925047918758253,248724.5,277.5
1776904010.1514125,24.338886718749997,0.0030273437500003553,44.511384850930995,0.014910585867603743,1009.8307869734738,0.0012613063093454002,28.50625654979727,0.010530018138986463,250120.0,187.0
1776904012.1765313,24.331171875,0.0009765625,44.54712077648395,0.003167028023316476,1009.8292178077281,0.0034035291033092108,28.51935677471726,0.02841440498791492,250120.0,187.0
1776904014.249368,24.3284375,0.0007812499999992895,44.55901546678207,0.002962387462130067,1009.8266095442,0.001265639749078673,28.541131884532412,0.010566231261497805,250307.5,187.5
1776904016.2328615,24.324921875,0.0015625000000003553,44.589142839047696,0.00897969735881432,1009.8272892785369,0.0020223654984761197,28.535457111986727,0.016883769587305864,250213.5,93.5
1776904018.2572894,24.32169921875,0.0006835937499989342,44.63458258407391,0.01213928731718994,1009.8284435906262,0.0011074459329734054,28.525820303148045,0.0092455318640976,249280.5,92.5
1776904020.3278017,24.3165234375,0.0017578124999992895,44.6523077052172,0.006315304263839749,1009.8300765603249,0.00011558135179257079,28.512187431738816,0.0009649316874131841,251249.5,566.5
1776904022.3161557,24.313203125,0.0,44.63970028980023,0.0,1009.8283403644803,0.0009107151000762315,28.5266820871503,0.007603121671330371,250401.0,94.0
1776904024.378275,24.312421875,0.0013671874999996447,44.596847195900565,0.006267522498031752,1009.8243425539051,0.000393480398201973,28.56005793310689,0.003284988832854552,250966.0,471.0
1776904026.4001448,24.30841796875,0.0012695312499992895,44.562789280854886,0.0032013640934813736,1009.8315166680511,0.001146016569805397,28.500164694072197,0.009567515932340953,250965.0,94.0
1776904028.400679,24.30490234375,0.0012695312500010658,44.556272895719076,0.002905367911640866,1009.8312853356733,0.0043181912234899755,28.50209602993381,0.03605041329661063,251343.5,472.5
1776904030.4680657,24.3032421875,0.00019531250000071054,44.60799320511822,0.006085642404901392,1009.8413455904113,0.006058485865025887,28.418108406726894,0.05057885264513118,250965.0,94.0
1776904032.5066478,24.30392578125,0.00048828125,44.65083763989479,0.012276912569177512,1009.8406316689675,0.0037624524466650655,28.424068457045053,0.03141059351539077,250504.0,1502.0
1776904034.5318058,24.3055859375,0.00039062499999964473,44.7151985236259,0.015235066278435738,1009.8333035240355,0.0006328417802023978,28.48524713982109,0.005283270153579878,251342.5,283.5
1776904036.5488088,24.30548828125,0.00048828125,44.794666815005115,0.027460953536166954,1009.8213061577662,0.00011966106677618882,28.585407453461382,0.0009989982385611995,250965.5,282.5
1776904038.5678358,24.3055859375,0.00039062499999964473,44.85278065961732,0.01830588518530263,1009.8296607049979,0.001188569362113867,28.515659207974426,0.009922782557566734,250496.0,563.0
1776904040.596544,24.30421875,0.00019531250000071054,44.895445396110254,0.006095835491926493,1009.8383741995378,0.0003164229926255757,28.442914766149382,0.002641641890772206,250026.5,280.5
1776904042.6237123,24.3067578125,0.0007812499999992895,44.8957433707343,0.012329100329438347,1009.8406662833697,0.0023771346072294364,28.42377945245805,0.019845355619050764,251342.5,283.5
1776904044.6410053,24.3040234375,0.0009765625,44.843422516946134,0.021523390393454633,1009.8462540931732,0.002971385813168581,28.377130096282716,0.024806312512080098,252672.5,95.5
1776904046.6723218,24.298847656249997,0.0020507812500003553,44.74497570566626,0.021636266937804294,1009.8506185588571,0.0005904166154095947,28.34069383340279,0.004929015865942077,253343.0,192.0
1776904048.7359338,24.292988281249997,0.0018554687499996447,44.63428918182432,0.0277082156708488,1009.8502325749469,0.00027403293171346377,28.343916169163794,0.002287728786967591,253920.0,193.0
1776904050.7590208,24.286152343749997,0.0010742187500003553,44.54492925498784,0.0062311335189875194,1009.8446215730735,0.0008296981611124465,28.39075900611128,0.006926659851815842,251532.5,473.5
1776904052.7650673,24.28185546875,0.00048828125,44.53221718203531,5.685788246623247e-05,1009.8513201469434,0.0028515975196796717,28.334836744754753,0.023806175415879594,252006.0,190.0
1776904054.7838056,24.281171875,0.00019531249999893419,44.55656181705383,0.012190024815563305,1009.8447486015666,0.0021377750413194008,28.389698533302145,0.01784701923771692,252007.0,570.0
1776904056.819231,24.2805859375,0.0,44.57175979105412,0.0030534645775723845,1009.8328712645828,0.0036426777364226837,28.488855895108536,0.030410851236363,251153.5,94.5
1776904058.8462815,24.27482421875,0.003613281249998934,44.52834727847468,0.02178932501794506,1009.8344644530578,0.005073922462713654,28.47555523055028,0.04235952649536401,252960.5,574.5
1776904060.862638,24.262421875,0.0035156250000003553,44.48722306213142,0.006512726670752755,1009.8407796956435,0.0011426988210700983,28.42283262287536,0.009539746860509624,250968.0,848.0
1776904062.8975575,24.252070312500003,0.0023437499999996447,44.51043583179903,0.01804071788816941,1009.832204081579,0.00015477846426392716,28.494425821540606,0.0012921668373238049,248909.5,278.5
1776904064.9238882,24.2440625,0.0015625000000003553,44.60720396277064,0.03035733048069389,1009.8319786697245,0.002531555010136799,28.496307692243157,0.02113467165551519,246887.0,91.0
1776904066.9455192,24.24171875,0.0007812499999992895,44.72913091503888,0.024357718015689755,1009.8263601044717,0.002376684676619334,28.543214353309978,0.019841827005487644,245168.5,719.5
1776904068.977095,24.235859375,0.0021484375000007105,44.844618164899714,0.030330201763501208,1009.8323471020288,0.002893322066370274,28.493231844406395,0.02415487459870036,246707.5,819.5
1776904071.0034454,24.231171875,0.0009765625,44.9235979499906,0.018242910812944046,1009.8265735884263,0.004314038283382615,28.541432119320568,0.03601587854695687,248540.0,462.0
1776904073.0786817,24.22482421875,0.00244140625,44.93203190966788,0.00334585617289207,1009.8354114234653,0.005150250944552681,28.467649475212646,0.04299672044455427,250307.0,0.0
1776904075.1063495,24.213398437499997,0.0025390625000003553,44.88174731450418,0.021708487164605828,1009.8414845156038,0.0013822439284467691,28.41694848291944,0.01153956710248849,253343.0,0.0
1776904077.1027489,24.199726562499997,0.004296874999999645,44.806753960991514,0.015789129623410503,1009.8339012880924,0.0005882763397835333,28.48025671653268,0.0049112138864408905,254404.0,484.0
1776904079.1657743,24.1813671875,0.004101562499998934,44.72513811058292,0.01575782914038726,1009.8433067125914,0.0024593875820642097,28.401736023326322,0.020531995828291016,255669.5,586.5
1776904081.1933806,24.16759765625,0.0041992187499992895,44.696030685917314,0.0004899397689186458,1009.8483108368117,0.003162256230893945,28.359959599097742,0.026399731261419035,256456.0,984.0
1776904083.1757054,24.15177734375,0.0030273437500003553,44.70029550283015,0.0064636464404728144,1009.8527222300825,0.0003530970633960351,28.323131623473273,0.002947779665896988,256455.0,787.0
1776904085.2405355,24.14298828125,0.0020507812500003553,44.72065774802269,0.008927335561999428,1009.8557794193914,0.000318752156147184,28.297609152765702,0.0026610496590997457,254310.0,967.0
1776904087.2735763,24.13234375,0.0041015625000007105,44.76525419889623,0.01174624500375998,1009.8567399085682,0.0011836319677627216,28.28959067515459,0.009881348126722145,256158.5,490.5
1776904089.2837214,24.11935546875,0.0030273437500003553,44.76068099752412,0.003409648541786936,1009.863916765991,0.001467315900072208,28.229676088911447,0.012249564204104502,255572.0,684.0
1776904091.2956707,24.106953124999997,0.0033203124999996447,44.74089766143908,0.009554806146226724,1009.8647586971167,8.192738084744633e-05,28.222647407194742,0.0006839522647439367,256355.5,491.5
1776904093.3289177,24.09298828125,0.00341796875,44.69954847023376,0.0003985683257425876,1009.86488861049,0.0008338673503658356,28.22156285705193,0.00696135282412591,255766.0,98.0
1776904095.3492768,24.0784375,0.0037109374999992895,44.688687510710245,0.003487306337099483,1009.8713511888848,0.000551576285658939,28.167611622615183,0.0046046859081627645,257341.0,99.0
1776904097.3837442,24.06486328125,0.00341796875,44.68710535916796,0.008765485060418854,1009.852084200159,0.010090938538041883,28.328458465575743,0.08424278114807215,255668.5,391.5
1776904099.4042342,24.052265625,0.0031250000000007105,44.69480080769877,0.00036425252588045964,1009.8462342002883,0.006770169459571207,28.377296293867378,0.056520072653398756,255965.0,882.0
1776904101.4740102,24.0419140625,0.0025390625000003553,44.70581329926384,0.0002959875332670947,1009.8604099128833,0.0022574347480031065,28.258952332115705,0.018845750690095642,255867.5,979.5
1776904103.4554045,24.03302734375,0.001855468750001421,44.70172264742834,0.0032710198753100883,1009.8623935680909,0.00027612097642304434,28.242392172522273,0.002305138082817848,255966.0,1078.0
1776904105.5263262,24.027460937500003,0.0013671874999996447,44.76829539049244,0.03956746424876556,1009.8652064061683,0.00039514114871508355,28.218909810299138,0.0032987455961688283,254016.5,289.5
1776904107.5608788,24.02267578125,0.0002929687500010658,44.88084077193548,0.030544946734870848,1009.8629130653891,0.0013458066206339936,28.238055264951285,0.0112351797428758,253632.0,481.0
1776904109.5893326,24.022480468749997,9.765625000035527e-05,44.948103121142175,0.012225064835810429,1009.8616862189022,0.002889193527892076,28.24829735828426,0.024119840120192748,253247.0,288.0
1776904111.6207035,24.02365234375,0.00048828125,44.97883391081048,5.7186399644137964e-05,1009.8672266956178,0.0017016617921967736,28.202043908254677,0.014205911665346349,254890.5,777.5
1776904113.633319,24.02541015625,0.00029296874999928946,44.96680157424241,0.006153247271353024,1009.8800890002311,0.002295441204751114,28.094666632531744,0.01916273777000299,255766.0,294.0
1776904115.6667488,24.02384765625,0.0008789062499996447,45.00027654792382,0.015197345055327105,1009.8839288180917,0.0005141463241216115,28.062611205548567,0.004292168681701014,255472.5,195.5
1776904117.6987782,24.019453125,0.00039062499999964473,45.060973384693,0.015259846333616878,1009.8831786680669,0.0030081220348847637,28.068873598911445,0.025112257645206526,253344.0,576.0
1776904119.7104719,24.01837890625,9.765624999857891e-05,45.13433019656624,0.01532366815876074,1009.8796170540213,0.00348293710010239,28.098606544330295,0.029076168644280642,252199.5,951.5
1776904121.7516184,24.0196484375,0.00019531250000071054,45.17735847726041,0.009166691588998077,1009.8780333904501,0.0015040629736517985,28.111827220428797,0.012556196951340581,252960.5,574.5
1776904123.765211,24.01994140625,0.00048828125,45.19270943374971,5.7399070399810626e-05,1009.8739566867696,0.0017016655695556437,28.145860357385445,0.014205866543948176,252768.0,191.0
1776904125.7784998,24.02296875,0.0,45.21757525441758,0.006127896139783928,1009.8724909635936,0.0,28.158096524082247,0.0,252101.5,475.5
1776904127.828966,24.020039062499997,0.0005859375000003553,45.20191189188772,0.00925985720840572,1009.8841283093263,0.0026915778092870823,28.060945847048828,0.02246968147372108,252959.5,191.5
1776904129.847029,24.015253906250003,0.0010742187500003553,45.179905009578604,0.00012624485019685494,1009.8800140990536,0.001741014318724865,28.095291912967166,0.014534287690757708,254411.5,1452.5
1776904131.8820503,24.011249999999997,0.00039062499999964473,45.161056153770005,4.5890594609687696e-05,1009.882627795163,0.002453686216369988,28.073472360098766,0.020483752635776398,253922.5,771.5
1776904133.9042215,24.0096875,0.0005859375000003553,45.145559588628025,0.01538183914063751,1009.8773645193739,3.935782518738051e-05,28.117411074291148,0.00032856660771152235,254016.5,289.5
1776904135.9749928,24.00919921875,9.765625000035527e-05,45.09344621203594,0.018358561913789373,1009.8647393834781,0.0019788515397181072,28.22280865583591,0.01651999613615729,253727.5,192.5
1776904138.010377,24.00529296875,0.002246093750001066,45.034826263786016,0.015566299235160841,1009.8666010140764,0.0009111203206089158,28.207267253584035,0.0076062713177957875,254310.0,967.0
1776904140.0326178,23.9966015625,0.0027343749999992895,44.9603717432759,0.027853185091434085,1009.873450894047,0.0028504295743800867,28.15008284109974,0.0237960027352333,254016.5,289.5
1776904142.0594761,23.988789062499997,0.0015625000000003553,44.84936113640448,0.021583024198662315,1009.8771735013403,0.0007119374623698604,28.11900573096539,0.005943390213243305,254791.5,485.5
1776904144.0573385,23.984296875,0.0013671874999996447,44.754091368906145,0.03071430926265961,1009.8762644708197,0.001305657595366938,28.12659449853163,0.010899887475027015,254021.0,1062.0
1776904146.1306362,23.97697265625,0.002636718749998934,44.689083723204384,0.02168714990727949,1009.8734959548858,0.00027764985634348704,28.149706636542952,0.0023178809828419134,254791.5,291.5
1776904148.1915796,23.9700390625,0.001367187500001421,44.621095242876066,0.015424252875217093,1009.8722706463507,0.0014249960253778227,28.15993578846487,0.011896186353398619,254987.0,681.0
1776904150.2342327,23.96583984375,0.00029296874999928946,44.59923637891298,0.006139330024410583,1009.8754770657235,0.0013850774906245533,28.133167914577946,0.011562907748601248,254307.5,580.5
1776904152.263078,23.967109375,0.0,44.61159587189772,0.018317152916235813,1009.8702528993878,0.0009102304230736991,28.176780402163438,0.007598819969908632,255181.0,487.0
1776904154.3057175,23.9696484375,0.0005859375000003553,44.64242180613573,0.006175032919884416,1009.867996589737,0.0008707818129778389,28.195616628347608,0.007269506745261722,254016.5,289.5
1776904156.308767,23.971015625,0.0003906250000014211,44.70060655022136,0.01522685537834434,1009.8702125248992,0.0011873474645653914,28.177117459943865,0.009912259236196874,252672.5,286.5
1776904158.3304904,23.970234374999997,0.00039062499999964473,44.77384114825244,0.033568039876548994,1009.8689462763912,0.0011873453864836847,28.187688409233893,0.009912251952203022,254016.5,96.5
1776904160.3453443,23.9700390625,0.00019531250000071054,44.813545854115745,0.018361757294744763,1009.8649887781927,0.002137029731329676,28.22072664265012,0.017840507557254526,253441.5,864.5
1776904162.4021177,23.974628906249997,0.0008789062499996447,44.90886538387687,0.04597607434484274,1009.8624153122203,0.0013062097357305902,28.242210651674753,0.010904617938026107,245437.0,90.0
1776904164.4187346,23.97013671875,0.0020507812500003553,45.03376673428275,0.018122322886327424,1009.8678777372784,0.004868212717553888,28.19660891555062,0.04064107453560695,246980.0,730.0
1776904166.4512553,23.9641796875,0.0,45.051431308694575,0.006121459579475186,1009.860953315804,0.0018204521480811309,28.25441583456731,0.015197680646522826,251343.5,472.5
1776904168.4737713,23.9661328125,0.0005859374999985789,45.06084283427114,0.009114029519000866,1009.8577473323564,0.0017810055986160478,28.281180380069344,0.014868407237772274,252483.5,667.5
1776904170.491592,23.97150390625,0.001855468750001421,45.03392642315494,0.01202436367470483,1009.853709438392,0.0020970540621192413,28.314890075526193,0.017506938084792978,252866.5,860.5
1776904172.5731807,23.979511718749997,0.0020507812500003553,45.001202893339446,0.015059284205840129,1009.8648677932679,0.002413603130548836,28.22173666208838,0.020149419746434916,252577.0,191.0
1776904174.594145,23.9891796875,0.002148437499998934,44.96867853833837,0.005867202025751084,1009.8687040004719,0.0016615785679050532,28.189710993047434,0.01387127013637901,252577.5,381.5
1776904176.6261468,23.999140625000003,0.0023437499999996447,44.93313561770569,0.0058432970592185995,1009.866642787115,0.0034836003432019425,28.206918559148114,0.02908200803901373,252291.0,95.0
1776904178.6648054,24.00705078125,0.0010742187500003553,44.92794396731396,0.012109112416730738,1009.8603470887579,0.0028104328429776615,28.259476816383376,0.023462347872687417,252674.5,668.5
1776904180.6787603,24.0122265625,0.001953125,44.93772560373637,0.003287454130077805,1009.8623634901871,0.0013448505208089045,28.242643277397264,0.01122720289161272,252672.5,286.5
1776904182.7088778,24.0212109375,0.0023437499999996447,44.91124953705899,0.018076587806046263,1009.8723729905621,0.0010676013338866142,28.159081393091856,0.00891257459670669,252196.0,190.0
1776904184.7228959,24.031367187500003,0.0025390625000003553,44.87879632327931,0.002761053872724517,1009.8779094467061,0.006845997436755624,28.112862075147234,0.0571516633274296,251721.5,284.5
1776904186.748207,24.0415234375,0.0021484375000007105,44.9075084010325,0.012485249199084336,1009.888907583822,0.0007509408924306626,28.02104782528519,0.00626893933225503,252297.0,1238.0
1776904188.789025,24.04953125,0.0023437499999996447,44.95738928962342,0.018630871956158757,1009.8854995272179,0.0010673981154809553,28.049498707305112,0.008910784301315644,251722.5,663.5
1776904190.8027458,24.0594921875,0.0025390625000003553,44.99833257789426,0.008882976502388118,1009.8852564233798,0.0013838414511724295,28.051528173926073,0.011552498458675231,252672.5,286.5
1776904192.8246655,24.07052734375,0.00341796875,44.996565472538016,0.0004005841961500778,1009.8913056386845,7.702048662849847e-05,28.001028609984957,0.0006429744789038239,252199.5,951.5
1776904194.869263,24.082734375,0.0029296875,44.98269614616825,0.014956671222108753,1009.8928809562462,0.0011063149909773529,27.987877718826702,0.009235612998709897,252101.5,475.5
1776904196.9074368,24.0966015625,0.00390625,44.975140665640865,0.00045773678066041157,1009.8907732004579,0.003599158733038621,28.00547350013347,0.030046138425388946,252483.5,667.5
1776904198.9294899,24.10919921875,0.0026367187500007105,44.99497793280669,0.00030911195737459707,1009.8856967091507,0.00210008104318149,28.04785261685387,0.017531758735461977,253439.0,288.0
1776904200.9635005,24.121015625,0.003124999999998934,45.01472684078887,0.006487977368845321,1009.8757115032845,0.0013090347886191012,28.13121078178139,0.010928085798136422,253251.0,1055.0
1776904202.9887247,24.1337109375,0.0025390625000003553,45.049888281364446,0.00948224742057846,1009.8744332960789,0.0032040405190514325,28.141881546803518,0.026748002332320553,251250.5,755.5
1776904205.0037217,24.14337890625,0.0022460937499992895,45.06939261236725,0.0027980665505076274,1009.8800848286485,0.0018187751776963523,28.09470145105701,0.015183447886400359,252291.0,95.0
1776904207.0594478,24.15109375,0.0017578125000010658,45.05805175710684,0.008978520479178798,1009.8752872344991,0.0017039988034639464,28.134752667552767,0.014225329702634681,251627.0,379.0
1776904209.0752218,24.156171875,0.00019531249999893419,45.024972877288,0.006145039716010103,1009.8762321259246,0.0024149955427787972,28.126864533923126,0.02016086028280739,254016.5,289.5
1776904211.094624,24.1579296875,0.0005859375000003553,45.02517903009014,6.875549898666122e-05,1009.8736175633126,0.0036030194315799235,28.14869146636253,0.030078781654260922,252871.5,1434.5
1776904213.1430328,24.16212890625,0.0012695312499992895,45.050162798889325,0.012395186797320434,1009.8749590885161,0.0024953394358817604,28.13749210865558,0.020831608250697187,252578.5,572.5
1776904215.154388,24.16935546875,0.0018554687499996447,45.066319380416274,0.0032797591313418195,1009.8611748096807,0.0015459871009966264,28.252566734310093,0.01290636180450555,252387.0,381.0
1776904217.1859367,24.174824218749997,9.765625000035527e-05,45.08227217554195,0.01226012930181497,1009.856378511717,0.003483846953599823,28.292607771045457,0.0290843061642434,253535.0,192.0
1776904219.200991,24.1721875,0.0,45.1217747812902,0.009188579245392958,1009.8648533013015,0.0018210362138120217,28.221857636594912,0.015202509064499381,254404.0,484.0
1776904221.215481,24.17169921875,9.765624999857891e-05,45.164603184373995,0.015329606307801669,1009.8677041649408,0.0001582417722829632,28.198057862315018,0.0013210426335472647,253823.5,96.5
1776904223.2622213,24.17482421875,0.00146484375,45.22625536351889,0.021625689386251423,1009.8572890017012,0.013105274169447512,28.28500723660754,0.10940708164027946,251532.5,473.5
1776904225.2843733,24.1815625,0.0025390625000003553,45.300618858506354,0.015629914580191695,1009.8254125743833,0.010454418218273531,28.551125188060755,0.0872791066348313,250027.5,467.5
1776904227.30678,24.1891796875,0.001953125,45.365918018332806,0.012499787367616477,1009.7749275075396,0.012314694162114392,28.972610354336076,0.10281385276903698,249654.5,652.5
1776904229.344723,24.198261718749997,0.0020507812500003553,45.39459834265847,0.0033101246417395203,1009.7277248160295,0.01579906179097179,29.366707552154345,0.13190939834278304,250495.0,0.0
1776904231.3634653,24.20705078125,0.0026367187500007105,45.404840640683595,0.0003115813402985168,1009.6654768927287,0.011208056639418373,29.886439964370943,0.0935828867922055,249841.5,653.5
1776904233.3793824,24.21671875,0.0023437499999996447,45.399847160685255,0.006412989426792137,1009.6146670858545,0.016235981063516647,30.31069107349672,0.13556961217773988,250032.5,1215.5
1776904235.418601,24.22794921875,0.0028320312499996447,45.36436118369784,0.005800373365364209,1009.5545487122818,0.013624481447493508,30.812688261422615,0.11376920917008526,249565.0,1118.0
1776904237.4411733,24.236347656249997,0.0008789062499996447,45.35615090049261,0.0031711146943074198,1009.4998574899196,0.015877827884480666,31.269389431657906,0.13259126004664346,249839.5,93.5
1776904239.457763,24.23947265625,0.00146484375,45.36265475219154,0.003240466327774527,1009.4484616355574,0.009465370072177848,31.698590010323443,0.07904589297895193,249839.5,93.5
1776904241.5177093,24.250019531249997,0.0028320312499996447,45.34856401884271,0.011934502889786813,1009.4099957040713,0.009983338066263059,32.019826381266306,0.0833740483074994,251248.0,189.0
1776904243.5283847,24.257929687500003,0.0015625000000003553,45.315761202404616,0.00901562621502805,1009.3891131944872,0.00020146497018913578,32.19422402283638,0.0016825265673752199,251721.0,95.0
1776904245.5892758,24.2659375,0.0017578124999992895,45.29830701947062,0.008991786978803873,1009.384779451814,0.006259698677979486,32.23041729388606,0.05227780259986403,252768.0,0.0
1776904247.5793161,24.274921874999997,0.0025390625000003553,45.26870519451951,0.0027664181423361356,1009.3738309661512,0.0022904757833543954,32.32185373572304,0.019129050562455063,253631.5,288.5
1776904249.6513736,24.28263671875,0.0012695312500010658,45.23589292541482,0.00014967319890146769,1009.3772178489303,0.00023455365544577944,32.293567995172396,0.0019588840782702732,252103.5,855.5
1776904251.683957,24.28791015625,0.0012695312499992895,45.227318755018686,0.003214889146519795,1009.3857576491081,0.002055878894907437,32.2222477763776,0.017169635830338592,253439.0,288.0
1776904253.7020016,24.294062500000003,0.0013671874999996447,45.23417469171779,0.003226576955277949,1009.3847926333626,0.0014287030062973827,32.23030708391681,0.01193179684831236,251721.0,95.0
1776904255.7159426,24.30041015625,0.0016601562500007105,45.23798867228906,0.006326712035843229,1009.3668406737625,0.009150543685109369,32.380234022743664,0.07642176164141645,251438.5,567.5
1776904257.7475524,24.3091015625,0.001953125,45.260473793859546,0.009428154424359292,1009.3198983663266,0.009587144752686072,32.772285222189424,0.08007109819218883,249747.5,559.5
1776904259.7602282,24.316035156250003,0.0018554687499996447,45.28888782728757,0.012484814085912177,1009.2691976382334,0.013388387099496413,33.19574272180605,0.11182333118524213,247710.5,183.5
1776904261.7921436,24.322382812500003,0.0015625000000003553,45.3233716051717,0.009385830742839829,1009.2066184800602,0.013863056600484924,33.71843347817433,0.11579370918632037,248078.5,368.5
1776904263.8282673,24.32990234375,0.001855468750001421,45.3273266977133,0.00021918660648267974,1009.1432030278781,0.017942706829444433,34.24813652134846,0.14987735761109278,250027.5,467.5
1776904265.8438222,24.338496093750003,0.0028320312499996447,45.30073909950663,0.008865850067703462,1009.0687746868562,0.013630141814360286,34.86986255758842,0.11386083842687711,249844.0,1027.0
1776904267.921209,24.345625,0.0005859375000003553,45.27398271724804,0.018328684329169675,1009.0038128100849,0.013623387950019605,35.41254264387677,0.11381035191873679,248913.5,1019.5
1776904269.949534,24.34455078125,0.00146484375,45.2646565773495,0.009371283772438233,1008.9474297948482,0.013299823541785827,35.88357933522944,0.11111230874558586,249562.0,745.0
1776904271.9749117,24.34552734375,0.001074218749998579,45.231047707241785,0.012135459945131544,1008.9144023766685,0.011011656428479455,36.15950772096793,0.09199843861568979,251342.5,283.5
1776904273.99265,24.350605468749997,0.0010742187500003553,45.21018863244809,0.003191849184950968,1008.8843702836734,0.00372585955977911,36.4104177465813,0.031128970103839748,251626.5,189.5
1776904276.0192463,24.3544140625,0.0007812500000010658,45.25662382218488,0.024620469578220394,1008.8686764574173,0.0005570848599063538,36.54153797472237,0.004654414934890383,247438.0,824.0
1776904278.0445688,24.3598828125,0.001953125,45.358478250205394,0.015570285684020746,1008.8729735635832,0.00042875345349102645,36.505635938432114,0.0035822003764778287,247993.5,1379.5
1776904280.065673,24.365546875,0.0009765625,45.40824077967487,0.00318434563799741,1008.8666575558545,0.0034020183112488667,36.55840584335459,0.02842373151680988,249467.0,279.0
1776904282.108744,24.36408203125,0.002050781249998579,45.38658779191407,0.012516158942791122,1008.8661083313013,0.0003240139980107415,36.56299455583192,0.0027071256242159336,250683.0,188.0
1776904284.119647,24.36671875,0.0017578124999992895,45.37462646112465,0.012480656666994605,1008.8603572493862,0.0019340953448363507,36.61104476724374,0.0161593735717247,244400.0,3127.0
1776904286.1387973,24.3739453125,0.0017578125000010658,45.568896472246074,0.05242731135142975,1008.8684097208394,0.00922028897389282,36.54376682914064,0.07703504972120001,241190.0,957.0
1776904288.1703653,24.3825390625,0.0025390625000003553,45.7112664004118,0.0033763321235475985,1008.8941581915626,0.009574031127328908,36.32864189891706,0.07998889460046144,243647.5,88.5
1776904290.2387166,24.39220703125,0.0026367187500007105,45.73086353936637,0.0027608335696207575,1008.9088943389831,0.003356558156212941,36.2055251325827,0.028042963064287107,246252.5,725.5
1776904292.255832,24.40275390625,0.00244140625,45.732118881347624,0.0027841144781248772,1008.9168556168831,0.002424483131278521,36.1390114125373,0.02025564680718972,245257.0,90.0
1776904294.3103123,24.411640624999997,0.0015625000000003553,45.705506360558665,0.012111211338527994,1008.9230407069081,0.004350441304154629,36.0873374782458,0.03634612423870465,245890.5,723.5
1776904296.3337595,24.42111328125,0.0028320312499996447,45.65745155713259,0.018104072367261637,1008.9283521637462,2.9168155776915228e-05,36.04296250081423,0.000243686748024885,246069.5,362.5
1776904298.3674712,24.4298046875,0.0007812499999992895,45.57859204672331,0.018339807704684574,1008.9296664704366,0.0014681969614116497,36.03198207591717,0.01226610857961319,248182.5,1750.5
1776904300.3857133,24.43087890625,0.0006835937499989342,45.4865829911937,0.030785641151869214,1008.9232072680552,0.0011063157116382172,36.0859458700147,0.00924280552605694,249844.0,1027.0
1776904302.4210474,24.430195312499997,0.00039062499999964473,45.38213924792079,0.03677689536968742,1008.9293878049489,0.004275610198362756,36.03431025188781,0.03572075957470133,251911.0,285.0
1776904304.4453046,24.4286328125,0.0009765625,45.246988562658544,0.03077703317390501,1008.9350567536349,0.0024913280456644316,35.98694885641227,0.020813806952840963,252006.0,190.0
1776904306.466634,24.4284375,0.0007812500000010658,45.148874229923855,0.01847859845462807,1008.9256321149883,0.0014681937708473924,36.065687309884865,0.012266121636667293,253247.0,96.0
1776904308.495699,24.42482421875,0.00029296874999928946,45.068791988662426,0.01228637390114784,1008.928892909018,0.001384990281565024,36.03844482606779,0.011570962324523038,252386.5,190.5
1776904310.522906,24.42326171875,0.0008789062499996447,45.010421940745466,0.015412947211110861,1008.9245424631827,0.0023332675942810965,36.074790892726014,0.019493454967580703,252768.5,382.5
1776904312.5466926,24.424140625,0.0007812499999992895,44.9768467558804,0.0060308564785884755,1008.93142997869,0.007640316852587148,36.017248976563636,0.06383123377171884,253343.0,192.0
1776904314.571476,24.42775390625,0.0012695312499992895,44.943600338982634,0.015154647691460355,1008.943653703948,0.0015887777884131538,35.91512584699345,0.013273356789742508,252864.5,478.5
1776904316.6053221,24.42775390625,0.00029296874999928946,44.928297089659814,0.012276287206553604,1008.936366885937,0.0022958494597560275,35.976003355139184,0.019180660407908334,253631.5,288.5
1776904318.6263976,24.4255078125,0.0005859375000003553,44.903551149174504,0.006188800745732692,1008.9336426391213,0.0018591364561189039,35.99876307745656,0.015532178220606596,253535.0,192.0
1776904320.704465,24.42501953125,9.765625000035527e-05,44.89737380703527,1.1458606500980295e-05,1008.9282981541414,0.001979745158166679,36.04341373977863,0.01653987603536322,252386.5,190.5
1776904322.6892412,24.423945312500003,0.0005859375000003553,44.90642773722952,0.0029913035915001274,1008.9256487885937,3.743347082263426e-05,36.06554800192799,0.0003127403948006702,253151.0,192.0
1776904324.7081056,24.42169921875,0.0006835937500007105,44.900044158848004,0.0029797300232594637,1008.930211309281,0.0025370420239028135,36.027430213963655,0.021195806932158945,253439.5,480.5
1776904326.7466068,24.4184765625,0.0009765625,44.89048660455146,0.006234080495708838,1008.9322824523038,0.001580489166087773,36.01012677782209,0.013204230448202736,253247.5,479.5
1776904328.8091605,24.4145703125,0.0011718750000007105,44.9022675961432,0.000137503386589799,1008.9286930049989,0.0028074238385897843,36.04011495312632,0.023454749902395378,253152.0,575.0
1776904330.826768,24.415058593749997,0.0008789062499996447,44.89314530430963,0.0031629017985430607,1008.9231074010671,0.0003992364700025064,36.08678021343856,0.00333545416326686,252959.5,191.5
1776904332.8245778,24.42306640625,0.003613281249998934,44.90020461833847,0.003483933291299479,1008.9050985355893,0.006904219128898603,36.237238018578104,0.05768270437727807,251722.0,474.0
1776904334.8874302,24.44142578125,0.0045898437500007105,45.01256354111351,0.046470286631556945,1008.877425965388,0.002591888599226877,36.46843657035859,0.021654941927469196,244899.5,807.5
1776904336.9114642,24.45705078125,0.0032226562499992895,45.24422004831878,0.06170541378631711,1008.8708305858456,0.0015714825814825417,36.52354036691449,0.013129632263332525,244011.0,1336.0
1776904338.9410446,24.47423828125,0.0051757812499992895,45.442601445071716,0.03745164895295261,1008.8758713154016,0.0001773039777503982,36.481425484343234,0.001481356927559574,243209.0,1062.0
1776904340.9547427,24.496601562499997,0.005468750000000355,45.595748338632866,0.04059478100442249,1008.8810878894053,0.0029928831385177546,36.437841653598525,0.025005133361066356,241448.0,349.0
1776904343.0023248,24.517890625,0.0050781250000007105,45.736608801621635,0.0313578715857048,1008.8654338441315,0.0027147330656589475,36.568629898438374,0.02268151212703273,240784.0,2775.0
1776904345.0294433,24.5368359375,0.004492187500000355,45.855769213804734,0.019001318034636228,1008.8687595820802,0.0018027126346851219,36.5408434823806,0.01506156898567923,242679.0,1057.0
1776904347.049211,24.553046875,0.0017578124999992895,45.82693261676137,0.024406446833374673,1008.875858776677,0.0019332250602133172,36.48153025655382,0.016151901390621504,246618.5,1091.5
1776904349.0763717,24.56212890625,0.0022460937499992895,45.70498203875323,0.04893085427972821,1008.8668670211407,0.008209269434189537,36.55665595628062,0.06858811733881964,249002.5,185.5
1776904351.0968356,24.5704296875,0.0029296875,45.54000318646406,0.04880391486947744,1008.8383895879025,0.0071035161179224815,36.794586432716144,0.05935094916766914,248909.5,92.5
1776904353.1257422,24.58908203125,0.005175781250001066,45.39481562114668,0.023942467629918696,1008.7975045054052,0.01258101954203994,37.13619343346306,0.10511976637591758,249282.0,651.0
1776904355.1539643,24.606171875,0.0048828125,45.26796865170242,0.036230032970589576,1008.7559101422357,0.009411624014603603,37.4837375869655,0.0786407449069273,250401.5,281.5
1776904357.19628,24.6266796875,0.004101562499998934,45.13547872239387,0.02403605711316814,1008.7198414635964,0.008854182940638111,37.78512111981219,0.07398507423826217,250965.0,94.0
1776904359.2077389,24.6540234375,0.006445312500000355,45.02533211455079,0.026809083231750463,1008.6966484829101,0.010530987992979135,37.97892232628482,0.08799800491690846,247921.0,2574.0
1776904361.2390966,24.68693359375,0.007714843749999645,44.989389814351426,0.013159265974085343,1008.6560287515301,0.011213092432740268,38.31835050950958,0.09370079411645094,244628.5,179.5
1776904363.2896552,24.7118359375,0.004296874999999645,44.973947345845694,0.017868895789000305,1008.6033603780703,0.013097952959014947,38.758476594358505,0.10945602140179034,247252.5,91.5
1776904365.3007731,24.72892578125,0.00439453125,44.88104629208995,0.020909533951250836,1008.552631178467,0.009295950151567922,39.1824150298537,0.07768688446714833,244719.0,448.0
1776904367.342588,24.74455078125,0.003613281249998934,44.80637487556385,0.005694870250724904,1008.5040857380998,0.00782629108675792,39.5881203816623,0.06540739340348267,241273.0,0.0
1776904369.3634696,24.75822265625,0.0030273437500003553,44.7590326224932,0.011880050680368015,1008.4687822222476,0.00968563771391473,39.883170042482476,0.0809489790619331,242060.0,263.0
1776904371.3808095,24.77423828125,0.0036132812500007105,44.73950105533199,0.0087516862620447,1008.4372660733811,0.007827487244924214,40.14657358609746,0.0654208998680339,240580.5,692.5
1776904373.4009488,24.78498046875,0.00146484375,44.6887743801517,0.024289822640003678,1008.4601035538151,0.005833513807829149,39.95570319671545,0.0487546913789032,232101.0,3062.0
1776904375.4126003,24.79728515625,0.004199218750001066,44.6168454974435,0.01784699450778504,1008.4471905844051,0.0014125284980082142,40.06362622489053,0.01180559560982175,223757.0,1273.0
1776904377.4631746,24.81466796875,0.004003906250000355,44.55470479827499,0.0086978185484341,1008.426082146399,0.005374349154465108,40.240047389235315,0.044918363222492985,217370.5,2190.5
1776904379.5462668,24.83166015625,0.0036132812500007105,44.5414159360236,0.005687809341775818,1008.418922242083,0.0023607666389011683,40.299889367780736,0.019731204643967715,210118.5,1518.5
1776904381.5646024,24.845234375,0.0029296875,44.53078340083066,0.011877786752449992,1008.4080575510602,0.0016434375035032645,40.39069646017499,0.01373591275542907,203895.5,870.5
1776904383.5872283,24.8575390625,0.00390625,44.47723929475766,0.02397717429268198,1008.4179252146089,0.004492468509852188,40.30822254074463,0.037547924064313065,202473.0,552.0
1776904385.6045642,24.8747265625,0.005078124999998934,44.43343855041917,0.014674384209332203,1008.4092540852971,0.00272788773713728,40.380695802520414,0.022799766883110806,206159.0,890.0
1776904387.6791613,24.889765625,0.0027343749999992895,44.395502650111936,0.005786572615225083,1008.4135148606529,0.0007746003022930381,40.345084153265404,0.006474110228364083,210309.0,794.0
1776904389.6689973,24.9008984375,0.0031250000000007105,44.36017077244488,0.00573999723237506,1008.4178402858033,0.001328515148884435,40.3089323115133,0.011103692597348669,216105.5,2165.5
1776904391.7395537,24.9149609375,0.003710937500001066,44.325187142937025,0.011774187622176413,1008.4141402259809,0.00417609256197693,40.339857406942514,0.034903768963733484,221313.5,1318.5
1776904393.7516358,24.9309765625,0.0048828125,44.28433458331462,0.011635214857076193,1008.4154195183071,0.0003104569200900187,40.32916503285722,0.0025947953305944793,222707.0,371.0
1776904395.7922792,24.94943359375,0.004589843749998934,44.28648557407632,0.0055673549981776205,1008.4115287186105,0.00012707796690847317,40.361684342042054,0.0010621194892301844,217349.0,212.0
1776904397.8184686,24.96544921875,0.0036132812500007105,44.29140403454934,0.008732753797126236,1008.4000433002777,0.0031060405352150156,40.45768010988559,0.025960571221464335,221600.5,587.5
1776904399.828578,24.985859375,0.0056640624999992895,44.33956258789479,0.012870231307246627,1008.3947479169664,0.0026954889666512827,40.501939494615414,0.02252923941095375,220655.0,1238.0
1776904401.8801317,25.00705078125,0.004589843749998934,44.348140540364824,0.005569220986398449,1008.396183152835,0.0044324680624754365,40.489943659249754,0.03704708878462526,214284.0,481.0
1776904403.89186,25.026484375000003,0.005273437499999645,44.316833726820064,0.008540764080411378,1008.3893051676039,0.003965314460401714,40.54743081340527,0.033142747138480644,209897.5,3360.5
1776904405.9027305,25.044941406249997,0.004003906250000355,44.3861503985836,0.021841578857269894,1008.3954338852735,0.0017337523132709975,40.49620607159531,0.01449091423074833,212596.5,1892.5
1776904407.94049,25.05978515625,0.003613281249998934,44.41231325475841,0.0026314082097940172,1008.3929861487895,0.001453709424652061,40.51666457010147,0.012150305340856704,220147.5,1304.5
1776904409.955388,25.071796874999997,0.0023437499999996447,44.38012767249501,0.01193962640335755,1008.3859600447373,0.0007706235842306342,40.5753898844944,0.006441015322863564,223451.5,373.5
1776904411.9904552,25.0813671875,0.0021484375000007105,44.40262482981326,0.03384337561841022,1008.3850164990382,0.0007371039337158436,40.58327621785007,0.006160856513663049,220503.0,218.0
1776904414.0029607,25.07677734375,0.0045898437500007105,44.47844692693085,0.005572940792113457,1008.3848922204991,0.0010360430596279002,40.584314963624834,0.008659448112709356,223604.5,972.5
1776904416.0955102,25.0606640625,0.00390625,44.45517706893817,0.015730543764743032,1008.3843777241034,0.0017549266965488641,40.58861523154861,0.014668022539531478,227172.0,309.0
1776904418.118584,25.04669921875,0.0006835937500007105,44.407730396361195,0.018402573859937377,1008.3873346242718,0.00019318802242196398,40.56390089742311,0.0016146996586634543,228413.0,0.0
1776904420.1327467,25.0477734375,0.00039062499999964473,44.35900145430184,4.562848408085074e-05,1008.3726601257886,0.005189904836356618,40.68655376401024,0.04337865366457905,228179.5,77.5
1776904422.1612656,25.043085937500003,0.0023437499999996447,44.34624299716276,0.0063790147101450145,1008.3669072078056,0.0007703560684149124,40.73463825924544,0.006438877883564231,229511.5,157.5
1776904424.18089,25.036640624999997,0.0025390625000003553,44.33022785439708,0.0033487498795778947,1008.3765470221672,0.005924722478084732,40.654066091925316,0.04952030728951584,229986.0,475.0
1776904426.2006059,25.023359375,0.003124999999998934,44.343939821106375,0.011845272367036586,1008.3751373327473,0.0013306860199691073,40.66584852229798,0.011122218035108489,230699.5,238.5
1776904428.23361,25.00021484375,0.007128906250001066,44.34734245142883,0.0008322290531630472,1008.3805752869536,0.0030632089271875884,40.62039681888901,0.02560298094257263,232788.0,81.0
1776904430.2450845,24.983125,0.002734375000001066,44.35450497804911,0.003371758521868884,1008.3848583213382,0.00378464780504828,40.58459834382786,0.03163281861748857,232545.5,323.5
1776904432.31341,24.96701171875,0.005566406249998934,44.33736267747379,0.006753882068270656,1008.3888950588896,0.00011805220862015631,40.5508585169985,0.0009867000018637384,235083.5,909.5
1776904434.3211293,24.94494140625,0.0065429687500007105,44.313424923000966,0.009917977207098971,1008.3960627834522,0.0012734972311250203,40.49094966025527,0.010644040494948825,236579.5,753.5
1776904436.4067621,24.9065625,0.0107421875,44.29674507094943,0.010405531223451447,1008.3950939096796,0.0008644417086429712,40.49904762206693,0.007225111672873652,240062.5,689.5
1776904438.428191,24.87404296875,0.0061523437499992895,44.268549182003625,0.00843514176549931,1008.3862737357767,0.000991413943779662,40.57276799804987,0.008286420145790174,237171.0,4626.0
1776904440.4547598,24.85373046875,0.004003906250000355,44.46458897694612,0.06671954623783094,1008.3953618388734,0.000818372273897694,40.49680823641087,0.006840056118907256,233439.5,570.5
1776904442.4725494,24.8454296875,0.0009765625,44.65917106717609,0.024344889342298615,1008.3919676798824,0.0011554545015997064,40.52517707559881,0.009657457155135774,233849.0,818.0
1776904444.4888086,24.840546875,0.004296874999999645,44.72587311608132,0.011730031964287235,1008.3931877162772,0.0012559010031623075,40.51497983937241,0.01049699337393406,236923.5,1595.5
1776904446.5140712,24.748066406249997,0.043066406250000355,44.67222434983117,0.04173335531480049,1008.39494424345,0.0012879445627618225,40.500298554222226,0.010764802670550466,248576.5,3049.5
1776904448.532443,24.57599609375,0.04599609374999858,44.49018126355031,0.04505713079932505,1008.3891315905445,0.001503218671018658,40.54888155379454,0.012564149388914814,257847.0,1591.0
1776904450.5551348,24.41271484375,0.03837890624999929,44.352153936826255,0.034960316239573075,1008.3901217945772,0.001055845219582352,40.54060526474664,0.008824921336000102,262502.0,1443.0
1776904452.6273735,24.268085937499997,0.038476562499999645,44.27743343304733,0.01970024312486629,1008.3783695520865,0.0030590014716267433,40.638832857323436,0.025567859378483604,266052.5,1270.5
1776904454.6476808,24.1466015625,0.02265625000000071,44.27859646819802,0.003471869196378208,1008.3712053289928,0.0011520981901753657,40.6987132773748,0.009629565153574049,269045.0,433.0
1776904456.6468391,23.99982421875,0.05205078124999929,44.32255950594568,0.018357955613812038,1008.3840251049382,0.0013243472060935346,40.59156248786188,0.011069157591773406,273227.0,1117.0
1776904458.7136161,23.70919921875,0.08623046875000107,44.51452978812897,0.0571101138754635,1008.4140997904283,0.007785056389991496,40.3401955120237,0.06506747980706606,279516.0,1753.0
1776904460.7277691,23.42794921875,0.06630859374999964,44.71992200205233,0.04725345400173708,1008.4335093555425,0.005535941257107879,40.17797158397997,0.0462686606513536,283898.5,723.5
1776904462.7692177,23.21056640625,0.03251953124999929,44.98485368322101,0.07873946547989163,1008.4242000366991,0.002679607131881312,40.25577784462354,0.022395967376439785,284380.0,0.0
1776904464.7801065,23.132734375,0.011523437500001066,45.309221670481364,0.07213798001685845,1008.4217423276866,0.005034431641604442,40.276319284393324,0.04207750754808259,283055.5,119.5
1776904466.8053358,23.06984375,0.01640624999999929,45.55921603680521,0.0019255460881737463,1008.4043813564454,0.004767857020112842,40.421422346245095,0.03985004676981063,284501.0,121.0
1776904468.8195646,22.95314453125,0.03056640624999929,45.74796811629626,0.051646359812391296,1008.4034167264733,0.003185002394161529,40.429484744683876,0.026620469559745175,286334.0,1226.0
1776904470.8843849,22.84513671875,0.02587890625,46.12846749421196,0.05844570713722774,1008.4428294543993,0.0062134446122286136,40.10007575563493,0.05193075495724031,289303.0,0.0
1776904472.9168046,22.67765625,0.05390624999999894,46.38251159929415,0.0829016301731258,1008.4675204239898,0.0025413879642997017,39.89371539806842,0.02124000252642233,291704.0,891.0
1776904474.9382992,22.5221875,0.030664062499999645,46.54889200603829,0.11037338128165075,1008.4852221456238,0.01748391333995869,39.74577285868405,0.14612215483542101,293237.0,386.0
1776904476.9615135,22.45744140625,0.0012695312500010658,46.94218458903018,0.03381910792400333,1008.5282596476336,0.015194746192435105,39.386092039501534,0.1269860067992994,293494.0,129.0
1776904479.0023549,22.4614453125,0.0048828125,47.18681496547109,0.056253128102980554,1008.5765245978434,0.016091337044372267,38.982738601117646,0.1344738130405716,293239.5,900.5
1776904481.0151906,22.42326171875,0.017871093750001066,47.361676186943086,0.02072368760518728,1008.6135761907744,0.009153003188259845,38.67310588880784,0.07648852455769273,295448.0,1567.0
1776904483.0391417,22.32267578125,0.023535156250000355,47.383632666136066,0.04307252890847124,1008.6165867388817,0.0008639146715267998,38.647947517392105,0.007219422685267318,297151.5,1188.5
1776904485.0811539,22.25998046875,0.021777343750001066,47.32377302799681,0.3253738330992739,1008.7382128193371,0.012635866938410345,37.63161246829698,0.10558306439373766,298473.5,133.5
1776904487.100795,22.18302734375,0.02783203125,47.67969052192002,0.0338435152006511,1008.6868907085201,0.014294225815206119,38.06045991249323,0.11944493784354648,300757.0,541.0
1776904489.1160448,22.073359375,0.0244140625,47.7315677121357,0.049765766372292575,1008.6786742262852,0.0005910307325507347,38.1291177523957,0.004938784068283297,301576.5,1360.5
1776904491.1584947,21.996210937500003,0.017968749999999645,48.00774770604446,0.11892969323594826,1008.6823474732096,0.004415355585024372,38.09842339473648,0.03689558312495933,303354.0,1239.0
1776904493.1799538,21.9333203125,0.012109374999999645,48.05288811507076,0.035802858839719676,1008.6755614579049,0.0033202518481516563,38.15512880462785,0.02774483119765847,302937.5,549.5
1776904495.1887567,21.90919921875,0.00029296874999928946,48.20843251844189,0.05280889543416123,1008.6690786505701,0.0004754744899742036,38.209300822644266,0.003973201046470365,302949.0,1922.0
1776904497.2433496,21.89259765625,0.00927734375,48.352570026046564,0.04864645055343786,1008.6648171939742,0.0021815734756955862,38.24491085083375,0.018229915271540165,301844.5,817.5
1776904499.2603993,21.86173828125,0.005566406249998934,48.59473777879292,0.04604692392716103,1008.6700755366733,3.792460012164156e-05,38.20097055937332,0.0003169085702445784,300216.0,270.0
1776904501.2844124,21.8505078125,0.00039062499999964473,48.66190711164717,0.028094149020919446,1008.6699926746064,0.000634011403178647,38.201662979354346,0.005297977020610745,298207.0,133.0
1776904503.3288863,21.85919921875,0.00244140625,48.793904905403224,0.03460402931399642,1008.6732125077785,0.003295402332469166,38.174757220581824,0.027537234529216192,295314.0,1174.0
1776904505.3461378,21.870234375,0.0037109374999992895,48.92316918106354,0.03166513111342795,1008.6684417517308,0.00214236984783156,38.21462294779113,0.01790226531776895,294658.0,0.0
1776904507.377713,21.884296875,0.0050781250000007105,49.081019043935406,0.044358051182392444,1008.670398249772,0.002798146732175155,38.19827390503666,0.023382090899261243,288428.5,124.5
1776904509.3935869,21.90705078125,0.006933593749998579,49.28699599297881,0.0602787311574744,1008.6773867575444,0.0005420165078362515,38.139876132513834,0.004529215002182951,290308.5,504.5
1776904511.4217563,21.935859375,0.007421874999998579,49.39378825150088,0.01343661962458853,1008.6769602589372,0.002064202414544525,38.14344006720082,0.017248957565797696,289930.5,377.5
1776904513.4559662,21.960957031249997,0.004785156249999645,49.428193812978634,0.0005928125486178715,1008.68411856951,0.005950941096216411,38.083623828238714,0.04972716817842482,293881.5,258.5
1776904515.4705825,21.97931640625,0.0061523437499992895,49.45864483163558,0.022678069359187703,1008.6957653754122,0.0045399088324984405,37.98630136200233,0.03793596604910476,287562.0,742.0
1776904517.5094378,22.00880859375,0.00849609375000071,49.55312109831586,0.01358521625153486,1008.7309230091589,0.015602848221135446,37.692525289201846,0.13037539697170786,288678.0,374.0
1776904519.5393114,22.0426953125,0.008203124999999645,49.56359489273215,0.0010191394801140063,1008.7450788204708,0.0003003989997409917,37.57424100279508,0.0025100669607915904,292471.5,1151.5
1776904521.5632863,22.063105468750003,0.0038085937499996447,49.55673215795106,0.0026596108450469558,1008.7618653831296,0.0034579892911210663,37.43397721849003,0.028893797011303235,294789.5,649.5
1776904523.6303413,22.08537109375,0.006542968749998934,49.58143113998152,0.007080090054930821,1008.7734939241434,0.0033572582770489134,37.33681348683849,0.028051860661811645,294529.0,389.0
1776904525.6598597,22.12296875,0.010546875000001066,49.68014109462315,0.03266575191375409,1008.7854954069796,0.0007775361326025632,37.23653451065894,0.006496707532878787,293752.5,387.5
1776904527.6803432,22.170625,0.010546875000001066,49.7927150607167,0.02014069442529376,1008.788398812706,0.0025907609439741464,37.21227513650733,0.02164706720963494,293494.0,129.0
1776904529.6965904,22.20138671875,0.006152343750001066,49.90012834580436,0.04158119643076574,1008.7920200703871,0.0018177901174567523,37.182017800621935,0.015188476021197772,291320.5,507.5
1776904531.7365525,22.216816406249997,0.004785156249999645,49.99940325499054,0.013164099234810323,1008.7952700860992,0.000405567925156447,37.15486244313985,0.0033886984979645263,292342.5,1022.5
1776904533.7531085,22.24357421875,0.008496093749998934,50.04045510731626,0.001065265349062372,1008.7878501281132,0.0001680261377714487,37.216859641628204,0.0014039406853569858,292723.5,384.5
1776904535.7725868,22.275410156249997,0.007910156250000355,50.06015995751039,0.01670462958255925,1008.7768635305629,0.003507435263657044,37.308658491742975,0.029306598143755025,292467.0,384.0
1776904537.8214295,22.3192578125,0.01171875,50.11595186238804,0.007958766491448444,1008.7726477340809,5.420982387249751e-05,37.343883865396904,0.00045295515744570025,291836.5,1528.5
1776904539.8329043,22.3544140625,0.006445312500000355,50.129800361047415,0.005477915865061078,1008.7570475595425,0.0013474971743789865,37.47423337795436,0.011259277319172865,293623.0,258.0
1776904541.868744,22.3721875,0.0007812499999992895,50.07545353555588,0.037619021350739246,1008.7495615975959,0.0050884272126268115,37.53678407207259,0.04251760853509268,295182.5,1042.5
1776904543.9422195,22.3798046875,0.0033203124999996447,49.859669713238546,0.059232116787292455,1008.7337707649889,0.0018778064876414646,37.66872902961226,0.015690674109400504,296751.5,263.5
1776904545.9309666,22.39396484375,0.003613281249998934,49.644947089839704,0.043448326794727876,1008.7267766301404,0.0077588301908235735,37.72717134316545,0.06483200493482144,298740.5,133.5
1776904548.010379,22.40998046875,0.003027343749998579,49.43697411794018,0.046604597796154223,1008.709170821201,0.0021864093715748822,37.874284566082025,0.018269675055190504,298875.5,801.5
1776904550.036036,22.4309765625,0.007226562500001421,49.26113838942288,0.042910504694848584,1008.6951007648447,0.004623537548411605,37.99185492337068,0.038634797198838555,298607.5,533.5
1776904552.0179968,22.4485546875,0.00390625,49.063167608873414,0.055778945810764924,1008.6881974608111,0.0018369797322748127,38.0495398039081,0.015350093289143274,296620.0,395.0
1776904554.0906632,22.45939453125,0.0002929687500010658,48.898917532360784,0.04063299345726534,1008.6867091784591,0.002291336844507441,38.06197614043757,0.019146796081152218,299008.5,668.5
1776904556.11678,22.45685546875,0.002832031250001421,48.77997415263251,0.02773782102288891,1008.6780506354257,0.001763315024163603,38.134328626680485,0.014734659349173285,298607.0,267.0
1776904558.136853,22.47169921875,0.00634765625,48.69755811958454,0.005457857655247977,1008.674882574722,0.002122089073964162,38.16080169713243,0.017732701589554978,296753.0,790.0
1776904560.156881,22.49611328125,0.0071289062499992895,48.66313173052013,0.005361034334370629,1008.6772452941664,0.0006641342484385859,38.141058233703454,0.005549659651798322,294528.5,129.5
1776904562.1825511,22.5128125,0.00019531250000071054,48.62152604710367,0.01249668061188558,1008.673451095424,0.000316753232937117,38.172763484592494,0.0026468714649610092,297812.5,1061.5
1776904564.1982281,22.52140625,0.0048828125,48.56022847276706,0.005634669989142083,1008.6674084192639,0.001163013711959593,38.223257767036344,0.00971848877018644,295179.5,521.5
1776904566.2219021,22.543964843749997,0.004785156249999645,48.53494680457189,0.02122991890745496,1008.657674578985,0.004046596481487086,38.304597002041234,0.033814828968381505,295701.0,0.0
1776904568.2451608,22.565546875,0.0068359375,48.48773215367691,0.0022772676861393393,1008.6309141216669,0.007987689766650874,38.52821965749656,0.06674946884755428,293108.0,257.0
1776904570.3095922,22.59513671875,0.003613281249998934,48.463319772112655,0.005788140783277385,1008.5898866939729,0.007765223924081965,38.87107273419333,0.06489256087050066,292980.0,385.0
1776904572.2991462,22.5997265625,0.0009765625,48.41092380891277,0.01545432564363125,1008.5437406465046,0.012949053466286387,39.256714344856974,0.10821688848274036,294658.5,259.5
1776904574.3613126,22.605488281249997,0.0028320312499996447,48.392941595240984,0.008996464296696871,1008.497677224891,0.010849232280293108,39.64167917479498,0.09067176868456528,292979.5,128.5
1776904576.4017205,22.607929687499997,0.0015625000000003553,48.38389739476068,0.006420193813777786,1008.4553129122903,0.011616066831322769,39.99574230194926,0.09708384182594898,297147.0,396.0
1776904578.376082,22.58537109375,0.01025390625,48.36245526193115,0.044850365300384,1008.4341802325761,0.0030003535133573678,40.17236441185503,0.02507654205651022,299276.5,669.5
1776904580.4395468,22.551484375,0.009179687499999645,48.27113845370722,0.013570884005432049,1008.4182945948246,0.005800907531181565,40.30513531705634,0.04848380581961819,301980.0,682.0
1776904582.4704716,22.515156249999997,0.009179687499999645,48.22313699371459,0.01978802115674938,1008.404804064482,0.0014633700624244739,40.41788925757671,0.012230934231162394,302799.5,137.5
1776904584.4868045,22.465546875,0.012109374999999645,48.15798293697754,0.01080608919146897,1008.4033742749928,0.0023809823110809702,40.42983954207213,0.01990041496304329,304177.5,415.5
1776904586.5120773,22.41408203125,0.01494140624999929,48.126835400342586,0.017365559623879534,1008.3971088068207,0.0011964412346969766,40.482206876243865,0.009999988964096929,304732.5,416.5
1776904588.543833,22.357929687499997,0.015039062499999645,48.129321784149084,0.004386425564234742,1008.3841395033699,0.006228952874607785,40.590606447354205,0.05206282337053736,305989.5,840.5
1776904590.5583367,22.3034375,0.010546875000001066,48.209752093131485,0.036035625181934705,1008.3674956891065,0.00530172141930052,40.7297196412685,0.04431343121699527,303763.0,276.0
1776904592.5940094,22.2673046875,0.007617187500001066,48.32045039763587,0.027077339932574773,1008.3497508607732,0.005090668927209663,40.87803746689467,0.04254999534516912,303075.0,687.0
1776904594.6129858,22.23947265625,0.00537109375,48.43845251996824,0.024254260368795855,1008.3254934263027,0.011433925575829562,41.080793839775,0.09557151796792242,302662.5,274.5
1776904596.6363459,22.22169921875,0.0026367187500007105,48.532833151475764,0.02771630469910491,1008.2703447947472,0.015168878271083486,41.54176928687326,0.1267960786163762,299822.0,1748.0
1776904598.6627219,22.2096875,0.0033203124999996447,48.64667107200572,0.037001768506129906,1008.2200027709446,0.01627706179880306,41.962584979419745,0.136064843527695,298078.0,1063.0
1776904600.7333372,22.18908203125,0.0061523437499992895,48.750161000694874,0.01795933392171989,1008.1720649515121,0.01542288681929449,42.363319218976315,0.12892950222854793,301441.5,1495.5
1776904602.7589207,22.1669140625,0.0035156250000003553,48.77551149150238,0.003551358320166287,1008.1097950342805,0.013869734849038196,42.883885046579124,0.1159515379374021,303349.0,138.0
1776904604.7847953,22.159687499999997,0.0005859375000003553,48.76526608325318,0.012549164157501735,1008.0499713111128,0.01365716472156464,43.384025760720554,0.11417992950368472,301707.5,680.5
1776904606.8164256,22.15353515625,0.0030273437500003553,48.770748735069844,0.00037179746717797,1008.0118586249791,0.009446818770584287,43.70266920214799,0.07898199553980234,301986.5,1500.5
1776904608.8264928,22.14044921875,0.004785156250001421,48.784738885507004,0.002531824764908208,1007.9752112272274,0.011389115129475158,44.00907166039802,0.09522375131617622,303625.0,414.0
1776904610.8560238,22.129511718750003,0.0020507812500003553,48.827074148272516,0.00910877366837326,1007.9402327622081,0.011493490978523369,44.30152875677121,0.09609913212421617,303212.0,275.0
1776904612.8924856,22.1196484375,0.0031250000000007105,48.90700704534902,0.02146694608420674,1007.8997359484979,0.012327325671265044,44.64013542810558,0.1030743262306153,304047.5,1659.5
1776904614.905084,22.1044140625,0.0035156250000003553,48.958206031065025,0.01205703964291871,1007.8668681140666,0.0029771656566595084,44.91496135402196,0.024894081270872448,305428.0,279.0
1776904616.950294,22.09748046875,0.00029296874999928946,49.004194922147704,0.009333676110163225,1007.8556267414108,0.0031976567234437425,45.00895844858215,0.026737996615125326,303212.0,550.0
1776904618.9629638,22.09298828125,0.0030273437500003553,49.038000951602896,0.01836982251711916,1007.845620932238,0.0005371167343923844,45.09262479663323,0.004491270363171651,304043.0,1106.0
1776904620.981608,22.06515625,0.008398437500000355,49.068933380347076,0.002088740336294137,1007.8377053897252,0.0036339828320706147,45.15881334664975,0.030386882665535353,307818.5,141.5
1776904623.0230677,22.05724609375,0.00048828125,49.23991290803473,0.11889541637218315,1007.8357705767257,0.0035141673200200785,45.17499200613791,0.029385046914484292,277649.0,577.0
1776904625.037472,22.05529296875,0.0006835937500007105,49.64978147472213,0.0659077859742574,1007.8425863614817,0.002521641321891366,45.11799936494336,0.02108554774180149,276846.0,917.0
1776904627.0702398,22.05255859375,0.0026367187500007105,49.79053262265863,0.0003287696754945557,1007.8445054021322,0.00389236575938412,45.10195270627007,0.032547268637177496,284178.5,3381.5
1776904629.0849006,22.050703125,0.0007812500000010658,49.7871644567169,0.0030393962662387253,1007.8469419901023,0.0014557777893173807,45.08157836817399,0.012172930541101579,283200.0,2639.0
1776904631.0981796,22.06583984375,0.005566406249998934,49.82983815693595,0.025795440803481284,1007.8478888368645,0.00458763938024731,45.07366108641528,0.038360918441497915,267755.0,5467.0
1776904633.1498828,22.09494140625,0.008496093749998934,49.97787401361643,0.057588422592104394,1007.8433420869412,0.002883882726507636,45.11168012211827,0.024114535823525077,249956.5,2429.5
1776904635.1782448,22.12296875,0.006445312500000355,50.173044840587615,0.02910338042526206,1007.8479407471787,0.0013493712352783405,45.07322695823332,0.011283170594158065,239054.5,2393.5
1776904637.1985269,22.1544140625,0.00898437500000071,50.2461716654006,0.010564860797501296,1007.8390170147734,0.0009505066267934126,45.147845676341575,0.00794800202258017,229858.5,2686.5
1776904639.2389526,22.19201171875,0.01025390625,50.254043072144796,0.0050016973037934065,1007.840969153787,0.00209940732065661,45.13152219048486,0.017554919653900214,221309.0,879.0
1776904641.248519,22.2333203125,0.009960937499998934,50.23407401465741,0.005038090558077357,1007.8452996426747,0.004731411537704844,45.095311434853315,0.039563194623202236,220140.0,145.0
1776904643.2960057,22.2721875,0.009570312500001066,50.210654719108526,0.00823178431794247,1007.8429425181914,0.0018957738007543412,45.115021232569916,0.0158521424909992,220069.0,652.0
1776904645.3093581,22.31505859375,0.01123046875,50.15000752561024,0.017453665659807882,1007.848883581998,0.0008621417008498611,45.06534316266357,0.007209049862073158,224887.5,1361.5
1776904647.3906016,22.359296875,0.0107421875,50.05811736194394,0.02065057576171725,1007.8443223719398,0.00015996243848803715,45.10348312142003,0.001337577591538519,233216.0,2278.0
1776904649.4050596,22.40255859375,0.011621093749999645,49.963003441392345,0.03309638650912916,1007.8399849962519,0.00023372607211058494,45.13975155237124,0.0019543828495045545,239477.5,2144.5
1776904651.426071,22.449921875,0.011914062499998934,49.86530318431771,0.02990482700679209,1007.8468258973178,0.0011467535188671718,45.082549110784576,0.009588930630947345,244363.0,804.0
1776904653.4781103,22.498359375,0.011132812500001421,49.78033439608738,0.026852561060039193,1007.8499498716343,0.000786426149829822,45.05642707356112,0.006575926514784669,244272.0,536.0
1776904655.497705,22.54220703125,0.011816406250000355,49.688549674471545,0.02361865987404599,1007.8556163668454,0.0018921052701443841,45.00904517575171,0.01582130575948426,244006.0,802.0
1776904657.5235176,22.58771484375,0.01103515624999929,49.615824990112266,0.014300888085216457,1007.863056897933,0.0033488135799188967,44.946829548092545,0.02800176486129402,244092.5,178.5
1776904659.5271275,22.63146484375,0.01123046875,49.55544470006038,0.017407881848612305,1007.8649160628397,3.0150237137149816e-05,44.93128374819475,0.00025210677382148106,242059.5,87.5
1776904661.6033792,22.67609375,0.0107421875,49.488922204454056,0.02686590426205271,1007.8572904536951,0.008030254575487561,44.99504709887256,0.06714686761197441,245708.0,361.0
1776904663.6201193,22.7184765625,0.010546875000001066,49.38454480870587,0.023744631561896767,1007.8551006305015,0.0007350028936912167,45.01335762331348,0.006145910861995674,249653.0,280.0
1776904665.6414442,22.7665234375,0.014062499999999645,49.29970921471997,0.020166671645895917,1007.8557183422042,0.0017484122417954495,45.008192481870864,0.014619779797342858,248820.0,926.0
1776904667.664153,22.81935546875,0.01201171874999929,49.22489061199241,0.014155423276495327,1007.8486319454329,0.0014397378840840247,45.06744730004359,0.012038791629898071,249840.0,280.0
1776904669.676961,22.865253906249997,0.010839843750000355,49.136720735041195,0.026810208444729255,1007.8521084118913,0.00029411581346039384,45.03837783752063,0.0024593289825496356,248911.0,649.0
1776904671.72797,22.9071484375,0.009960937499998934,49.032451805971085,0.02377913683309174,1007.8363690517424,0.00476646230293909,45.1699876656488,0.039856568652787416,247894.5,367.5
1776904673.744302,22.94806640625,0.01005859374999929,48.92811402467726,0.026880584758121273,1007.8317607858025,0.00097549753451176,45.208521414080266,0.008157020015119087,247802.5,275.5
1776904675.8091269,22.990351562500003,0.010351562500000355,48.830243799887924,0.023708117224728653,1007.8284497577461,0.000405756127179302,45.236207958137086,0.003392904171224842,247710.5,183.5
1776904677.8304968,23.033710937499997,0.012109374999999645,48.75440772063166,0.017237292351833133,1007.8305053200297,0.0023415649944809047,45.219019523084256,0.01957996931158945,245617.5,270.5
1776904679.8451319,23.07755859375,0.009863281250000355,48.70050908675877,0.008145726422650768,1007.8424329440536,0.005064887855837696,45.11928228099303,0.042351759912879317,245437.5,450.5
1776904681.9001257,23.116328125,0.00898437500000071,48.63039189801718,0.02073497124846213,1007.847039508167,4.420345646849455e-06,45.08076293401017,3.696206737302532e-05,247618.5,91.5
1776904683.9522693,23.15373046875,0.009472656249998934,48.53205177152585,0.011307609557938747,1007.8476081302244,0.0026116282613770636,45.07600825140078,0.021837915543308384,248632.0,185.0
1776904685.9705102,23.19435546875,0.01123046875,48.46845267327311,0.011087797864583138,1007.8433882426642,0.002725737621631197,45.11129417285741,0.022792152565660473,245357.0,1621.0
1776904688.0121448,23.23615234375,0.00947265625000071,48.48296372243882,0.0019497297393442636,1007.8428764159089,0.004426707001414343,45.11557402253318,0.03701538329636733,245984.5,1176.5
1776904690.0336647,23.27404296875,0.00947265625000071,48.431511483269645,0.026892482582166366,1007.8405785053396,0.0026069149489558185,45.13478874098276,0.021798626871763815,244540.5,626.5
1776904692.0634356,23.308515625,0.008398437500000355,48.32354866569129,0.027010623303457493,1007.8381961646314,0.002770493797072504,45.15470953418105,0.023166492697640706,238107.0,1781.0
1776904694.0621352,23.34162109375,0.00810546874999929,48.2185881843442,0.01768951954704434,1007.8335951222577,0.000391004878736112,45.19318287119279,0.0032695417568362473,233524.0,979.0
1776904696.0845094,23.374140625000003,0.008398437500000355,48.11983622933245,0.014532427152445848,1007.8389523091764,0.000954535657569977,45.14838673543481,0.007981692623580727,227949.0,777.0
1776904698.1159108,23.406367187500003,0.007421875000000355,48.06777014210461,0.014648953410393517,1007.842012319213,0.004355295280220162,45.12279945493072,0.03641827571221512,226941.0,385.0
1776904700.1558495,23.43830078125,0.00947265625000071,48.01256858559937,0.011282581655105872,1007.8291333045154,0.00194673190605954,45.230492201916846,0.016278426215691866,226863.0,0.0
1776904702.1806061,23.47921875,0.009570312500001066,47.96159270549056,0.011268238332473146,1007.8135095823075,0.005428731777158191,45.361137501642425,0.045395217843861246,226709.5,307.5
1776904704.1934733,23.51583984375,0.008691406249999645,47.89766325429352,0.017591750242036852,1007.8063847640105,0.00048634007600867335,45.42071551811562,0.00406681357285521,225110.5,985.5
1776904706.237572,23.55001953125,0.007910156250000355,47.84899537301544,0.01457492288486506,1007.811674746938,0.0027959930202996475,45.37648038856709,0.023380211908921922,224201.0,376.0
1776904708.2590466,23.58390625,0.008398437500000355,47.82205897309792,0.008296831941045468,1007.809208741722,0.002675452089420105,45.397101246713234,0.022372287871959884,223825.0,150.0
1776904710.276013,23.618183593749997,0.008886718750000355,47.80760599048862,0.002020106794525134,1007.8146468912429,0.002903288579545915,45.351627223894035,0.024277363942545094,223153.5,521.5
1776904712.3252714,23.64962890625,0.007910156250000355,47.76172909554036,0.014569819353301483,1007.8109491608393,0.0009734245310255574,45.38254774891128,0.008139821851788298,224127.5,751.5
1776904714.342973,23.679707031249997,0.006933593750000355,47.6939468738361,0.017791212502796583,1007.8059440774948,0.0033371536584354544,45.42440061033183,0.027905548537784597,224577.5,452.5
1776904716.36625,23.709492187499997,0.007421875000000355,47.616834027653375,0.0177249874099914,1007.810468519253,0.0047304103355827465,45.38656696928733,0.03955592966193322,226642.0,1460.0
1776904718.3875759,23.74005859375,0.00830078125,47.52742998597562,0.023817767511374655,1007.818073058875,0.0025123375287421368,45.32297756595458,0.02100816469592104,231582.5,962.5
1776904720.4534814,23.77267578125,0.007910156250000355,47.44762211591758,0.026958765474194735,1007.8217129923123,5.948107803988023e-05,45.292540468355824,0.0004973792796896248,235496.5,829.5
1776904722.4843783,23.8034375,0.007421875000000355,47.367617142112074,0.01770388357124375,1007.8241665280505,0.0007315566451779887,45.27202408619789,0.006117246217979044,237167.0,673.0
1776904724.5087156,23.8329296875,0.006640625000001066,47.29368998231061,0.020892747463715722,1007.8181922865318,0.0007334140210559781,45.32198056502207,0.006132806953861092,238521.0,681.0
1776904726.5322237,23.8563671875,0.005664062500001066,47.2035601964257,0.027199087577212566,1007.819709084196,0.0009729507855809061,45.309297114309636,0.008135803108984874,239204.5,855.5
1776904728.5732906,23.876875,0.004687500000001066,47.08834301465393,0.03968759584837045,1007.8173941682816,0.0039428876524425505,45.32865448120077,0.032970441837356645,241798.0,525.0
1776904730.5906773,23.896796875,0.0056640624999992895,46.917427389434216,0.039532740541311284,1007.8305107255364,0.002792240873532137,45.21897433046111,0.023348482961768724,243918.0,890.0
1776904732.6135557,23.91916015625,0.005957031250000355,46.808787481747274,0.020923608210654976,1007.8202723694894,0.004925397528722897,45.304587008638755,0.041186097990220105,244361.0,447.0
1776904734.654687,23.94171875,0.0048828125,46.70332715256316,0.030312005260523023,1007.8121674651181,0.0033476765545401577,45.372360270505055,0.02799340187951671,245798.5,451.5
1776904736.674252,23.966328124999997,0.006445312500000355,46.635232390373645,0.020846431167498736,1007.8210294059268,0.001406653233459565,45.29825660873301,0.01176240543581386,244540.5,626.5
1776904738.6915593,23.99376953125,0.0071289062499992895,46.57058924592448,0.002230050753517787,1007.8244578471413,0.003032400210997821,45.269588117461794,0.025356798417114135,243117.0,442.0
1776904740.7303586,24.01916015625,0.00537109375,46.533504931193505,0.011703412282077608,1007.816373986812,0.004056076738038428,45.3371852491418,0.03391695720914001,242851.5,176.5
1776904742.7683225,24.0380078125,0.004101562499998934,46.48329273356069,0.00876665019345424,1007.8086275011622,0.0011721763144691977,45.40196159619735,0.009801811921889225,242677.0,705.0
1776904744.7826488,24.05705078125,0.00537109375,46.41460304423414,0.011696690306571611,1007.8166699664182,0.004135516389396798,45.33471026698061,0.034581224200081806,241273.5,174.5
1776904746.837094,24.0837109375,0.006445312500000355,46.38078156579219,0.000773705777294964,1007.8297481213608,0.0013208181580353084,45.22535114395993,0.011044576936455996,238862.5,853.5
1776904748.850189,24.113398437500003,0.007421875000000355,46.402857726331376,0.007062370528135631,1007.8240503413904,0.00016817838445604139,45.272995632555556,0.0014063007811486727,237502.0,0.0
1776904750.8622978,24.14083984375,0.006152343750001066,46.446271813677065,0.0038260314873426182,1007.8247304147136,0.0018858235677043922,45.267308900606935,0.015769171038169105,236160.0,334.0
1776904752.8890264,24.16720703125,0.006152343750001066,46.47413639298286,0.0100010051760826,1007.8273118415291,0.0017552345300373418,45.245723147582154,0.014677160996154015,234915.0,248.0
1776904754.9320219,24.19328125,0.006640625000001066,46.46492573562604,0.008461616265577732,1007.8248640178881,0.003829301037512778,45.26619175429822,0.032020437950894376,238094.5,254.5
1776904756.975919,24.21994140625,0.006738281249999645,46.446525884356966,0.0008106844293891413,1007.8188078880075,3.026564752417471e-05,45.31683290586537,0.0002530811755718787,237165.0,168.0
1776904759.042306,24.2485546875,0.0066406249999992895,46.44070871315979,0.008460977420199356,1007.8259225737991,0.004363899630504875,45.25734017726635,0.03649069559850915,237333.5,168.5
1776904761.0551195,24.2762890625,0.006640625000001066,46.397752013114506,0.03006162045203098,1007.8297917677683,0.001631464724084708,45.22498617924329,0.013642178465740784,237756.0,423.0
1776904763.0967782,24.30490234375,0.007910156250000355,46.35798991174886,0.0009509121069761761,1007.8341682976608,0.0018621365624085229,45.18839005087422,0.015570983308666797,235748.0,1081.0
1776904765.1142695,24.333515625,0.0068359375,46.40463416571075,0.0008226183329114178,1007.84582719898,0.005588638153312786,45.09090013653385,0.04673114639539122,234669.0,659.0
1776904767.1437206,24.3596875,0.006445312499998579,46.4139572486617,0.0007759004508400835,1007.8508038468713,0.002224354799466255,45.04928633308388,0.01859956421011333,234833.0,330.0
1776904769.1808257,24.38400390625,0.005175781250001066,46.40145147794233,0.0024634754982137963,1007.8582425359904,0.0043825702915683,44.98708588916952,0.03664586711599682,236327.5,501.5
1776904771.1941495,24.4079296875,0.005859375,46.32101374657884,0.030147579227133292,1007.8577612637437,0.0012758902066707378,44.99111009922531,0.010668652852871219,237249.5,252.5
1776904773.2259839,24.42990234375,0.004980468750000355,46.20028706575413,0.036400173126047264,1007.8595847277484,0.0028780373783092728,44.97586281416744,0.024065343981632736,239374.0,514.0
1776904775.258762,24.4497265625,0.0050781250000007105,46.076297312925,0.033283156241331824,1007.8588437804664,0.0027444423053566425,44.98205840752472,0.022948272990912955,239639.0,1460.0
1776904777.2842076,24.46994140625,0.004785156249999645,45.946278904875626,0.030216113741229123,1007.8605542080536,0.003194846537610374,44.967756300497044,0.026714392800222697,240492.5,259.5
1776904779.299487,24.489765625,0.0048828125,45.8163057634183,0.033259929041083325,1007.8507005481424,0.0006060766180553401,45.050150078919614,0.005067879420334265,240320.0,432.0
1776904781.3353665,24.5110546875,0.0056640624999992895,45.701968859617274,0.026997263455193377,1007.8614312769228,0.0018686322704297709,44.96042248154568,0.015624957475118606,241015.0,782.0
1776904783.3607314,24.532734375,0.0050781250000007105,45.609257197020675,0.005542330271033791,1007.8609495148617,0.003653894935553126,44.9644508691403,0.030552814477864843,238434.0,85.0
1776904785.429513,24.551875000000003,0.0033203124999996447,45.522434868912384,0.021106973476641144,1007.868204320371,0.0010098226012473788,44.903788415480356,0.008443795817576927,238950.0,1110.0
1776904787.4697342,24.567109375,0.004101562499998934,45.42597836487572,0.02714326559432223,1007.8636775727144,0.0020747829620404445,44.941639631644804,0.01734869806356798,240321.0,605.0
1776904789.480846,24.5860546875,0.0046874999999992895,45.305466776882525,0.03319199795775418,1007.8669699715422,0.0006225676519875378,44.91410962683807,0.005205705778038805,242147.0,0.0
1776904791.5022318,24.59943359375,0.002050781249998579,45.15678512104978,0.030410744151563307,1007.8594415539989,0.0012405339016368089,44.97705997045076,0.01037299887851617,243657.0,1510.0
1776904793.5227904,24.61251953125,0.00439453125,45.01431863223046,0.03317321201965484,1007.866015788692,0.0007254765046127432,44.922088193266696,0.006066200377723874,244185.5,981.5
1776904795.5382347,24.6333203125,0.0048828125,44.9432714866273,0.014733675929917922,1007.8631925157549,0.0003079496179907437,44.94569551565358,0.002574981152221767,242323.5,351.5
1776904797.6184564,24.6544140625,0.0048828125,44.93656750375763,0.0005743962951498816,1007.862662926457,0.002130712827181469,44.95012379635048,0.017816380945866683,241195.5,1479.5
1776904799.6309316,24.67326171875,0.004589843749998934,44.92653858626544,0.005583035930708746,1007.8630570478981,0.0019511663339244478,44.9468282692493,0.016315061910844975,242323.0,176.0
1776904801.6912403,24.6919140625,0.0048828125,44.90730358624657,0.014731788357625675,1007.8567554726571,0.0048652895412715225,44.999520332873985,0.04068228348741343,241274.0,348.0
1776904803.7243085,24.70685546875,0.00439453125,44.860087105070406,0.014785675904320783,1007.8462771702543,0.0020100607888480226,45.087137470285874,0.016807746081980213,240147.0,259.0
1776904805.7402155,24.72521484375,0.00439453125,44.80716406005496,0.014781734877843178,1007.8504335419092,0.005279492516706341,45.05238281896321,0.04414596506297386,240926.0,347.0
1776904807.774562,24.747578125,0.0066406249999992895,44.74860702266834,0.003837792683654584,1007.8592365409893,0.0016189297001005798,44.97877423589958,0.013537041356499913,238860.5,341.5
1776904809.79457,24.7716015625,0.0050781250000007105,44.7942556876933,0.022013136692997648,1007.8534060169955,4.5120895606487466e-06,45.02752756658873,3.7729020434085214e-05,236661.5,167.5
1776904811.8221543,24.79337890625,0.005957031250000355,44.81823126648973,0.005420005966527697,1007.8530562473009,0.0005129552756670819,45.03045225880611,0.004289211111249358,236080.0,917.0
1776904813.849683,24.817500000000003,0.005273437499999645,44.870037185508416,0.012864752242045085,1007.853757562614,0.001230451914295827,45.024588031313286,0.010288743094843511,232951.0,406.0
1776904815.8647683,24.83771484375,0.0045898437500007105,44.89384515216693,0.008644440474089521,1007.8527013195312,0.0007859985574327766,45.03342008277296,0.006572336550782154,235246.0,414.0
1776904817.9433975,24.8587109375,0.0056640624999992895,44.84427589540586,0.011576849413227563,1007.8437912110896,0.001785067024172804,45.10792460598314,0.014926420817822361,235743.0,83.0
1776904819.9678242,24.87873046875,0.0045898437500007105,44.80072383669682,0.014760869002319765,1007.8433267631135,0.0016984162677431414,45.11180823910667,0.014201867524533895,237081.0,84.0
1776904821.9917016,24.90041015625,0.0055664062500007105,44.73290226483516,0.017700094674761857,1007.8519232729969,0.002613487200619602,45.03992594926347,0.021853383861035525,238094.5,254.5
1776904824.020109,24.92033203125,0.004003906250000355,44.66184034799256,0.023992577741914545,1007.8558550942084,0.0010000674265597809,45.00704898944102,0.00836230930076809,239716.0,172.0
1776904826.0493498,24.93498046875,0.0028320312499996447,44.571846510385996,0.018005678926829916,1007.849442104985,0.001805119375887898,45.060672918931914,0.015094026580939612,240496.0,952.0
1776904828.0696423,24.9469921875,0.0029296875,44.45410251689109,0.039361844149262026,1007.8551758658696,0.0007359467609262538,45.01272852395544,0.006153802871935454,241188.0,609.0
1776904830.0905428,24.95646484375,0.0028320312499996447,44.326976993844184,0.02103322493988813,1007.8467797078894,0.004540165846719901,45.08293540265899,0.03796398812658808,241273.5,174.5
1776904832.1316643,24.9675,0.004101562499998934,44.21232818553838,0.02697186121445938,1007.8481999481601,0.0006661456741312577,45.07105956741288,0.005570174848308795,241797.0,175.0
1776904834.1462812,24.97619140625,0.00146484375,44.10357618268133,0.02726193258633458,1007.8449216063291,0.0014549856528560667,45.09847243776914,0.01216632659751582,241622.0,0.0
1776904836.1784978,24.983027343750003,0.0020507812500003553,44.00381390209896,0.024132135608347483,1007.8559656572891,0.0005784059637790051,45.00612448690692,0.004836483034416972,241012.5,260.5
1776904838.2206578,24.98751953125,0.0010742187500003553,43.93124004278623,0.02423530173221522,1007.8559303128775,0.0026470984268485154,45.006420050271814,0.022134362013929376,241187.0,261.0
1776904840.2365654,24.991328125,0.0007812499999992895,43.8373124000155,0.021212717830650263,1007.8557020862129,0.0005610671752265262,45.008328401135785,0.004691501501991269,240926.0,0.0
1776904842.2696784,24.9923046875,0.00019531250000071054,43.737028787452914,0.03652051915281973,1007.848163615498,0.0033309326371409043,45.07136340953343,0.02785258308907146,241535.0,87.0
1776904844.289788,24.98859375,0.0005859374999985789,43.602827297718406,0.030458137788325956,1007.8449032210149,0.0018582303929974842,45.0986261769258,0.015538186335810167,242500.0,528.0
1776904846.3101826,24.985859375,0.0009765625,43.5022522090355,0.021372956369482665,1007.8496017586335,0.0006661001055476845,45.05933791950817,0.005569787541531923,243028.5,353.5
1776904848.3651888,24.9815625,0.00019531250000071054,43.4228078283076,0.003058210717153287,1007.8499526672217,0.0005960592580436241,45.05640369657624,0.004984119450366364,242851.5,176.5
1776904850.355779,24.9774609375,0.0011718749999989342,43.37680680654245,0.006204287699123512,1007.8551770127181,0.0017531080916910469,45.01271894279922,0.014659051678791002,242851.5,352.5
1776904852.4288132,24.974628906249997,0.0010742187500003553,43.355238767504176,0.0029113943536351883,1007.8578943387298,0.001735518037435213,44.989997366474114,0.014511936361362388,243382.0,354.0
1776904854.4577208,24.97091796875,0.0012695312500010658,43.34571014844434,0.006214218905693514,1007.8546336753365,0.0006836944196493278,45.0172621864177,0.005716884346284701,243470.0,266.0
1776904856.4557607,24.964765625,0.0017578125000010658,43.332868192866805,0.006269610246086188,1007.8556328366005,0.00010522868984708111,45.00890744783868,0.0008798956795352808,244181.5,267.5
1776904858.5193064,24.96134765625,0.00048828125,43.34764750485873,0.002978385770813219,1007.8610495819426,0.0019458369969811429,44.96361410500845,0.01627052584638733,243205.0,177.0
1776904860.5459366,24.95890625,0.0007812500000010658,43.377713968445235,0.009015053019538755,1007.8552820062218,0.00035064503339299335,45.011841003490176,0.002932005880527555,241797.0,175.0
1776904862.5836523,24.9567578125,0.0005859375000003553,43.4260324804913,0.009039978027050921,1007.8563687529627,0.0008764706793158439,45.00275390577317,0.0073288217317113435,241187.0,261.0
1776904864.5954003,24.95392578125,0.0008789062500014211,43.456067214469186,0.0029353446290762975,1007.8563510282627,0.0023315676315291967,45.00290213082209,0.019495967377626044,240492.5,259.5
1776904866.5977938,24.9485546875,0.001562499999998579,43.470632305350925,0.00017946608462438007,1007.8485847933116,0.0025244480479500453,45.06784159082058,0.02110891539283344,239376.0,857.0
1776904868.6744397,24.942109375,0.0017578125000010658,43.463819288520114,0.005870857589172829,1007.8436407255411,0.002629270830425412,45.10918295263079,0.02198550926913967,240233.5,345.5
1776904870.6840699,24.933125,0.001953125,43.4445707998203,0.00629614795965594,1007.8491788967826,0.0013325523601110945,45.0628738055237,0.01114252346238942,240233.0,0.0
1776904872.7116764,24.924433593750003,0.0010742187500003553,43.44357302676937,0.00012329803908528447,1007.8551898914983,0.003733515631438422,45.01261129015717,0.031218724204229886,238519.5,510.5
1776904874.7561922,24.914375,0.004296875000001421,43.46367123573978,0.009602049598409934,1007.858991360473,0.001473543383553988,44.98082436609893,0.012321363708057476,239716.5,343.5
1776904876.7936513,24.894160156250003,0.006738281249999645,43.47653167949727,0.0068464600900917105,1007.8482052208326,0.005418528294342195,45.07101557552441,0.04530863302719367,238774.5,255.5
1776904878.8364613,24.87765625,0.0007812500000010658,43.4989290271743,0.01205713729405744,1007.8342994709819,0.0012623167385754641,45.18729318759942,0.010555354097895986,238695.0,1193.0
1776904880.846921,24.87853515625,0.00029296874999928946,43.5263622979373,0.0030708798883161137,1007.8320737454526,0.0013495482422172245,45.20590447773088,0.011284794543758636,237928.5,931.5
1776904882.8735743,24.876484375,0.0007812499999992895,43.5625776351316,0.015099460834679945,1007.8333174478596,0.001472047319794001,45.19550476238927,0.012309107922781948,236831.0,671.0
1776904884.886931,24.87482421875,0.00048828125,43.62619392871062,0.018177775926258022,1007.827900668729,0.0010339590765511275,45.24079940589503,0.008645896824514665,236913.0,252.0
1776904886.912749,24.87169921875,0.00048828125,43.69574551292794,0.021225377900652376,1007.8192056315602,0.004434733318987583,45.31350704310513,0.03708320323606529,231910.0,4584.0
1776904888.9921093,24.870624999999997,0.00039062499999964473,43.97254738426134,0.11567278259461489,1007.8174699542226,0.003014631616622409,45.32802073719307,0.02520835973056279,223228.0,447.0
1776904890.9732974,24.87091796875,0.00029296874999928946,44.35973995732505,0.07023397798187858,1007.8234120018778,0.00047336765379668577,45.27833340351832,0.0039582830173863215,226789.5,846.5
1776904893.0563335,24.87375,0.0005859375000003553,44.552454745820405,0.03062490432588305,1007.8225191818238,0.004521973477835672,45.285799202786,0.03781260405551734,228499.5,1327.5
1776904895.0466044,24.877265625,0.0009765625,44.65984562746874,0.015402378044530707,1007.8227308397157,0.00024503265967723564,45.28402925762808,0.0020489552662468213,227326.5,154.5
1776904897.0676396,24.88322265625,0.0018554687499996447,44.718648465449974,0.012452429546783605,1007.8232412510154,0.0042937635928979034,45.27976127726256,0.03590429914223847,227172.5,463.5
1776904899.1427557,24.89162109375,0.00244140625,44.77470001704913,0.012525677939027702,1007.8213158471581,0.0006127575589403023,45.29586138793332,0.005123864939136524,226173.0,383.0
1776904901.1828473,24.89982421875,0.00244140625,44.824626614230525,0.006408431642025647,1007.8199860017339,0.0012101145978249406,45.30698153508664,0.010118961885225985,224130.0,1052.0
1776904903.2092452,24.9114453125,0.002343750000001421,44.86272633750546,0.01252130699138121,1007.8114170988613,0.002593816527621584,45.37863484924699,0.021689608015439177,221169.0,1463.0
1776904905.218743,24.9216015625,0.002734375000001066,44.89453892132807,0.012569948618612159,1007.8141534327381,0.000771710793856073,45.35575350943821,0.006453065450919837,220214.0,653.0
1776904907.261004,24.93517578125,0.0036132812500007105,44.92063624759661,0.012675825194023105,1007.8178538597315,0.0003684851078560314,45.32481048845997,0.0030812727623015235,217420.0,424.0
1776904909.2723515,24.9485546875,0.0031250000000007105,44.94671508387765,0.0003685537967754726,1007.8203265081115,0.004978357004233658,45.30413430408767,0.041628942496640065,215318.5,277.5
1776904911.2911797,24.9628125,0.0035156250000003553,44.94839679822353,0.00571150696242384,1007.8242184168262,0.003435986164674887,45.27159023228543,0.028731572103094294,214489.5,275.5
1776904913.3257577,24.976582031249997,0.0038085937499996447,44.943894828072246,0.005676891814733409,1007.8318787559285,0.004329837648981538,45.20753501863801,0.036205697875985265,214283.5,343.5
1776904915.3365586,24.99015625,0.003124999999998934,44.95774913526702,0.0003687485858172579,1007.842869428438,0.0022443091893933342,45.11563240169353,0.018766538042314096,212377.5,202.5
1776904917.3712647,25.00080078125,0.0026367187500007105,44.96513239474687,0.006438308808633053,1007.8409220796958,0.0015248105122509514,45.13191580977589,0.01275023039912071,211571.0,201.0
1776904919.4344246,25.01056640625,0.00244140625,44.99692430353308,0.012544988338273553,1007.8384658880346,0.002437393813011113,45.15245413814757,0.020381151471760006,209977.5,593.5
1776904921.4585629,25.01974609375,0.0020507812500003553,45.01332978761302,0.002822211355510973,1007.8387092694209,0.0012452659630639573,45.150419001959705,0.0104127404915495,208926.5,326.5
1776904923.5109305,25.0266796875,0.0017578124999992895,45.02027818480617,0.003272359834863181,1007.8335004332516,0.005365303648829922,45.19397474693626,0.04486410936783969,207823.0,517.0
1776904925.5386307,25.03419921875,0.00146484375,45.01197299708453,0.006302143891364409,1007.8283261741462,0.0023663728055112188,45.237241373806214,0.019787444780249075,206474.0,191.0
1776904927.5602684,25.04220703125,0.0028320312499996447,45.02824271548233,0.0033995902171994885,1007.8294104142842,0.0018398846970058003,45.22817502970861,0.015384974442007149,205964.5,63.5
1776904929.6007547,25.05451171875,0.002832031250001421,45.02969712312792,0.00273016260378256,1007.8419941721342,0.0018398188773289803,45.12295114553005,0.015384268529317069,205648.0,253.0
1776904931.583384,25.06876953125,0.0038085937499996447,45.04364319995497,0.002614871316868772,1007.8440569752393,0.004328951348270493,45.10570238474287,0.03619793254850734,206282.5,254.5
1776904933.6507769,25.08390625,0.003710937500001066,45.02704226694782,0.0035037656103469317,1007.852097418919,0.0012993896890520773,45.038469763615,0.010865198681173638,207757.5,322.5
1776904935.6382475,25.09845703125,0.00341796875,45.037958428201534,0.006534778842901545,1007.8464259957416,0.003596472205799728,45.08589304981351,0.030073013084081168,208470.0,130.0
1776904937.710762,25.113203125,0.0035156250000003553,45.033571785538925,0.0004158049471136849,1007.8428924595395,0.00020809686373013392,45.11543980270565,0.001740071134396004,210111.5,858.5
1776904939.729117,25.12443359375,0.0020507812500003553,45.0103793479989,0.005887300413661478,1007.8382380978367,0.003070036959400113,45.15435890030009,0.025671231056350052,211036.5,66.5
1776904941.7354512,25.13498046875,0.0028320312499996447,45.008561434144575,0.0027300351385690647,1007.8297433760883,1.5335679051986517e-05,45.22539081769153,0.0001282357347527352,209845.0,461.0
1776904943.7563434,25.146503906249997,0.0030273437500003553,45.03138073315789,0.012619563772116038,1007.8301199214868,0.0039780000470841514,45.22224222848097,0.03326371172303055,209318.5,196.5
1776904945.778751,25.158222656249997,0.0030273437500003553,45.0235705927936,0.002707146841956387,1007.8417535264896,0.00033056568310030343,45.12496337476484,0.0027641374284712583,207500.0,451.0
1776904947.82604,25.170527343750003,0.0030273437500003553,45.040354188238084,0.012620738067674608,1007.8360960015664,0.0014933570628841153,45.17227080889967,0.012487269923052935,204829.0,188.0
1776904949.8407898,25.18185546875,0.0030273437500003553,45.09075350635816,0.018758011695659604,1007.8261246346536,0.004229233242881492,45.255650551446145,0.03536461671679092,202108.5,916.5
1776904951.8755262,25.19435546875,0.0032226562499992895,45.17505409838466,0.021859216148016003,1007.8198688946762,0.0024692443805633957,45.30796079832583,0.020647790030956514,202533.5,245.5
1776904953.8945847,25.206074218749997,0.0028320312499996447,45.1979219271803,0.006473331800151527,1007.8232933954018,0.0027213456363028854,45.27932521070601,0.022755794909976146,204768.0,627.0
1776904955.9162672,25.215351562499997,0.0023437499999996447,45.16220422085854,0.01812984844958976,1007.8136550637494,0.006245937084031539,45.35992101358057,0.05222870701006599,206474.0,191.0
1776904957.9514081,25.22541015625,0.003027343749998579,45.07138243879501,0.030305449423732256,1007.805277810893,0.004230202795042715,45.429972009683794,0.035373316514462516,206220.0,445.0
1776904960.017053,25.23615234375,0.00244140625,44.91940227781799,0.04260388048941621,1007.803475623034,0.002440839321536714,45.445042029059195,0.020410536109217503,204517.5,625.5
1776904962.0353,25.2454296875,0.002539062499998579,44.779618155949876,0.024190961902505137,1007.8075149075639,0.00045930260193927097,45.41126517395685,0.003840720622324767,204141.0,0.0
1776904964.0319655,25.25509765625,0.0030273437500003553,44.673643297736646,0.014940939083729177,1007.7948570310082,0.000582904584462085,45.517111765555974,0.0048743386561085345,203830.0,311.0
1776904966.0956314,25.26642578125,0.00244140625,44.59544839736608,0.02111965115761194,1007.7839673775218,0.0015293553985316066,45.60817314412016,0.012788819226340564,204391.0,375.0
1776904968.1248095,25.278437500000003,0.0033203124999996447,44.529593172335616,0.014895004002575263,1007.7942450911913,0.003537943603646454,45.52222894349674,0.02958484836154085,205522.0,253.0
1776904970.1117027,25.291523437499997,0.0025390625000003553,44.51890180030069,0.015582077754608292,1007.7953128240285,0.001371944188292673,45.51330035941835,0.011472406147845504,203028.5,863.5
1776904972.137132,25.30490234375,0.003613281249998934,44.56327369283187,0.009597466483885597,1007.7913805869991,0.0032856646939194434,45.546182405933024,0.02747531513782775,204078.5,62.5
1776904974.211598,25.31720703125,0.003027343749998579,44.58918270804775,0.003414018281667097,1007.7820644785885,0.0024080076383370397,45.62408564350673,0.020136340771220063,204454.5,562.5
1776904976.2008526,25.329707031250003,0.0018554687499996447,44.62735512194013,0.0032771806139351156,1007.7885682616293,0.00025992361946691744,45.569699563616254,0.0021735326511098663,205841.0,824.0
1776904978.2268622,25.33947265625,0.00244140625,44.61015120056298,0.008888831020193777,1007.797040895029,0.001206033439757448,45.49884997524887,0.010085021211857281,208668.5,846.5
1776904980.2904952,25.351484375,0.0025390625000003553,44.54428556034787,0.01498933360180743,1007.7899857472553,0.003197015597322661,45.55784630965725,0.026734045517510907,211438.0,468.0
1776904982.2952945,25.36359375,0.0029296875,44.454004814724456,0.014936141312485773,1007.7912966572312,0.002906371170070088,45.54688423378008,0.024303596571158437,212377.5,67.5
1776904984.3258612,25.376484374999997,0.0023437499999996447,44.40357250109256,0.01805596471773896,1007.7929562679698,0.0010479954567017558,45.53300625593516,0.008763514135001316,212920.0,610.0
1776904986.3414302,25.38595703125,0.00146484375,44.3405355931571,0.008990558383164426,1007.7954814585414,0.002195578641476459,45.51189022191801,0.018359760338682918,212718.0,812.0
1776904988.3736894,25.393085937499997,0.0005859375000003553,44.307779609804044,0.01825223500582851,1007.7933097591007,0.0008782617338738419,45.53005030301097,0.007344170131737826,214627.5,413.5
1776904990.3913035,25.40080078125,0.0020507812500003553,44.22625651635883,0.0028123839804798934,1007.7966448095237,0.0014869372521957303,45.50216210100855,0.012433982349474347,215387.5,69.5
1776904992.42093,25.40568359375,0.0006835937499989342,44.135291805589816,0.02737410341862656,1007.8008801198291,0.0007206237428363238,45.46674588398441,0.0060259384831553575,216434.5,420.5
1776904994.4405253,25.41095703125,0.002050781249998579,44.03527204877511,0.030247717970325994,1007.8030094897442,0.0005746829078248084,45.44893986285143,0.004805556242203579,216925.5,70.5
1776904996.5212862,25.41828125,0.001562499999998579,43.9324998829825,0.024193092432380325,1007.8048012070752,0.0025228741267255828,45.43395737348464,0.021096496669990472,217279.0,565.0
1776904998.500313,25.4251171875,0.001367187500001421,43.835822285794336,0.024202411738340146,1007.8058043176819,0.0005291751170943826,45.42556925677573,0.004425005583609476,217137.0,141.0
1776905000.574958,25.430195312499997,0.0023437499999996447,43.75116930760652,0.03016475253363282,1007.7994079016541,0.002872003866457362,45.47905677465528,0.024016054509587548,216855.0,141.0
1776905002.5994809,25.44279296875,0.004199218750001066,43.66438311628136,0.02080898533110087,1007.7996786769334,0.0014302580718208446,45.47679249740833,0.011959993766296861,216996.0,141.0
1776905004.5944877,25.4596875,0.004101562499998934,43.62375117242016,0.002567128999775292,1007.8005004508035,0.0006760061841077913,45.46992072024639,0.005652843055607093,216996.0,141.0
1776905006.6219807,25.472285156250003,0.0018554687499996447,43.61000108411038,0.00021455199608411135,1007.8108048781903,0.0020834394176745263,45.383754258698886,0.017421820717633096,218492.0,1214.0
1776905008.6406572,25.48029296875,0.0026367187500007105,43.56835541748339,0.02401984862680706,1007.8091369937478,0.0015201350206552888,45.39770119123158,0.012711459262845892,220286.5,580.5
1776905010.6815922,25.489863281250003,0.0020507812500003553,43.5116989290753,0.021040368670668386,1007.8072545150235,0.0033109866424752,45.413442631015634,0.02768670868741907,221967.0,74.0
1776905012.701072,25.49650390625,0.0012695312500010658,43.45168328809832,0.01504627662117386,1007.8097648868504,0.0006873279110664043,45.39245070699198,0.005747473884582632,222929.5,297.5
1776905014.7722802,25.50294921875,0.0012695312499992895,43.391665362269485,0.0028912332184205525,1007.8137844562367,0.0015996976411543073,45.358838907456985,0.013376716670492783,223600.5,224.5
1776905016.772945,25.51056640625,0.00146484375,43.328767169299304,0.011976966608479245,1007.8087477525326,0.00037210040704849234,45.4009560425842,0.0031115266609660353,223451.0,224.0
1776905018.835268,25.519648437500003,0.0025390625000003553,43.25695471138157,0.02398921011300814,1007.804250827414,0.005024418504604,45.43855976134878,0.04201465067446719,223975.0,150.0
1776905020.8459988,25.532734375,0.00390625,43.191695799168315,0.0056195622562000835,1007.7916193801275,8.041732229457921e-05,45.544185539083045,0.0006724638853192744,223451.5,373.5
1776905022.8847933,25.54826171875,0.0028320312499996447,43.16010664733724,0.0033584869160989683,1007.7902271270968,0.0009223195046956789,45.555827814758956,0.007712607611413347,222337.5,591.5
1776905024.90218,25.555683593749997,0.0010742187500003553,43.14882454412078,0.002910085247684435,1007.7885225894813,0.001003069200862683,45.570081486299095,0.008387863112666594,221312.0,1172.0
1776905026.9463367,25.563203125,0.0025390625000003553,43.11329084303998,0.008807036605499974,1007.7970120128728,0.0050113211339066766,45.49909157137942,0.041905372970525434,218057.5,71.5
1776905028.9371016,25.571308593749997,0.0018554687499996447,43.07783195140264,0.021012224532626078,1007.806447258793,0.0002580604260629116,45.420192931321424,0.002157921261929374,217207.5,211.5
1776905030.9839761,25.58029296875,0.002636718749998934,43.009135030500424,0.011821886788766278,1007.8109142049601,0.0006067508678597733,45.382840049678556,0.005073679523327712,217702.5,283.5
1776905033.040656,25.5876171875,0.00019531249999893419,42.97663702333524,0.021234914984514575,1007.8081386555598,0.0003152941260395892,45.406049350329916,0.002636510310928486,220581.5,1164.5
1776905035.0670352,25.5899609375,0.0011718750000007105,42.88904665341876,0.018038929906431633,1007.8037100746178,0.002670528535304584,45.44308152621379,0.02233121547538275,224200.0,75.0
1776905037.091642,25.5981640625,0.0031250000000007105,42.79914342508981,0.023861311116807116,1007.8032653292275,0.0013947462195460503,45.446800513019795,0.011663005686312289,225183.0,455.0
1776905039.162055,25.6141796875,0.0048828125,42.740433806240006,0.01760104153899178,1007.80174428902,0.0030678344664352153,45.4595196343644,0.02565356625466464,222933.0,892.0
1776905041.189903,25.62775390625,0.002832031250001421,42.729874722614596,0.0003225998521294571,1007.7935436645779,0.0036411067754897886,45.52809438878505,0.030447532407272604,221968.0,516.0
1776905043.2154982,25.644062499999997,0.004492187500000355,42.73778509990237,0.0005118512613080384,1007.7915806208302,0.0017759499037310889,45.54450966176685,0.014850807972361935,220359.5,653.5
1776905045.2422462,25.6630078125,0.004492187500000355,42.7762651385501,0.006566449604942903,1007.8039104125976,0.0018745283201155871,45.441406268813196,0.01567498288910585,218772.0,501.0
1776905047.2858038,25.68087890625,0.00439453125,42.83583126103776,0.021699405995207144,1007.8017292191173,0.005682917050819469,45.45964572740356,0.047521172491208574,217424.0,990.0
1776905049.3031955,25.697578125,0.0050781250000007105,42.916494479918015,0.02784863695633888,1007.803130680451,0.0008956325422673217,45.44792645561451,0.007489368616496961,216017.5,837.5
1776905051.3290422,25.71603515625,0.004003906250000355,43.01862190684619,0.030775711562526453,1007.8018923472007,0.0009866627393648741,45.458281527442885,0.008250580409260522,214489.5,275.5
1776905053.3532708,25.73185546875,0.003613281249998934,43.1356824739649,0.030753695591577923,1007.8046106356824,0.0012686013212714897,45.43555093248288,0.010608158117516808,213258.0,272.0
1776905055.3687055,25.74494140625,0.002832031250001421,43.23429762685504,0.012468727853786277,1007.7983513114656,0.003643232246190564,45.487892134212935,0.03046518826637623,214558.5,206.5
1776905057.4075148,25.75431640625,0.002246093750001066,43.23234098081508,0.014920021665108862,1007.7888398306005,0.0018510542199692281,45.56742866176231,0.015478877666257773,216085.5,628.5
1776905059.4195554,25.76251953125,0.0016601562500007105,43.154374554452914,0.0210495448665462,1007.7920395274289,0.007360301279788928,45.540672375521396,0.06154812159840972,217492.5,778.5
1776905061.4961293,25.771796875,0.002343750000001421,43.0644329662241,0.014894826745763368,1007.7878456079609,0.001693675689466545,45.57574254750801,0.014162858907852183,220430.5,290.5
1776905063.4720175,25.779902343750003,0.0018554687499996447,42.962283148317155,0.03918978685498686,1007.7826726592214,0.0048199489409057605,45.61899995014491,0.04030555609231001,221893.0,0.0
1776905065.5410368,25.78703125,0.0023437499999996447,42.83584621983065,0.039105206100551015,1007.7823123152266,0.006257555934553238,45.62201328602001,0.052327181854536775,222634.0,593.0
1776905067.5688722,25.796503906250003,0.0030273437500003553,42.737006769041116,0.023870265188346455,1007.7775195466752,0.0003219188562297859,45.66209151082593,0.002691972964345979,223154.5,670.5
1776905069.5991871,25.8048046875,0.0021484375000007105,42.64111760870065,0.023957377051729623,1007.7845264037136,0.001641706016016542,45.60349844164068,0.013728314590739643,222484.0,148.0
1776905071.6309445,25.8145703125,0.001953125,42.55754157657712,0.0179206285693283,1007.7811183177262,0.0032374257099831993,45.63199768762226,0.027072155350527538,224275.0,0.0
1776905073.6501145,25.825214843749997,0.0030273437500003553,42.483172429792845,0.014768648919343264,1007.7791281001823,0.004885478851235803,45.64864043776477,0.04085364908912226,222855.5,371.5
1776905075.6778462,25.838398437499997,0.0033203124999996447,42.418185909160584,0.008687469511411194,1007.7903627561083,0.00261982503013769,45.5546936799454,0.02190746283581646,221972.5,1105.5
1776905077.7094696,25.849628906249997,0.0028320312499996447,42.39831104309701,0.005720959045468987,1007.7911426366497,0.002732360175400572,45.54817217826724,0.022848488277322332,221013.0,0.0
1776905079.7306163,25.859882812499997,0.0023437499999996447,42.372285945278065,0.002754954885368477,1007.7812177488894,0.002607689825936177,45.63116620728362,0.021806146226580836,221454.0,587.0
1776905081.7631912,25.868281250000003,0.0025390625000003553,42.33397404352404,0.011792276719628347,1007.7737750134964,0.0013798184827464866,45.693404368076784,0.011538451861238029,220285.5,435.5
1776905083.7789953,25.88146484375,0.00341796875,42.30526950474049,0.0064260530027198115,1007.771314793266,3.8248594250944734e-05,45.71397747409968,0.0003198467347580447,217918.0,781.0
1776905085.805758,25.895039062499997,0.0035156250000003553,42.340025476073905,0.003418588640450082,1007.7776999797654,0.0011085406299571332,45.660582684179076,0.009269916675901158,219131.0,575.0
1776905087.8408983,25.9083203125,0.0031250000000007105,42.38080002452837,0.018480432121069867,1007.7735699284922,0.0013477890733497588,45.69511934962604,0.011270614289923486,216090.5,1187.5
1776905089.8547726,25.92267578125,0.0036132812500007105,42.47913439487259,0.036684731823662275,1007.7666076466342,0.00035274416211450443,45.753340184585795,0.0029497684107973043,213467.0,1022.0
1776905091.8907452,25.93380859375,0.002246093750001066,42.61345764745711,0.018407839869883702,1007.7772677613411,0.0036242143233380375,45.66419705220841,0.030306671261374873,214766.0,414.0
1776905093.9010525,25.943476562500003,0.0023437499999996447,42.659945113330494,0.003293494921059903,1007.7746086152022,0.00012992694297508933,45.68643353908686,0.00108648694740765,215457.0,139.0
1776905095.96603,25.9544140625,0.0031250000000007105,42.65816632033794,0.005696033405339307,1007.7703455133769,0.0004355796986033056,45.722082900151406,0.0036424568119777234,216786.0,492.0
1776905097.9456875,25.96759765625,0.00244140625,42.57798170869539,0.02694540258818634,1007.7770096596198,0.003364687807277278,45.66635536351354,0.02813644539663329,218342.5,356.5
1776905100.0074635,25.97609375,0.0009765625,42.4489331457563,0.042204485870602326,1007.774284147345,0.0020763319089951437,45.68914684861666,0.01736289684729897,221819.5,73.5
1776905102.0461833,25.980097656250003,9.765625000035527e-05,42.292286481049764,0.03018607689502062,1007.7633972966537,0.0025814450636403308,45.7801862955597,0.0215869901228416,222118.5,959.5
1776905104.0693634,25.98556640625,0.002246093750001066,42.178193974772235,0.023887445477633662,1007.7740468643116,0.0008849373565453789,45.691131067322544,0.0074001073251643845,222262.5,221.5
1776905106.0843549,25.98908203125,0.0008789062500014211,42.07602150760019,0.024027505938132517,1007.7751540926507,0.0022339924540801803,45.68187211545688,0.018681287542911207,222929.5,297.5
1776905108.1280735,25.99162109375,0.0012695312500010658,41.98585631220587,0.017942257605554346,1007.7792507402105,0.0016037518598182032,45.64761481835303,0.013410990251990995,223604.5,972.5
1776905110.1370778,25.989375000000003,0.00039062499999964473,41.90725219895973,0.012095032699363628,1007.771974724348,0.002456283402750614,45.708458945258414,0.020540200867941394,222190.5,738.5
1776905112.1886485,25.9739453125,0.007226562500001421,41.89346622340426,0.005212419670545643,1007.7653396314396,0.0007038667323513437,45.76394377186317,0.005885982506597998,222262.5,221.5
1776905114.2193067,25.953828125,0.0017578125000010658,41.873131720478916,0.005826469738245521,1007.763922315887,0.0008156297573123084,45.77579587300436,0.006820592207212428,219853.0,723.0
1776905116.237668,25.9356640625,0.0066406249999992895,41.883138702126786,0.0007462445862884692,1007.7638286261131,0.00206626318851022,45.77657935305452,0.017278844402760285,220721.5,291.5
1776905118.2566574,25.9196484375,0.0011718749999989342,41.902424586338675,0.008905412449159655,1007.7617228567093,0.005542570276929837,45.79418866655114,0.04634906722722576,220142.0,725.0
1776905120.2844975,25.91134765625,0.003613281249998934,41.92860466750582,0.00643195393457674,1007.7620225694275,0.0012658023991320988,45.79168225802145,0.010585115465570283,222115.0,369.0
1776905122.3206575,25.90607421875,0.00029296874999928946,41.92198605559577,3.293937937698388e-05,1007.7653811484585,0.0022985321523947277,45.763596607962064,0.019221137992417425,221747.5,588.5
1776905124.4068615,25.92169921875,0.0061523437499992895,41.941820799208145,0.006718277851685883,1007.7686835296158,0.0007980524911772591,45.735980950931264,0.0066735791979333214,218917.5,788.5
1776905126.4164941,25.94689453125,0.0061523437499992895,42.041117232418856,0.05496379338686452,1007.7691680862845,0.0010285203783269026,45.73192892981484,0.008600824638293147,209844.5,329.5
1776905128.4330535,25.968671875,0.005468750000000355,42.306103562465,0.07007768295211747,1007.7595701456303,0.0006067583569233648,45.81219036372213,0.005073951455059955,210438.0,0.0
1776905130.446136,25.9891796875,0.004296874999999645,42.5532247622593,0.05492979027846445,1007.7607033782278,0.0014545965697152496,45.80271383827953,0.012163896179178124,209913.0,791.0
1776905132.4844136,26.0051953125,0.0031250000000007105,42.700282929168054,0.018520051156716733,1007.7582392984932,0.00047665376388295044,45.82331943514076,0.003985970060600863,211103.0,133.0
1776905134.5491512,26.016328125,0.0023437499999996447,42.7166903544439,0.008814921105106066,1007.7606789989113,0.001955231955207637,45.80291771324209,0.016350402216275484,212310.5,404.5
1776905136.5610845,26.0243359375,0.0009765625,42.67219800493146,0.018049216550650726,1007.7754247399407,0.00888008697990017,45.67960913334866,0.0742578256643931,214420.5,68.5
1776905138.5881462,26.03322265625,0.0032226562499992895,42.59453301250738,0.017785165188669794,1007.7906754586695,0.0024601508202408695,45.552078800731735,0.02057223230762162,213326.0,68.0
1776905140.6504073,26.04884765625,0.0036132812500007105,42.544887410819314,0.0026130633767742495,1007.794883319187,0.003301477233037531,45.516891975195854,0.027607464720922792,212731.5,1895.5
1776905142.6340852,26.0591015625,0.0021484375000007105,42.57025432155687,0.003269917185555471,1007.7758151536749,0.0029257039453796096,45.676344146466235,0.024465565018743973,212514.0,608.0
1776905144.6955247,26.0680859375,0.002734375000001066,42.53498150673728,0.020860039419236642,1007.7647422068849,0.00015433621871352443,45.768939646858115,0.0012906146547670971,214489.5,275.5
1776905146.7238889,26.08244140625,0.003222656250001066,42.470088860661875,0.02079706475418419,1007.7595939902214,0.003932556361519346,45.81199101661184,0.032885578681643324,213532.0,682.0
1776905148.738362,26.09884765625,0.004785156249999645,42.42660804948591,0.0005439931773771889,1007.7513607769573,0.0004140165286798947,45.88084055142053,0.0034621914964496625,211709.5,1005.5
1776905150.7516625,26.117792968750003,0.004785156249999645,42.5164509823736,0.03986189284593067,1007.7618329604609,0.0004136987670335657,45.79326783478665,0.003459505121949036,203575.5,4894.5
1776905152.796089,26.13341796875,0.0036132812500007105,42.89069042062628,0.1156001854666826,1007.7578158130384,0.003303481351906612,45.82686082696618,0.027625046189761804,199275.5,712.5
1776905154.816471,26.14318359375,0.0016601562500007105,43.170879215882906,0.018409212492588978,1007.7479986227113,0.002801396436609593,45.90895645364863,0.023426593991334954,203211.0,432.0
1776905156.8518724,26.15392578125,0.00146484375,43.18729944631846,0.002867662920561287,1007.7571076339117,0.0032761707328745615,45.832782908120905,0.02739667934558554,205842.5,950.5
1776905158.8698008,26.16212890625,0.0016601562500007105,43.103242973035535,0.03319555341378688,1007.7456820354196,0.0028016250221867267,45.92832886368624,0.02342854913880643,208277.0,714.0
1776905160.94054,26.174140625,0.004296875000001421,42.97719275327117,0.020736777831928066,1007.7449655644212,0.001451337237313055,45.93432032458681,0.012136793856253547,206094.0,699.0
1776905162.9829636,26.1895703125,0.00390625,42.969867260669595,0.018646190211697444,1007.7415419671677,9.232069055542524e-05,45.96295015641542,0.0007720330197109604,203525.5,1115.5
1776905165.0247092,26.20197265625,0.003808593750001421,43.01072461681136,0.0025955981594059097,1007.7451072608668,0.0015765923761819067,45.93313539074725,0.013184237263175191,197260.0,8135.0
1776905167.0459812,26.220625,0.004687500000001066,43.32269814610967,0.1798649676650257,1007.7423128092314,0.0006594422872581163,45.956503982682506,0.005514591615234821,183895.0,1492.0
1776905169.0613515,26.2344921875,0.0031250000000007105,43.87525417978891,0.061352299732590154,1007.738192304756,0.003213585965852417,45.99096182592108,0.026873728356534343,192799.0,1946.0
1776905171.1078174,26.249531249999997,0.004296874999999645,43.89530211153805,0.03609483413435299,1007.7551417835391,0.0051036425830375265,45.849222217232594,0.04267881364700088,199929.5,418.5
1776905173.1389754,26.265546875,0.00390625,43.75084277896449,0.03001689032506505,1007.7553980095313,0.0028337916439795663,45.84707948701916,0.023697357058917845,200957.0,1208.0
1776905175.154076,26.27794921875,0.0036132812500007105,43.59694841756965,0.039158765056658495,1007.7470852894639,0.0005663574311256525,45.91659415315593,0.004736150569272013,203464.5,1176.5
1776905177.1849885,26.292597656250003,0.0038085937499996447,43.45561304845856,0.029978744071986085,1007.7487881024439,0.00025159893766613095,45.902354428919566,0.0021039872632684364,202287.5,122.5
1776905179.251433,26.3036328125,0.003124999999998934,43.356532292552146,0.02700103370082374,1007.7574510683592,0.004126508699584974,45.829910990378664,0.03450754361655939,203705.5,186.5
1776905181.268712,26.3190625,0.003710937500001066,43.25497472444559,0.008686587249691513,1007.7604124338111,0.0004094902148494839,45.80514682117293,0.003424315531248112,199213.5,59.5
1776905183.3001153,26.3356640625,0.00390625,43.26601092663343,0.00045189256013955514,1007.7506468039712,0.0017321540030366123,45.88681112426767,0.014485055270114344,200228.0,120.0
1776905185.319826,26.35158203125,0.00341796875,43.25265861772249,0.008720688401417931,1007.755306961387,0.005512121354968258,45.8478409450036,0.04609467945047996,200484.5,1803.5
1776905187.3645096,26.35490234375,0.00048828125,43.15280209963447,0.04864676848377414,1007.7624886533199,0.0026145066576077625,45.78778470762832,0.021863479255042506,205336.5,946.5
1776905189.3654423,26.35548828125,0.0016601562500007105,42.92222665278781,0.06046410559278215,1007.7570388781112,0.0017637776784908965,45.8333578466478,0.014749430999469126,207499.5,322.5
1776905191.4337301,26.36076171875,0.0002929687500010658,42.68946788188286,0.05145221196050542,1007.7564079007312,0.0022681492723677366,45.83863434597555,0.01896720235986038,208405.0,65.0
1776905193.4826536,26.36466796875,0.0010742187500003553,42.471995820800814,0.04524746732809959,1007.7544855195486,9.473416514538258e-05,45.85471008771903,0.0007922074950208469,208535.5,455.5
1776905195.4770813,26.37033203125,0.0020507812500003553,42.32147209120936,0.03300846294474269,1007.7563113297749,0.0003470042682351959,45.83944189540851,0.002901793444038958,208535.0,65.0
1776905197.5029445,26.376875,0.0015625000000003553,42.23157783532557,0.014924485622874073,1007.7586408481459,0.0016061956491171259,45.819961524244256,0.013431648268948493,206923.5,768.5
1776905199.5734198,26.38283203125,0.0012695312499992895,42.177895564783014,0.014953153600675506,1007.7554574610053,0.002520561571657254,45.84658232317841,0.021077994506562447,208015.5,64.5
1776905201.572937,26.38927734375,0.00146484375,42.13635870103654,0.002852710027710259,1007.7558020113491,0.0023622277851700346,45.84370104629417,0.01975393541293613,208146.0,324.0
1776905203.5947955,26.39728515625,0.001855468750001421,42.13424754072377,0.0062476533880939655,1007.7595796474986,0.001164959006416666,45.81211090869202,0.009741844232831198,206793.0,0.0
1776905205.6594226,26.40158203125,9.765625000035527e-05,42.143791432306614,0.01508337770164303,1007.7665088146023,0.001669708722431551,45.754166661119655,0.013962681638609808,207693.0,258.0
1776905207.664433,26.4059765625,0.0013671874999996447,42.10202957894839,0.008899614444761283,1007.7626322561352,0.0022047147735406725,45.786583840791494,0.01843664464003325,208145.5,194.5
1776905209.679802,26.412128906249997,0.0008789062499996447,42.08763601565563,0.006135357693903387,1007.7597629393542,0.004064355529123986,45.81057820133752,0.03398773040057179,208016.0,324.0
1776905211.7094927,26.41798828125,0.0016601562500007105,42.08829985864331,0.012259820650516673,1007.7573345907899,0.0018909889867586571,45.83088497802653,0.015813220278253937,206282.5,127.5
1776905213.7545383,26.42560546875,0.002050781249998579,42.17067039928874,0.02740794460788365,1007.7531724650855,0.002393332136932713,45.86569043420486,0.020014085278084792,205522.0,253.0
1776905215.768219,26.43517578125,0.0022460937499992895,42.27445205043635,0.027447902388114898,1007.753073042813,0.0018599850755549596,45.866521838944976,0.01555400619983871,204641.5,375.5
1776905217.8004818,26.44435546875,0.0022460937499992895,42.37523157515093,0.01234884451748286,1007.7432067918207,0.0027737919030528246,45.94902807290898,0.023195841212874768,204079.0,187.0
1776905219.8414013,26.45314453125,0.0016601562500007105,42.42158827455056,0.009261661920010766,1007.751897042231,6.403304575997026e-05,45.87635606161077,0.0005354727558284367,204517.5,625.5
1776905221.8703516,26.46017578125,0.0020507812500003553,42.440535635237055,0.003258369737409339,1007.7595800979427,0.002393161512657116,45.812107156582826,0.0200125554126096,204266.5,374.5
1776905223.895533,26.469453125,0.0023437499999996447,42.471842813084976,0.015393055723993854,1007.76174795144,0.000789242308997018,45.79397871382264,0.006599942315926199,204703.5,313.5
1776905225.8951678,26.47833984375,0.0022460937499992895,42.47285614143672,0.002768865569752421,1007.7504938036257,0.0008805541570495734,45.888090574968736,0.007363593063573148,205017.5,125.5
1776905227.969661,26.48625,0.0015625000000003553,42.431411570028175,0.014944159229020926,1007.7541112364266,0.0016056869719704991,45.8578400119295,0.013427443375764625,204831.5,690.5
1776905230.005334,26.49240234375,0.0010742187500003553,42.35349510629243,0.02103928069035632,1007.7649451104273,0.0017320929559332399,45.76724290500974,0.014484378365452244,205332.5,315.5
1776905232.0286446,26.49640625,0.0009765625,42.236090890798735,0.018014923457847942,1007.7613500841842,0.0011665674129517356,45.79730583311641,0.009755280483108919,205092.0,1573.0
1776905234.042379,26.500019531249997,0.0010742187500003553,42.12778146927609,0.024030481731877273,1007.7607800411774,0.0017320694008162718,45.80207275619007,0.014484229862990361,207434.5,257.5
1776905236.052762,26.50470703125,0.00146484375,42.040782638877744,0.020956536710183826,1007.7555458089807,0.0005344078715552314,45.84584349994462,0.004468942758439454,205395.5,252.5
1776905238.104848,26.512324218750003,0.0010742187500003553,42.02353957556548,0.003138783647980148,1007.7596038850099,0.000818290487984541,45.81190822280483,0.0068428659472878905,205206.0,189.0
1776905240.119213,26.51798828125,0.0008789062499996447,42.060391469024864,0.0031174449152047146,1007.7568576104895,0.002237922306164819,45.83487368719186,0.018714425204976237,205143.0,126.0
1776905242.1518028,26.52248046875,0.00048828125,42.07900904299477,0.00911008599382157,1007.7622731002486,0.0007872833431292747,45.78958722203334,0.006583557922553496,205017.5,125.5
1776905244.1686287,26.527949218750003,0.0018554687499996447,42.08566543049341,0.009265469865841425,1007.7637804976816,0.001164115984295222,45.77698181072124,0.009734761693820815,203891.5,124.5
1776905246.1856034,26.5313671875,0.0009765625,42.09510801022018,0.00011069418053466507,1007.7537572501133,0.0024883129507884405,45.86080020991959,0.020808346416927748,204954.5,62.5
1776905248.233852,26.527460937500003,0.00039062499999964473,42.046376295094966,0.018150341390459346,1007.7547692766157,0.003939039079853046,45.852337242458184,0.032939917407155406,205838.0,190.0
1776905250.2516966,26.528339843749997,0.0010742187500003553,41.95596912993677,0.011942762577682231,1007.7589276886274,0.001732004992675229,45.81756285148768,0.014483712812495497,206092.0,191.0
1776905252.2754772,26.53439453125,0.001660156249998934,41.94458942445459,0.006219388307005858,1007.7677761249583,0.0017629564795811348,45.743568980222705,0.014742436611570042,205648.0,0.0
1776905254.3165593,26.52013671875,0.0071289062499992895,41.915843312907285,0.0400039689002476,1007.7539252980944,0.006925470635962938,45.8593950606225,0.057913765470537726,208152.5,1231.5
1776905256.385949,26.4919140625,0.008203124999999645,41.76498232896034,0.04309765964039869,1007.754106700258,0.00047906326017255196,45.857877937428334,0.004006132537007545,212377.5,202.5
1776905258.3805,26.4618359375,0.0068359375,41.62308715808015,0.024845207814824022,1007.7494654412344,0.0008551655716360074,45.89669021090077,0.007151288108946829,213394.0,136.0
1776905260.4250326,26.43888671875,0.006152343750001066,41.50317985285986,0.027755928705868627,1007.7544887116242,0.0016979066859335035,45.85468340387642,0.014198619883718067,214765.0,0.0
1776905262.4437177,26.420039062500003,0.0035156250000003553,41.41688485162956,0.02143348012469204,1007.7524189767457,0.003467094491441003,45.87199145478357,0.02899337110914857,216014.5,139.5
1776905264.5092034,26.405390625000003,0.004296874999999645,41.334113479766245,0.018504785348792296,1007.7571193276026,0.0012933289976331253,45.83268509025839,0.0108153458388216,216504.0,70.0
1776905266.5117931,26.388984375,0.0048828125,41.275214308505,0.015559548016426561,1007.7589838101228,0.0012616500864055524,45.817093536562176,0.010550418026895159,218060.5,782.5
1776905268.5754373,26.371699218750003,0.0038085937499996447,41.24025789966212,0.00042415208486090705,1007.7585161005768,0.0011664784962590602,45.82100470910251,0.009754559138688279,216856.0,422.0
1776905270.5932283,26.359296875,0.0029296875,41.21486050520948,0.006329743685000722,1007.7513049610935,0.0007565992833633572,45.88130731001054,0.006327022090577117,217066.5,352.5
1776905272.593113,26.3471875,0.0041015625000007105,41.19550327511158,0.006459147112906294,1007.7537010167259,0.0006935738923061763,45.86127043859035,0.005799964377409594,218271.0,0.0
1776905274.615227,26.33078125,0.004101562499998934,41.15166551141927,0.012458063570420563,1007.7592151065332,0.0034337052935029533,45.815159378752696,0.02871399913635031,219705.5,144.5
1776905276.6655107,26.3133984375,0.004492187500000355,41.089735878077676,0.012495982460364985,1007.7558450330089,0.005417909652862818,45.843341361076625,0.045306821945349185,219561.5,288.5
1776905278.698714,26.298945312500003,0.0025390625000003553,41.04015034734227,0.006278266486823725,1007.7407566164545,0.0013545788204396558,45.96951767056736,0.011327690823307535,220068.0,362.0
1776905280.7091224,26.28615234375,0.0036132812500007105,41.00575403292298,0.003397994102503077,1007.7466140154891,0.001479932548988927,45.92053517760449,0.012375905487250094,220723.5,728.5
1776905282.7379997,26.2731640625,0.0011718749999989342,40.9533641533151,0.012116402448775432,1007.7512420939458,0.0018900474452721028,45.88183304334812,0.015805424094693876,221604.0,1028.0
1776905284.7709372,26.267109375,0.0017578124999992895,40.922730144197644,0.006186583978351479,1007.7515243024912,0.0035587460398573967,45.87947311978231,0.029759823114183348,222484.5,296.5
1776905286.8480082,26.26017578125,0.00146484375,40.897996611673065,0.0001619087940021302,1007.7485620214561,0.0005357997181931751,45.90424502414599,0.0044806071029590555,223006.5,818.5
1776905288.8604789,26.25626953125,0.0008789062499996447,40.88258763499626,0.002898200186791655,1007.7568760314475,0.0014175732744661218,45.83471963350439,0.011854329595994528,223006.5,818.5
1776905290.8939638,26.25177734375,0.0012695312499992895,40.88808196603836,0.002855108726407707,1007.7587644936351,0.0034326845531040817,45.81892758234828,0.028705473696863493,223304.5,820.5
1776905292.9182673,26.24962890625,0.0006835937500007105,40.87885865232363,7.552289796919354e-05,1007.7580394428676,0.0001891861366516423,45.82499070758054,0.001582050651816047,223600.5,224.5
1776905294.9332802,26.246015625,0.0007812500000010658,40.88145470846283,0.0029089325936553223,1007.7586052239744,0.0012600833752571816,45.82025942444045,0.010537319771238174,223006.5,818.5
1776905296.9916375,26.239765624999997,0.0023437499999996447,40.87776902064333,0.00025891041225278855,1007.7430443732985,0.005606955841983563,45.95038637803535,0.04688818732820721,222855.5,371.5
1776905299.045015,26.23068359375,0.0018554687499996447,40.86179102472736,0.0027899267338042932,1007.731136077289,0.0015740951857310392,46.04996992309897,0.01316350230162655,222558.5,222.5
1776905301.0614214,26.22501953125,0.0008789062499996447,40.83720909257336,0.0030913475513791866,1007.7320473729267,0.0032442859548496017,46.04234916713507,0.027130592071667792,223302.0,373.0
1776905303.0961041,26.22208984375,0.0010742187500003553,40.81293290078718,0.003112388043042813,1007.726408716341,0.0008192698031166401,46.08950294239715,0.006851238095578083,223533.5,1345.5
1776905305.111043,26.22140625,0.0007812500000010658,40.80088262124612,0.009067155873026422,1007.7408329431671,0.001260100040838097,45.96887938619173,0.010537609607819576,224350.5,75.5
1776905307.1575186,26.2102734375,0.0050781250000007105,40.78768071038245,0.002433522132911037,1007.7292697832826,0.0017973943646438784,46.06557697664818,0.015030882853238836,224653.5,528.5
1776905309.1926336,26.18732421875,0.0055664062500007105,40.767192605494984,0.0036062240808902857,1007.7351790880309,0.003807559724634757,46.01616000379957,0.03184093239056196,224351.0,226.0
1776905311.212944,26.1630078125,0.005859375,40.73159736589062,0.012613582632621245,1007.740706909019,0.003058622860748983,45.96993337520383,0.025577792130221155,224880.5,605.5
1776905313.2478056,26.1469921875,0.00390625,40.69094205514548,0.0034209466218655393,1007.7468363341115,0.0010047728709992043,45.918676038901324,0.008402390955819072,225871.0,992.0
1776905315.2780447,26.129609375,0.004492187500000355,40.662112225406474,0.012456589536778749,1007.7407135325425,0.00359355408807005,45.969877997817456,0.030051164581699652,225717.5,838.5
1776905317.3352144,26.10998046875,0.0045898437500007105,40.62706141634422,0.003494015420848484,1007.727313662393,9.854261969621803e-05,46.081935227330376,0.0008240734083635459,226096.0,0.0
1776905319.3305547,26.09015625,0.0048828125,40.60395697513921,0.005443082021969303,1007.7263820199482,0.0005715495935305626,46.08972619290127,0.004779649412441245,225638.0,0.0
1776905321.3645685,26.07375,0.00390625,40.61710412981291,0.0034183980742739095,1007.7355282389308,0.0019165765007755908,46.01324017380184,0.016027474307072964,226479.0,77.0
1776905323.3897634,26.06037109375,0.0032226562499992895,40.633574196117294,0.008615853528159079,1007.7340337729129,0.0024595760972943026,46.0257377419265,0.02056836240441129,224956.0,530.0
1776905325.4127572,26.0485546875,0.0033203124999996447,40.68012092941013,0.008607224631816734,1007.7250151739055,0.0017041030162090465,46.10115661555511,0.014250773715676956,223675.5,299.5
1776905327.46546,26.03556640625,0.004003906250000355,40.714584858294195,0.002551064343528253,1007.7195841800967,0.0035845028075982555,46.14657411020767,0.0299759819816785,224427.0,452.0
1776905329.4834142,26.0204296875,0.004296874999999645,40.748819209461,0.014486401021919448,1007.7271216991318,0.002198393685830524,46.08354055737383,0.018384309886911865,224200.0,75.0
1776905331.5315926,26.003046875,0.00390625,40.80076670765786,0.014533346006199821,1007.732860199663,0.0017369927925869886,46.035551817719885,0.014525727007558942,222114.5,73.5
1776905333.5517924,25.98673828125,0.004589843749998934,40.876797390810864,0.020451971503447908,1007.7238959347503,0.0019270611347224076,46.110516399319465,0.016115303244959023,222929.5,297.5
1776905335.5669513,25.97375,0.0027343749999992895,40.950230255043806,0.01766983013403589,1007.728504859406,0.0007596847760282799,46.07197371901631,0.006352940742065272,222410.0,74.0
1776905337.6004062,25.95802734375,0.0045898437500007105,41.03238179716332,0.023466237216602792,1007.7268751025797,0.00010164698187509202,46.08560273226777,0.000850034275035938,222929.0,0.0
1776905339.6133792,25.93908203125,0.0051757812499992895,41.13220229558398,0.01741741675926889,1007.7264352938398,0.0016914076770149222,46.089280692359665,0.014144591222642333,222337.5,591.5
1776905341.6388574,25.92560546875,0.00341796875,41.22068523565383,0.01762082195785908,1007.7238627577797,3.7324437073493755e-05,46.11079383364853,0.0003121305422659759,221893.5,147.5
1776905343.6623216,25.9122265625,0.0027343749999992895,41.30622282358675,0.026709689558249042,1007.7296631917757,0.002891253616269296,46.06228707812174,0.024178378170073955,222558.5,370.5
1776905345.7271976,25.90021484375,0.004003906249998579,41.37393423091095,0.017570658763723657,1007.7303655056404,0.0008425896531889521,46.05641388884855,0.007046230626574612,221086.0,73.0
1776905347.721538,25.888789062500003,0.0025390625000003553,41.402691245991136,0.005723707848019899,1007.7274482799426,0.0013583459994492841,46.08080947961207,0.011359315392773794,221819.5,73.5
1776905349.7971628,25.87482421875,0.003808593750001421,41.41915640254023,0.005582793454543378,1007.7222592265618,0.002494110165287111,46.12420360512318,0.02085735308045855,222856.0,520.0
1776905351.7903857,25.858417968749997,0.004785156249999645,41.42634023287431,0.0035361647473237667,1007.7204326393153,0.0023196936803060453,46.13947871068625,0.01939879874305106,223080.5,744.5
1776905353.867933,25.84171875,0.0029296875,41.44250248856315,0.008684801960182398,1007.7153938730473,0.00198906844599378,46.181616256836534,0.016633961206938608,222484.5,296.5
1776905355.888397,25.83654296875,0.00146484375,41.48398356289728,0.020867592583826422,1007.7125187846625,0.00037464604901060744,46.205659742364276,0.0031330557060016417,220213.5,507.5
1776905357.9102523,25.8290234375,0.0007812500000010658,41.58532732869749,0.03298113436654759,1007.7040360260926,0.00034788075953429143,46.27659882139503,0.0029092452176477934,217844.0,142.0
1776905359.93856,25.8278515625,0.00039062499999964473,41.73858361593028,0.030046220210767416,1007.7121856867279,0.0024559162146147173,46.20844536346538,0.020538116938936923,214394.5,3024.5
1776905361.9743793,25.82619140625,0.00029296874999928946,42.02150920052456,0.09641906079134799,1007.7140706645523,0.0013855428958891025,46.19268183726544,0.011586876927250245,209319.0,459.0
1776905363.9852774,25.82658203125,0.0006835937499989342,42.3171795668688,0.048389209024911395,1007.7101370781918,0.0011030960783386945,46.225577282025654,0.009224888621833571,209778.0,132.0
1776905366.016807,25.8294140625,0.0003906250000014211,42.507836782480226,0.045388672329711,1007.7092303106729,0.0006303378375491775,46.23316032900011,0.005271345529259008,207306.0,0.0
1776905368.0528665,25.8317578125,0.0011718749999989342,42.71681898360321,0.04856153622463921,1007.7084483756953,0.0028037996082730388,46.23969946770727,0.023447435547762296,206155.5,254.5
1776905370.0649073,25.8360546875,0.0009765625,42.90810037854321,0.033444157426796295,1007.7336380554862,0.0011625298510011817,46.02904693895887,0.009721733312840541,208407.0,715.0
1776905372.1046865,25.839375,0.0007812499999992895,43.00850480135382,0.006153686011252546,1007.7243911499503,0.002173482989405784,46.10637510102473,0.01817603131589607,210439.0,265.0
1776905374.1158721,25.8425,0.00019531249999893419,42.99370415674892,0.015136543678636372,1007.7403875713285,0.004248871343122573,45.97260387230615,0.03553127692868685,214912.0,1382.0
1776905376.1592422,25.840937500000003,0.00039062499999964473,42.87533054773756,0.03640042876488181,1007.7296509275493,0.0024559544190196902,46.062389631039125,0.02053814821336175,217351.5,777.5
1776905378.2016556,25.8387890625,0.0007812500000010658,42.68433055620717,0.0515342144669475,1007.7179688214751,0.002173474974256351,46.16008278829055,0.018176058082122637,219133.0,862.0
1776905380.2191513,25.8378125,0.00019531249999893419,42.4755421030803,0.04838066236588645,1007.7100033702559,0.003966372254581074,46.22669549348829,0.033169682072237805,221388.0,1393.0
1776905382.2551641,25.837421875,0.0007812499999992895,42.32142267946541,0.03330420611433027,1007.7102858292234,0.00695454505591897,46.224333476610425,0.05815893751632473,220360.0,799.0
1776905384.2731183,25.834003906249997,9.765625000035527e-05,42.18219118643486,0.027142651093495118,1007.7166367867771,0.0038087703732117006,46.17122219625267,0.031851531047148995,220071.5,941.5
1776905386.2925994,25.83576171875,0.0006835937500007105,42.15222072098991,0.0211929325408704,1007.7267757021938,0.00072249677725722,46.08643398088185,0.006041960738901508,210971.0,533.0
1776905388.336589,25.83146484375,0.001660156249998934,42.29961081582489,0.023965647342567564,1007.718016343092,0.0026789520842385173,46.15968538884941,0.022403196446799,216648.0,913.0
1776905390.3487723,25.82990234375,9.765624999857891e-05,42.29641340361907,0.009046330450203754,1007.7145821855954,0.0007552054124175811,46.18840413755941,0.0063155522631959116,218485.0,71.0
1776905392.4210663,25.82921875,0.0007812499999992895,42.23596498856806,0.01517845600651313,1007.7125663023796,0.003086259293411331,46.20526239708555,0.025809485890178507,218057.5,213.5
1776905394.4109151,25.82658203125,0.001660156249998934,42.17531767104582,0.01527203208202721,1007.7165265874894,0.005417322389860146,46.17214380762617,0.04530334219853671,219348.0,792.0
1776905396.4837232,25.8180859375,0.003124999999998934,42.135143268138386,0.006384843177976052,1007.7128570844307,0.0022594001006268627,46.20283065707804,0.018894699327745457,219495.0,1081.0
1776905398.5068738,25.79767578125,0.0071289062499992895,42.09966885383703,0.015880654183934695,1007.718256739644,0.006027748371650432,46.15767512959093,0.05040807023801008,221683.5,1543.5
1776905400.5125012,25.76876953125,0.007910156250000355,42.02406039849106,0.003904058797402854,1007.708117679466,0.009139621213648752,46.24246524752911,0.07643225845002632,222041.0,0.0
1776905402.5926077,25.73849609375,0.007910156250000355,41.966415924309956,0.0021237880531863595,1007.7286255009775,0.0018365758867275872,46.070964851121175,0.015358550040058816,223227.5,298.5
1776905404.6203792,25.708125,0.0070312500000007105,41.92685763985716,0.015848834907373544,1007.7325425010673,0.0003966092733662663,46.038208585777454,0.0033166743860952863,224955.5,378.5
1776905406.6283827,25.68205078125,0.00634765625,41.89080434604492,0.006734249431232797,1007.7379146431879,0.0025310171473051923,45.99328376786684,0.021165726754329484,223600.5,74.5
1776905408.6500995,25.656367187500003,0.006445312500000355,41.890934574052274,0.0022881833287513587,1007.7284005815745,0.005840268574388574,46.0728458656171,0.048839840497887366,223675.5,149.5
1776905410.7136474,25.63048828125,0.0071289062499992895,41.939225619902274,0.017270560177841787,1007.7149189100357,0.004206486495888839,46.18558827179751,0.035177552603411044,223452.0,523.0
1776905412.749104,25.59982421875,0.007714843749999645,41.99903960790498,0.014197009559218543,1007.7055736421248,0.0015030688196020492,46.26374011418943,0.01256979656490742,223078.5,297.5
1776905414.7666256,25.5727734375,0.0068359375,42.07735997734498,0.0112872453079369,1007.7066196749689,0.0008271827745147675,46.25499239598463,0.0069175212229382055,223675.5,149.5
1776905416.796279,25.5403515625,0.00898437500000071,42.14304693675275,0.020094024344651018,1007.7072035321253,0.0010075812735976797,46.25010974788657,0.00842614448390222,223376.5,298.5
1776905418.8130205,25.5184765625,0.0029296875,42.228041131369864,0.023801848861776165,1007.7175099255409,0.008955903332321213,46.163920638735604,0.07489530871191974,222780.5,148.5
1776905420.8286955,25.51046875,0.0015625000000003553,42.32369263850889,0.017932841370395636,1007.7565864625396,0.015724395032975735,45.8371419517546,0.13149387628360287,223376.5,149.5
1776905422.868642,25.504902343749997,0.0030273437500003553,42.39551556467525,0.011735621863721235,1007.818762347039,0.013359126015188849,45.31721431867835,0.11170894073895354,223751.0,524.0
1776905424.8808806,25.485859375,0.0066406249999992895,42.456780888710256,0.008309825878345833,1007.8582655813175,0.008436653563649088,44.986893364941025,0.07054501333660923,224728.5,453.5
1776905426.9596927,25.46896484375,0.0010742187500003553,42.49413880450621,0.011962827072810711,1007.9012342468172,0.011037507702951643,44.62760738685367,0.09228946575172614,225486.0,152.0
1776905428.9607606,25.466328125,0.0,42.52707592906226,0.015108551383129054,1007.9736087843123,0.021894879287515323,44.02247077840401,0.18306209047799626,224728.5,453.5
1776905430.9763062,25.4680859375,0.0007812499999992895,42.611906381631684,0.027297966827557474,1008.0622026260612,0.01950750517994493,43.28176771889784,0.1630897575747028,223376.5,149.5
1776905433.0020654,25.47013671875,0.0002929687500010658,42.72706188385215,0.021144090602533083,1008.1321120486491,0.013211280007453752,42.69731552629415,0.11044484944266131,222930.0,446.0
1776905435.0438368,25.47033203125,0.00029296874999928946,42.80576164256634,0.021220764216348442,1008.1561472060589,0.00321006224106668,42.496385638931685,0.02683524963577355,223078.0,149.0
1776905437.071022,25.4755078125,0.0015625000000003553,42.866897716017704,0.015317711112206922,1008.1736296277945,0.005260522259789013,42.35023841948834,0.043975921759937364,221526.0,367.0
1776905439.0886385,25.482441406249997,0.0020507812500003553,42.93734550457891,0.012351040438481675,1008.2121976375468,0.015172432430688332,42.02783051931513,0.12683171021273054,220503.5,363.5
1776905441.1352465,25.49201171875,0.00244140625,43.01115729758524,0.018462706843155985,1008.2851320365595,0.022190101825799502,41.41816490721483,0.18548401761701072,214994.0,4423.0
1776905443.1609774,25.5020703125,0.0027343749999992895,43.23067080947958,0.07314393555482113,1008.3606817037337,0.016277486848650824,40.78667399406129,0.13605302570988087,208275.0,195.0
1776905445.173001,25.514277343750003,0.0038085937499996447,43.49628725956168,0.052109698292671425,1008.4241939193043,0.01436380107122659,40.25582964157417,0.12005163666585261,208470.0,0.0
1776905447.2278452,25.52873046875,0.00341796875,43.628697953572384,0.018646703916271434,1008.4867745953104,0.012820823887636834,39.732797763398835,0.107150158069242,208276.0,454.0
1776905449.247295,25.54376953125,0.0036132812500007105,43.630438183844575,0.017833540337644394,1008.5357052783643,0.00857465260043,39.323866840211934,0.07165992578658376,210306.0,132.0
1776905451.261187,25.56046875,0.0048828125,43.54417394942468,0.014638062855127032,1008.5827573062885,0.014275651398634182,38.93065237936548,0.11929969935833284,206091.5,63.5
1776905453.3026211,25.575703124999997,0.0025390625000003553,43.53681276417332,0.0002934455929484159,1008.6402182535436,0.010489431970086116,38.4504697296412,0.08765472914376815,207637.0,1354.0
1776905455.3145695,25.584492187499997,0.0023437499999996447,43.416260395769925,0.04834217794423168,1008.6754051085325,0.00743664632727814,38.156435446563336,0.06214243146381904,209122.5,392.5
1776905457.3417983,25.5958203125,0.0029296875,43.217153133012175,0.042149717944273135,1008.6927953098157,0.0016539382389737511,38.01111951891389,0.013820518603999687,209384.0,262.0
1776905459.3537834,25.61046875,0.0037109374999992895,43.06109901987952,0.04202260911407052,1008.7046001247863,0.002345657866555939,37.91247745797432,0.019600430188194906,210174.5,396.5
1776905461.3758714,25.625507812499997,0.0033203124999996447,42.914314017187976,0.03294396638347408,1008.7142980289252,0.0001106599555100729,37.83144160058022,0.0009246727236664753,207437.5,772.5
1776905463.4129534,25.638789062500003,0.0033203124999996447,42.815885978892844,0.01173188992040508,1008.7147675553429,0.004451880903445726,37.82751831291448,0.037199827792083084,204206.5,810.5
1776905465.4782467,25.65197265625,0.0026367187500007105,42.81739052590686,0.012411988028077303,1008.7150784990774,0.0006096540026874209,37.824920008391025,0.00509425538124475,202779.0,0.0
1776905467.4589012,25.6630078125,0.0023437499999996447,42.83984566214109,0.0027606253372525202,1008.7164806147932,0.001961384501271368,37.813203978683816,0.016389267129074625,203892.5,373.5
1776905469.5029767,25.672871093749997,0.0028320312499996447,42.80766405738134,0.005732193244902817,1008.7169015802374,0.0054879538639625025,37.809686493384845,0.04585715417529812,204955.5,439.5
1776905471.52061,25.68439453125,0.003027343749998579,42.805951391078715,0.003373198396531052,1008.7154411008792,0.0003277641388308439,37.82189011529991,0.0027387891089212246,203954.5,311.5
1776905473.5922177,25.685859375,0.002539062499998579,42.79703611610674,0.012399932314981044,1008.7168950212534,0.000451523513788743,37.80974119970851,0.0037729150069978346,206922.5,512.5
1776905475.5802944,25.67658203125,0.002050781249998579,42.72636062537701,0.021417324648574265,1008.7165086575153,0.0003372295885810672,37.81296964206385,0.002817879759614783,209058.0,588.0
1776905477.5993319,25.674140625,0.0009765625,42.56577696711314,0.054308817816831834,1008.7189525958584,0.0006651129081660656,37.79254819182229,0.005557651489390025,210571.0,133.0
1776905479.682329,25.681269531250003,0.0020507812500003553,42.41548198344499,0.036015236925795335,1008.7186059870392,0.0003372685924887264,37.79544443775556,0.0028182009296848776,209581.0,197.0
1776905481.6954541,25.6883984375,0.0005859375000003553,42.33173007750757,0.024086880913632314,1008.7209970167291,0.002771846552718671,37.77546514760291,0.023161378542788214,208600.0,130.0
1776905483.7146692,25.6950390625,0.001953125,42.2479653871444,0.023920655117478873,1008.72351163318,0.0014077817431825679,37.75445316998628,0.011763313526135022,208926.0,196.0
1776905485.731642,25.70294921875,0.001855468750001421,42.146287142484546,0.011854214515459205,1008.7180380626735,0.0033909256324591297,37.80019002703466,0.02833443238069222,208602.0,651.0
1776905487.7751253,25.710957031249997,0.0020507812500003553,42.1110030800283,0.01182991710406256,1008.7017700574368,0.0030755567001961026,37.93612567728239,0.025699558402152434,207693.0,258.0
1776905489.7919815,25.7180859375,0.001953125,42.03945734510286,0.029919994117310722,1008.688644870864,0.0031551549740811424,38.045801197460534,0.02636496470352867,210048.0,1188.0
1776905491.8342986,25.72658203125,0.0016601562500007105,41.93194372070276,0.02993418485496946,1008.6987191272206,0.0008565386710301935,37.96161945708419,0.007157312204647326,211037.5,466.5
1776905493.8775437,25.725703125000003,0.0025390625000003553,41.78432081566427,0.033387455304048075,1008.710989332364,0.0022869354360182115,37.85908906750897,0.019109644720941787,209329.0,1507.0
1776905495.8878522,25.71583984375,0.0022460937499992895,41.68393724682109,0.02431106927089388,1008.7050948452977,0.001847437397543672,37.90834354335522,0.015437269804955633,211039.0,733.0
1776905497.9076805,25.7114453125,0.0009765625,41.57821830023496,0.027158987997921713,1008.7098600806185,0.00249027296871418,37.868525108658886,0.02080875309027519,210571.0,133.0
1776905499.9508135,25.70451171875,0.0038085937499996447,41.49631424530958,0.012440229852717977,1008.7105232447213,0.0011483316678209121,37.86298368594868,0.009595469139153323,211171.5,600.5
1776905501.9727705,25.69123046875,0.004785156250001421,41.46179516292824,0.009542447966754963,1008.7054945727205,0.001395696532938473,37.9050033986925,0.011662499123787029,211706.5,603.5
1776905503.9909072,25.676875,0.0017578124999992895,41.39414267883061,0.033217939912525196,1008.703292960168,0.0019272245560841839,37.923400188261425,0.016103998173683465,212851.5,406.5
1776905506.0309215,25.667890625,0.003124999999998934,41.210128175048965,0.04832454965084665,1008.7006419419627,0.00042690772272635513,37.94555225912799,0.0035672728412912136,215113.5,761.5
1776905508.055847,25.6659375,0.0009765625,41.00313396412607,0.04481549397872442,1008.7038746731016,0.0011600536474247747,37.91853935504371,0.00969346983488606,215807.5,766.5
1776905510.07378,25.67013671875,0.0002929687500010658,40.87785536536714,0.026965682578438788,1008.7115713949563,0.005002238096324163,37.85422541689096,0.0417987087248477,215180.5,415.5
1776905512.1221209,25.6680859375,0.00019531250000071054,40.77591325075274,0.0269380410368818,1008.7201218685566,0.0024222222735943433,37.78277782814304,0.020239953884011896,216645.5,491.5
1776905514.134087,25.66447265625,0.0028320312499996447,40.715711225092996,0.0033000784990306897,1008.7297981843612,0.0045503782906166634,37.70192343808124,0.038022411241914966,216856.0,422.0
1776905516.1500964,25.65177734375,0.002246093750001066,40.65752933357238,0.018176891001459694,1008.7394022575238,0.004541474010864022,37.62167327210423,0.03794771561391386,218629.5,643.5
1776905518.1772835,25.64630859375,0.00146484375,40.58820968465369,0.009121761108698223,1008.7287415375279,0.0003710059476702554,37.71075258612796,0.0031000835038312857,218342.5,213.5
1776905520.2385292,25.64533203125,0.00048828125,40.61797868677045,0.020967611558170063,1008.722600974859,0.002861342328685623,37.76206258288647,0.02390916893133266,219203.0,647.0
1776905522.2627332,25.649433593749997,0.0010742187500003553,40.74396527754278,0.03898867309758458,1008.705500985927,0.003739863005762345,37.90494985004182,0.031250452929910466,219418.0,432.0
1776905524.2730389,25.6565625,0.001953125,40.93024686799261,0.06307858256878163,1008.704242469244,0.0004948456355009512,37.9154660277229,0.004134955167405252,218200.0,71.0
1776905526.2834036,25.66505859375,0.0016601562500007105,41.176840278142464,0.06913866418150505,1008.7033673154751,0.002793409163984961,37.922778884811336,0.023341884710031735,217986.5,284.5
1776905528.3632782,25.671894531249997,0.0010742187500003553,41.42061537413135,0.05416474508107427,1008.7007223551136,0.0010023263806715477,37.94488032360796,0.00837551361730604,218485.0,71.0
1776905530.4067585,25.679316406250003,0.0020507812500003553,41.59868438685584,0.045315660961460225,1008.6999363229231,0.0005752959512506095,37.95144846673293,0.004807218693624549,216645.5,491.5
1776905532.3950982,25.6883984375,0.001953125,41.71395328689696,0.009242146422955955,1008.7000068094567,0.0004174552542508536,37.95085947514651,0.003488289085687768,215667.0,487.0
1776905534.4278836,25.6946484375,0.0009765625,41.70262095107546,0.014929607914936582,1008.6955017898908,0.0011602431275719027,37.98850384656495,0.009695118301529249,214903.5,414.5
1776905536.4675305,25.701777343750003,0.0020507812500003553,41.634252652559745,0.01179722128934202,1008.6887658186015,0.0024003446303026976,38.04479052537627,0.02005765036377838,213735.0,205.0
1776905538.4808369,25.71076171875,0.00029296874999928946,41.578141117104764,0.021006244730802592,1008.685939532456,0.0013520198847345455,38.06840742240562,0.011297712550053518,213941.0,411.0
1776905540.5191424,25.71994140625,0.0028320312499996447,41.501036185408196,0.008697196846615185,1008.6861662718602,0.0027263348359269912,38.06651276760664,0.022781722395770032,212512.5,337.5
1776905542.5877345,25.72990234375,0.00146484375,41.42105288897201,0.029864947229306438,1008.6776153066669,0.0021970678558886902,38.13796633869279,0.018359202576561984,212783.5,338.5
1776905544.60567,25.7399609375,0.0029296875,41.25110288847978,0.05067069055581541,1008.6783482576657,0.0029071783637277804,38.13184164611006,0.024293034447751438,213530.5,272.5
1776905546.6523287,25.7516796875,0.002734375000001066,41.09947620400407,0.017679877201437932,1008.682675222304,0.0007661850199838227,38.0956845955284,0.006402391633361759,212107.5,67.5
1776905548.666742,25.7591015625,0.0009765625,41.05834254100375,0.011877341182071177,1008.6837116644163,0.0075496696763366344,38.0870240756594,0.06308646149199859,211306.5,868.5
1776905550.6832776,25.76662109375,0.00244140625,41.01722915328476,0.000269445246413369,1008.6730401771425,0.0024454377178244613,38.176197243701026,0.02043471312044076,210174.0,264.0
1776905552.7404819,25.7762890625,0.0023437499999996447,41.0033186768931,0.0027367552790096283,1008.6731404709728,0.00013489567976421313,38.17535914242691,0.0011272232663337434,209319.0,459.0
1776905554.7573044,25.785273437500003,0.0035156250000003553,41.04924880014677,0.018365803146703996,1008.6785253855523,0.0016232714753527944,38.13036150635786,0.013564418596121897,208470.0,390.0
1776905556.7880847,25.7966015625,0.002148437499998934,41.15540520351243,0.02122547406902342,1008.6785682696782,0.0016447609525584994,38.13000315727611,0.013743988988938582,206987.5,704.5
1776905558.8325372,25.805390625,0.0015625000000003553,41.22535203657496,0.006172304554279862,1008.6790732481716,0.0002145157457107416,38.125783436408426,0.0017925406414391887,207564.0,258.0
1776905560.8452497,25.8157421875,0.002343750000001421,41.262499284002416,0.012261111418514048,1008.6620201959122,0.00013444839913745454,38.26828345817249,0.0011234957037160598,207886.5,323.5
1776905562.8790448,25.825312500000003,0.0025390625000003553,41.28156368719252,0.006283132014246462,1008.6619604455341,0.0022886104115400485,38.26878276979778,0.01912439348325634,206539.0,638.0
1776905564.9066675,25.833515624999997,0.00039062499999964473,41.31848668109943,0.005959363334095968,1008.6596920860497,0.0011947169953714365,38.28773794424578,0.009983472683646966,206092.0,191.0
1776905566.936074,25.83634765625,0.0018554687499996447,41.30679639541884,0.01179865095787136,1008.6651791006389,0.00208406418227014,38.24188664376743,0.01741509183629475,205711.5,63.5
1776905568.9519453,25.846015625,0.0027343749999992895,41.241856060234056,0.011696845832958047,1008.667101890167,0.004711953646904021,38.22581928566176,0.039374496965525196,207241.5,64.5
1776905570.9804933,25.85763671875,0.00244140625,41.21914570801242,0.005728643003774181,1008.6648761110362,0.0030303145402967857,38.244418536150675,0.025322261804625157,207886.0,194.0
1776905573.0087729,25.86466796875,0.00048828125,41.183933051124406,0.012050350924319275,1008.6698424027562,0.0010370970350095376,38.202918695394345,0.008666274604511415,207306.0,129.0
1776905575.0319026,25.86466796875,0.00048828125,41.11796745500152,0.01793311150223431,1008.6634523558739,0.0019499653159869013,38.256315871030225,0.016294542373469056,208145.0,65.0
1776905577.0672379,25.8665234375,0.0017578124999992895,41.04623909444693,0.011791967672980519,1008.6573204624783,0.0017253017370535417,38.30755608358674,0.01441725163574148,208340.0,260.0
1776905579.0822325,25.87609375,0.0021484375000007105,41.01433691152199,0.0027587167936431456,1008.6627357572789,0.003469901296853095,38.262304030568046,0.02899563687965312,207499.0,64.0
1776905581.155395,25.884785156249997,0.0020507812500003553,41.02128922799086,0.003222744214102846,1008.6612539263433,0.0012523213991357807,38.274686669651544,0.010464822088916748,207693.0,387.0
1776905583.1375492,25.8909375,0.0005859374999985789,41.042944244029385,0.012051186699611804,1008.6556710562063,0.002772113429102774,38.32133914990554,0.02316482324767577,206793.0,256.0
1776905585.1647115,25.89279296875,0.0002929687500010658,41.05513578339432,3.2389270263166736e-05,1008.6568419061948,0.0004731558042863071,38.31155506626192,0.003953864282333797,205395.5,126.5
1776905587.1948102,25.895527343749997,0.0010742187500003553,41.05543808794931,0.00011876388832732232,1008.6557805850354,9.091670995076129e-05,38.32042386007561,0.0007597341825693604,206793.0,0.0
1776905589.2162845,25.89787109375,0.0002929687500010658,41.04970358138755,3.2387112018028574e-05,1008.6522625380867,0.0004731506931534568,38.34982202423335,0.003953836106067143,207055.5,1154.5
1776905591.2797747,25.9008984375,0.0011718750000007105,41.04404480329879,0.0001295371705687387,1008.649848453849,0.0037184195781492235,38.36999514116518,0.031072658860008318,208535.0,65.0
1776905593.3113484,25.90333984375,0.00048828125,41.02034303654225,0.005938548047019765,1008.6537913486484,0.0010372551566888433,38.33704668347248,0.008667707595304108,208797.5,717.5
1776905595.3238714,25.89787109375,0.001660156249998934,40.99577180401727,0.01815798945646918,1008.6604787227934,5.75218081166895e-05,38.281164530037685,0.000480672025670259,207500.5,579.5
1776905597.369289,25.89455078125,0.00146484375,40.94747949769961,0.012141125502289185,1008.6651582638094,0.0031116409340938844,38.24206078073753,0.026001844850721767,209254.0,524.0
1776905599.3911726,25.8923046875,0.00019531249999893419,40.89932049392064,0.005966452803519928,1008.6587920191027,0.0042490738151741425,38.29525927665185,0.03550677120993484,207695.5,774.5
1776905601.417516,25.89416015625,0.00029296874999928946,40.85761433363865,0.0059542080327510405,1008.6535725376982,0.0004731534832558282,38.33887515019532,0.003953855263468142,209060.0,850.0
1776905603.448252,25.890742187500003,0.0013671874999996447,40.80636180753477,0.015111833663606689,1008.6498782133604,0.00038225108897904647,38.36974641244031,0.0031942488338110313,208084.0,907.0
1776905605.4720256,25.88986328125,0.0010742187500003553,40.70157339213415,0.041747167549168296,1008.6502845502715,9.089765569569863e-05,38.36635089256656,0.0007595783099851872,208405.0,65.0
1776905607.4941537,25.89220703125,0.0006835937500007105,40.5314687324384,0.04473413695091466,1008.6522439905074,0.004755634267780806,38.34997709031746,0.03973997930848583,211105.0,667.0
1776905609.5189993,25.8938671875,0.0,40.37041744121003,0.044764799163246494,1008.6540122889298,0.004564522174234753,38.33520048696535,0.03814291618173016,210770.5,332.5
1776905611.5622485,25.89396484375,0.00048828125,40.23618559036417,0.029765480037948322,1008.648692581846,0.003527298864696604,38.37965408768087,0.029475602123973488,211237.0,267.0
1776905613.5745206,25.8934765625,0.0,40.15862174151309,0.023843475573347206,1008.6570330326392,0.0027387118903448027,38.309957967780704,0.0228856823965522,210638.0,332.0
1776905615.6455777,25.896796875,0.00019531250000071054,40.07554972294394,0.011894520476161574,1008.6496147437967,0.0005974750396831041,38.371948074462644,0.004992750596379381,210903.5,332.5
1776905617.638487,25.89787109375,0.0002929687500010658,40.01609904930051,0.017835297542074358,1008.6449592596183,0.002298966958392157,38.410851330961194,0.01921119844146091,210837.0,266.0
1776905619.7040622,25.89904296875,0.00048828125,39.97751765015107,0.002924292223877245,1008.6477647566571,0.003775977861039337,38.38740739660619,0.03155369256559126,209911.0,527.0
1776905621.733988,25.905,0.0011718749999989342,40.00198285080626,0.0209701650683094,1008.6482562455863,0.0028054984906589198,38.38330028343671,0.0234439409327436,209581.0,197.0
1776905623.7582338,25.911250000000003,0.0013671874999996447,40.071160492026365,0.023979525011615266,1008.6528724205152,0.0041825005703231,38.34472566232549,0.03495062759418133,207888.0,582.0
1776905625.7719505,25.911738281250003,0.0008789062499996447,40.193394289073076,0.02077254291323527,1008.6545739300316,0.0022322873668372267,38.330507144157856,0.018653849907643405,208535.0,195.0
1776905627.825293,25.910078125,0.00019531249999893419,40.30057243716644,0.032792962299883044,1008.6546315702067,0.0012283569610644918,38.330025469094,0.010264621690527775,208016.5,453.5
1776905629.8452883,25.901386718749997,0.0038085937499996447,40.36526343149039,0.014505903137855825,1008.6506370011286,0.0006734328687230118,38.36340566971355,0.005627481272966861,208795.0,65.0
1776905631.8680608,25.89279296875,0.0006835937499989342,40.40312529326788,0.011865049143548134,1008.6477128795054,0.0029298258564836033,38.38784088534438,0.024482884061953314,207887.5,452.5
1776905633.8944979,25.88478515625,0.0016601562500007105,40.4261316560834,0.005789335038844712,1008.6448218789913,0.0018832459166446824,38.411999339296074,0.015737248799364778,209516.5,525.5
1776905635.9227228,25.88322265625,9.765625000035527e-05,40.47074868885157,0.026885665203550957,1008.6468628438417,0.00015771893396276937,38.39494412239834,0.0013179680983661513,208016.0,324.0
1776905637.9430475,25.881171875,0.001562499999998579,40.54519280068152,0.017753784147892304,1008.6389863144161,0.0016106036632663745,38.46076404913917,0.013458990712731378,208215.0,1038.0
1776905639.9735668,25.877070312500003,0.0005859375000003553,40.59254911120482,0.005912441725957507,1008.6323621624203,0.0036849482536354117,38.5161188819996,0.030793390819493283,209057.0,327.0
1776905642.0021195,25.87453125,0.0009765625,40.619167786185685,0.0028817612375036106,1008.6401288863644,0.003900065576317502,38.45121620668596,0.032590822575407685,207822.0,0.0
1776905644.017464,25.87072265625,0.0012695312499992895,40.63070587901717,0.0028498194886488193,1008.6412808064254,0.002050366768287404,38.44159017650468,0.01713383440615246,210174.0,0.0
1776905646.0438445,25.86427734375,0.00146484375,40.65989214143946,0.014786781237152269,1008.6445642026777,0.0032786970099891732,38.41415262269772,0.027398270613176123,210174.0,264.0
1776905648.0730975,25.86017578125,0.0016601562500007105,40.70728131756918,0.02075011040125574,1008.6406784345663,0.0008555688574460873,38.44662387021164,0.00714954145847102,209122.0,0.0
1776905650.08782,25.854609375000003,0.0015625000000003553,40.78742798211176,0.017778874203614237,1008.637165358366,0.0025235686729274676,38.47598087090072,0.02108820298706604,209647.0,263.0
1776905652.1636367,25.85578125,0.001367187500001421,40.850395703824816,0.009129299954135917,1008.6408837402607,0.004033828641127002,38.44490829016895,0.03370859061497811,210306.0,132.0
1776905654.180195,25.85412109375,0.0036132812500007105,40.89511301697805,0.011576872818984896,1008.6464180312605,0.0023798267133656736,38.39866118961558,0.01988687551134305,208405.0,325.0
1776905656.2022414,25.84640625,0.0,40.918214435221,0.011976520559183967,1008.6567787881379,0.001825675694703932,38.31208251444893,0.01525601973012769,209384.0,131.0
1776905658.2242272,25.8458203125,0.0009765625,40.94210417757593,0.00010768617938694547,1008.6512682390637,0.0024901063404740853,38.35813080722512,0.020808339408542764,209778.0,132.0
1776905660.2409585,25.839374999999997,0.0023437499999996447,40.95037732918965,0.0032531619927418376,1008.6445095723163,0.0010469689449905673,38.41460910625956,0.00874894497732015,210439.0,397.0
1776905662.3142278,25.833515624999997,0.0005859375000003553,40.946736609311685,0.006053798586069803,1008.6304818667185,0.0027719949923721288,38.53183162672896,0.02316430194490593,210438.5,132.5
1776905664.348665,25.83224609375,0.0018554687499996447,40.955581129491875,0.014769111186538453,1008.6275186012667,0.0002583410773695505,38.5565942928502,0.0021588440703510514,209714.5,723.5
1776905666.368138,25.8251171875,0.0023437499999996447,40.94581093574365,0.012236580835910615,1008.626958298631,0.000778582108239334,38.56127650125339,0.0065062751226570015,210770.0,66.0
1776905668.3756661,25.8184765625,0.0017578124999992895,40.90615517027514,0.01516258336033971,1008.6299248307163,0.0008120696960531859,38.53648650083856,0.006786100300249842,210970.0,266.0
1776905670.398303,25.8137890625,0.0007812499999992895,40.86971716179676,0.00906530085472923,1008.6323945527515,0.003302114649898158,38.5158482021689,0.027594228551667044,213266.5,1360.5
1776905672.470826,25.8087109375,0.0007812499999992895,40.815292268062535,0.01504631577632054,1008.634233215693,0.0012618526563983323,38.50048333555856,0.01054469723086271,212512.5,337.5
1776905674.466611,25.8063671875,0.00039062499999964473,40.77614171029751,0.006025631009176635,1008.6213198533159,0.004282043006128333,38.608394724782215,0.03578334988114662,213327.5,612.5
1776905676.494664,25.80021484375,0.002636718749998934,40.74854629054711,0.009262014067680013,1008.6223361041222,0.0030434287737080012,38.59990228937019,0.025432716963997848,213602.0,887.0
1776905678.5629988,25.793085937500003,0.0015625000000003553,40.720848398106696,0.00017147915421489301,1008.6290769899243,0.0006982170218634565,38.54357152589297,0.0058346888087044135,212649.0,609.0
1776905680.5485003,25.786640624999997,0.0013671874999996447,40.720141160696386,0.005830450943065557,1008.6223175761143,0.0014427352377310854,38.60005709643689,0.012056361500945911,212513.0,473.0
1776905682.6255841,25.77990234375,0.0012695312499992895,40.74033459297308,0.008832380037055998,1008.6260378344086,0.0016004071871407177,38.56896843345484,0.013373922994862397,210837.0,266.0
1776905684.64253,25.775410156249997,0.0018554687499996447,40.78769771397108,0.014753268505764083,1008.6279093718151,0.004822480216319036,38.55332887155618,0.04029935799032103,210374.5,728.5
1776905686.6405845,25.76916015625,0.0012695312499992895,40.81094327125456,0.0031313734971440965,1008.6278542016755,0.0043385018798858255,38.553789889422525,0.03625496431484976,211036.5,66.5
1776905688.7091749,25.76486328125,0.00146484375,40.789530162642265,0.012126602040876122,1008.6318663964373,0.00037207098569069785,38.52026172242694,0.0031092246205908225,210571.0,133.0
1776905690.726462,25.75880859375,0.0012695312499992895,40.7230684850103,0.01808032760853351,1008.6348645402966,0.001137924651004596,38.495207659086084,0.00950908552810148,211978.0,1008.0
1776905692.7218819,25.7503125,0.0048828125,40.66533328427899,0.00950233979456172,1008.637569611253,0.003977954317008425,38.4726027636966,0.03324176662650302,212658.5,1555.5
1776905694.8028712,25.735078125,0.0035156250000003553,40.6068829555327,0.006360665551657263,1008.6476436063197,0.0007098379820149603,38.388419734769116,0.005931711588647914,214908.5,1105.5
1776905696.8475053,25.72013671875,0.003613281249998934,40.56043688994408,0.015330177998556849,1008.6554513289051,0.0021861899551822717,38.32317526435624,0.018268629378557222,216089.0,1048.0
1776905698.8601787,25.7106640625,0.0011718749999989342,40.50863045057841,0.01207211399171726,1008.6474505816204,0.0018930339542180263,38.390032742660736,0.01581900865795305,216364.0,350.0
1776905700.8728595,25.7071484375,0.0011718750000007105,40.48435970589192,0.00012792275867568037,1008.6372082723626,0.0009803814322708604,38.475622241936364,0.008192557689763902,214972.5,207.5
1776905702.9104242,25.70119140625,0.0016601562500007105,40.45684191198667,0.0031661567100087495,1008.6431001693787,0.0027939831315961783,38.42638674240719,0.023347810324143126,215526.5,69.5
1776905704.9251595,25.69767578125,9.765625000035527e-05,40.41467348013314,0.002973607070366313,1008.6492852138688,0.0010703844305339771,38.37470176697605,0.008944581049327383,214147.0,480.0
1776905706.9485366,25.6958203125,0.00019531250000071054,40.375681154538235,0.0119553870982827,1008.652676239481,0.0033349919326042254,38.34636500733169,0.027868514890393215,213668.0,546.0
1776905709.0207317,25.6930859375,0.0005859375000003553,40.3634492945514,6.380066966471531e-05,1008.6482590629212,0.004597027585361957,38.38327678506502,0.03841472140944191,213122.0,136.0
1776905711.048917,25.6899609375,0.001953125,40.369075684725814,0.00021268754931469402,1008.6432108418185,0.002320582168238161,38.425461904432794,0.019391852040715918,211309.5,1135.5
1776905713.0731528,25.6852734375,0.0009765625,40.401386067059825,0.014813354972872617,1008.6429394564243,0.003402793414977623,38.427729746641916,0.028435313217510583,210306.0,132.0
1776905715.078802,25.6860546875,0.0011718750000007105,40.46414618359793,0.012068275995556377,1008.6442015040705,0.0017573635572034618,38.4171834705484,0.014685326574266355,210373.0,331.0
1776905717.152317,25.6909375,0.001953125,40.50050509475237,0.018128012498539903,1008.6356622189693,0.0004953784920189719,38.4885418431264,0.004139635634139438,209059.0,719.0
1776905719.1654823,25.697871093750003,0.0018554687499996447,40.56696384204802,0.01812511804208583,1008.6450375704553,0.0006531715027904283,38.41019691422581,0.005458193524521704,209712.0,66.0
1776905721.2046597,25.70919921875,0.00439453125,40.663820126774986,0.030370090500795754,1008.648734849103,0.0034483193995811234,38.37930088275124,0.028815615309753184,208475.0,1040.0
1776905723.2322445,25.726679687500003,0.004296874999999645,40.77935414697668,0.018418215197861798,1008.6651080974929,0.007853776611796093,38.2424801605829,0.06562861638527195,208340.0,130.0
1776905725.2487612,25.73966796875,0.00244140625,40.852583648316724,0.018223248953230353,1008.6559704655078,0.00335779164925043,38.31883718542278,0.02805896416199616,207306.5,385.5
1776905727.2468836,25.748652343750003,0.0018554687499996447,40.93438929589452,0.015174366432678,1008.6494912308956,0.0070425356615828605,38.37298036498085,0.05885037077432642,208275.5,324.5
1776905729.310929,25.758125,0.0021484375000007105,40.96537546668985,0.0027577425078142426,1008.6383239258103,0.0052957535012865264,38.46629937863201,0.044253925854953025,207502.5,837.5
1776905731.3249407,25.76603515625,0.0018554687499996447,40.95726392986454,0.005784433009129231,1008.638322897968,0.001171621915432297,38.466307878324045,0.009790650077096785,206921.0,256.0
1776905733.364035,25.77560546875,0.002636718749998934,40.940352655657804,0.00569785420224278,1008.6455668356803,0.002130191722642394,38.40577415176834,0.017800828232221733,207370.0,193.0
1776905735.402071,25.78615234375,0.0022460937499992895,40.8876270471481,0.011725911749653761,1008.6388711968573,0.0009358192984905145,38.46172602195928,0.007820163767593868,208600.5,390.5
1776905737.4077895,25.7926953125,0.0013671874999996447,40.83447613525035,0.011819061523823393,1008.6366609054472,0.0023555181606980113,38.4801963300945,0.019683896760785302,207501.5,708.5
1776905739.470687,25.8001171875,0.002539062499998579,40.77844642347154,0.008695122182523107,1008.6258294758256,0.00044994292983346895,38.5707095898529,0.003759982553290797,208665.5,325.5
1776905741.4950335,25.80890625,0.001953125,40.7315567896394,0.014738334498776595,1008.6272464036042,0.0031546092619123556,38.55886896378308,0.02636170392199233,207506.5,1223.5
1776905743.4903545,25.81544921875,0.0012695312499992895,40.67247421381555,0.014808279599005658,1008.6305119983551,0.001600688869473288,38.53157981316302,0.01337622885194989,208991.0,131.0
1776905745.556655,25.82169921875,0.001660156249998934,40.62234509193848,0.011772558005432643,1008.624176261687,0.0009698420644781436,38.58452481206436,0.008104570248686827,208994.0,784.0
1776905747.5749192,25.8282421875,0.0017578124999992895,40.56927505870094,0.011758283130749447,1008.6310927773786,0.0028390908530582237,38.526726526588035,0.023724979914380384,207887.5,452.5
1776905749.5911376,25.833515624999997,0.00039062499999964473,40.52205571652062,0.005930939521221035,1008.625004949838,0.0011947366824642813,38.57759981080787,0.00998391520114339,207372.0,579.0
1776905751.6512275,25.834589843750003,9.765625000035527e-05,40.48334953627646,0.014919945365377885,1008.6294783911507,0.00107054632985637,38.54021719729751,0.008946076192785313,207632.5,967.5
1776905753.6695814,25.83712890625,0.0010742187500003553,40.43884044971664,0.005853363132146683,1008.6262766686796,0.0008221485796866546,38.56697259077647,0.00687034510625395,207437.5,772.5
1776905755.7152164,25.8403515625,0.0007812499999992895,40.40038740753068,0.0028994010626703925,1008.6223532996274,0.0033023539577925476,38.59975859892353,0.027596450785534188,207953.5,776.5
1776905757.7351437,25.84484375,0.0009765625,40.36506551738214,0.002877538076930364,1008.6296085895856,0.001161267004988531,38.539129188027,0.00970418722798172,206985.0,192.0
1776905759.749162,25.8485546875,0.0007812500000010658,40.32668276666276,0.011848151786097105,1008.6292122196314,0.0012617839878998893,38.542441475203475,0.01054416590029561,207243.5,578.5
1776905761.801689,25.8512890625,0.0007812500000010658,40.282236624886316,0.008862502495951219,1008.625412868457,0.00034893109682343493,38.57419100154495,0.0029158704103195987,207630.5,709.5
1776905763.8180883,25.853828125,0.00019531250000071054,40.26163650467315,0.005943041716182762,1008.626775097938,0.0021411381846405675,38.56280744394427,0.017892571643500332,208282.0,1233.0
1776905765.8307953,25.85587890625,0.0006835937499989342,40.217133524571466,0.00886970566653389,1008.6282615439031,0.006198753466946982,38.550385974736436,0.051800256970935266,209253.0,393.0
1776905767.8724844,25.8587109375,0.0009765625,40.18763033936163,0.00287471190100419,1008.631009765488,0.001577212861946009,38.527420200211154,0.01318004526955363,208665.0,195.0
1776905769.8850636,25.860859375,0.0007812499999992895,40.149117741363085,0.005875412019459958,1008.6344796349613,0.0012617712145015503,38.4984241281669,0.010544014572825944,208797.0,587.0
1776905771.9149222,25.863789062499997,0.0005859375000003553,40.122616960070616,0.008875341817127236,1008.6382984183655,0.0018591902984326225,38.46651244894017,0.015536310608503356,209778.0,132.0
1776905773.9286413,25.865839843750003,9.765625000035527e-05,40.0870873756065,0.0029684081254295336,1008.6343076507561,0.002580873301781139,38.499861334469024,0.021567118627295656,208535.5,455.5
1776905775.9922159,25.86759765625,0.0006835937499989342,40.048555883310044,0.011839123423111888,1008.6225407438394,0.003460306032252447,38.59819220633999,0.0289163887223971,209387.0,787.0
1776905778.0255966,25.869453125,0.0,40.01897625156284,0.005955525491891933,1008.6200601799743,0.004564346387837759,38.61892133334683,0.03814248682463628,209386.0,656.0
1776905780.0421865,25.87150390625,9.765625000035527e-05,39.998355368191525,0.008921609037102485,1008.627936609583,0.0001577183035692542,38.55310117952253,0.0013179828533758098,209713.0,329.0
1776905782.0780106,25.8731640625,0.0007812499999992895,39.971740504791356,0.005869302738542359,1008.6306178263745,0.004913246181217801,38.53069552894995,0.0410577601909381,210309.0,794.0
1776905784.0690966,25.876093750000003,0.00039062499999964473,39.96015018165882,0.005911172590689517,1008.6234819491431,0.0021077692148310234,38.59032690907756,0.017613768070905422,210505.0,199.0
1776905786.1321142,25.8786328125,0.0005859375000003553,39.92470833329508,0.01184095580294553,1008.6239310587478,0.0018591799907312634,38.5865738805672,0.015536403664011544,211103.0,0.0
1776905788.1565266,25.88048828125,0.00029296874999928946,39.895150359349046,3.1648157872155025e-05,1008.6269276686523,0.0013860341121016972,38.56153246719637,0.01158249000061673,210505.0,199.0
1776905790.1909337,25.88322265625,9.765625000035527e-05,39.87461822665574,0.0029646270929504226,1008.627692173801,0.0010706047807502728,38.555143826361316,0.00894657746949079,210770.5,199.5
1776905792.2204542,25.885273437499997,0.0005859375000003553,39.85401479442751,0.005886359584625467,1008.627352639382,0.0036181653303515304,38.557981207951244,0.03023543872543044,211305.5,734.5
1776905794.2342024,25.88927734375,0.0012695312499992895,39.84254809838756,0.005812214553650108,1008.6146481352569,0.001601321986242965,38.664147745965124,0.013381689936622365,210772.0,598.0
1776905796.2706375,25.894550781249997,0.0010742187500003553,39.82527033417745,0.005832740365001143,1008.6094710743334,0.0026477244911689013,38.707410745228074,0.022126203060317096,210770.5,332.5
1776905798.2972035,25.90060546875,0.00146484375,39.808078410084256,0.005790067801981991,1008.6128587661287,0.0005398283194040232,38.679100883469985,0.0045111636688695,209844.0,66.0
1776905800.361345,25.90568359375,0.0012695312500010658,39.79375667401875,0.00905824854849513,1008.6101046634384,0.0016014646348594397,38.702116026250124,0.013382930814497485,210770.5,199.5
1776905802.3659503,25.91125,0.0017578124999992895,39.78543539735754,0.00018951307747983037,1008.6117906460192,0.002638822336678004,38.68802683011691,0.02205176948636378,210175.0,529.0
1776905804.3821847,25.9173046875,0.0011718750000007105,39.78608818337125,0.00012634966494218247,1008.6087874583857,0.0018924763704717407,38.71312349933967,0.015814840093696603,210307.0,529.0
1776905806.461719,25.9216015625,0.0009765625,39.777630563277626,0.002868285411135929,1008.6084229993846,0.0020747142355617143,38.71616917343371,0.01733775068077037,210440.5,662.5
1776905808.47712,25.9247265625,0.0009765625,39.76904693181706,0.00010526107965702636,1008.6098178014836,0.005228837274273701,38.70451332379079,0.04369574081083627,209713.0,329.0
1776905810.4879956,25.9274609375,0.0,39.757448358720936,0.0,1008.6151464899843,0.0009129506240697083,38.659983164161815,0.007629207239517655,209318.5,327.5
1776905812.5190997,25.9301953125,0.0007812499999992895,39.75774315053549,0.006030663738187059,1008.6186492899179,0.0030875520050130945,38.630711567541404,0.02580151352497495,209911.0,527.0
1776905814.5334606,25.93400390625,0.0008789062499996447,39.75518028072691,0.0030679205228167916,1008.6247998007664,0.0014193500992973895,38.57931415798263,0.011860917615685196,210240.5,330.5
1776905816.5586126,25.93673828125,0.0002929687500010658,39.7465556028755,0.005914551311949623,1008.6200859187243,0.001352814656627288,38.61870618077563,0.011304951411979403,209449.5,65.5
1776905818.5914457,25.938203125,0.0,39.743740318799425,0.0029730139225065955,1008.620625552909,0.0018259317033653133,38.61419667160977,0.015258601872126576,209910.0,132.0
1776905820.65431,25.94015625,0.00039062499999964473,39.746923783658865,4.209057991744203e-05,1008.6173888532169,0.00393402970422585,38.641244589349185,0.03287524328982272,209515.0,131.0
1776905822.6458955,25.94298828125,0.0006835937500007105,39.747229045315756,0.005872538849196474,1008.6082676628439,0.0007220357755386431,38.717467260663305,0.006033832326394872,209910.0,132.0
1776905824.6724765,25.945820312499997,0.0005859375000003553,39.747534114363134,6.313942706981379e-05,1008.6027982622546,0.0017927292008153017,38.7631734793337,0.014981355858953549,208861.0,261.0
1776905826.702112,25.9481640625,0.0007812500000010658,39.75373315048745,0.005862287463887839,1008.6111479626168,0.003087564629993267,38.69339753372679,0.02580177440275122,209647.0,263.0
1776905828.758404,25.94962890625,0.0002929687500010658,39.75389092343693,3.157471908110665e-05,1008.6153394344207,0.00047310311924775306,38.658370793454935,0.003953555743599679,208665.0,65.0
1776905830.8106105,25.9501171875,0.00019531249999893419,39.74205096379405,2.104483534992596e-05,1008.6033461868564,0.0015105661086636246,38.75859461865733,0.012623389219786674,208470.0,390.0
1776905832.8372724,25.95109375,0.00019531249999893419,39.74512928494398,0.0029520514224188332,1008.5967063267327,0.0024235542945234556,38.814082279755155,0.02025309058489455,209449.5,65.5
1776905834.8582513,25.9524609375,0.0003906250000014211,39.73338461991089,0.002930804843213508,1008.5925232015295,0.0006307878237521436,38.84903974351212,0.005271367703610252,210837.0,133.0
1776905836.896651,25.95236328125,0.00048828125,39.7155377594861,0.0029199744318368914,1008.5978434124884,0.0028634516411898403,38.80457992552982,0.02392919055593623,209060.0,850.0
1776905838.9115536,25.95197265625,9.765624999857891e-05,39.706578683907026,0.011900085074760368,1008.5935606857283,0.00015769721221658983,38.84036969788956,0.0013178429711331319,210110.0,726.0
1776905840.9386077,25.95294921875,9.765624999857891e-05,39.70371127076986,0.008927547012451242,1008.5878337723186,0.0038096390337045705,38.888228486796905,0.03183651144323818,209976.0,198.0
1776905842.939088,25.95314453125,0.00029296874999928946,39.6858989926332,0.0030035493422495563,1008.5854102055403,0.0004398987715603653,38.90848179763654,0.0036761670600853336,208929.0,849.0
1776905845.006,25.95333984375,0.0002929687500010658,39.674032373251805,0.0029402754120191332,1008.5793346936414,0.0013528878801594146,38.95925405489177,0.011305933181393613,210108.5,462.5
1776905846.9892802,25.9548046875,0.00019531249999893419,39.67121830104348,0.005964524732586796,1008.5835260931842,0.0021413666511875817,38.92422706438022,0.017895102147875264,209187.5,196.5
1776905849.0524075,25.95548828125,9.765625000035527e-05,39.668320037940504,0.0029611973552086113,1008.5864559368927,0.0001576954240363193,38.8997427830412,0.0013178355419469767,209910.0,0.0
1776905851.062959,25.9559765625,0.0,39.665400866580754,0.0,1008.579940495176,0.0018259795498352105,38.954191445282326,0.015259500097066336,209580.5,65.5
1776905853.0940666,25.9555859375,0.0,39.64455887364086,0.008913802806773674,1008.5774837395618,0.0018259783269627405,38.974722288307575,0.015259519975483471,209845.0,461.0
1776905855.110813,25.95587890625,0.00029296874999928946,39.635676676868556,0.005910710424323895,1008.5870867178512,0.0013528933060342752,38.89447145442262,0.011305908162341893,210043.0,528.0
1776905857.1495245,25.955,0.00039062499999964473,39.62963998024644,4.1995181724985287e-05,1008.5856674598773,0.0006307815913260129,38.90633196321667,0.005271344633523967,210174.0,132.0
1776905859.1734855,25.95373046875,0.0006835937500007105,39.638416712227425,0.0028976421827415773,1008.5772265148072,0.0020168469405916767,38.976871892782036,0.01685459355265806,209327.5,1376.5
1776905861.1920288,25.952265625,0.00019531250000071054,39.64420159043684,0.0029502426358547496,1008.5776000525618,0.00031538937258801525,38.9737502612874,0.002635677494303934,209187.5,65.5
1776905863.236206,25.952265625,0.00019531250000071054,39.65608723578586,0.008935402713163398,1008.5794260237288,0.005793297235300088,38.9584909260055,0.04841393555327045,209253.0,131.0
1776905865.2576714,25.950703124999997,0.0013671874999996447,39.673748668697584,0.003118892941078144,1008.5695990418033,0.0003817483679426914,39.040614124178944,0.0031902534834635787,209582.5,591.5
1776905867.2821963,25.9489453125,0.0005859375000003553,39.682475051509016,6.305756989277711e-05,1008.5603697030359,0.0018591354355521617,39.11774357896955,0.015536824115432779,209253.0,131.0
1776905869.308966,25.9469921875,0.0007812500000010658,39.70901441279533,0.003056535669660576,1008.5654326377526,0.0005644028607889595,39.075432629268775,0.0047167044246236856,209648.0,526.0
1776905871.3350863,25.9450390625,0.00039062499999964473,39.71474923213954,0.008875469801299829,1008.565017685549,0.00028219740153190287,39.07890037705123,0.0023583193297476157,208991.0,131.0
1776905873.362754,25.943476562500003,0.00039062499999964473,39.73539001275428,0.011849454772089985,1008.5606686385543,0.003369690342196918,39.115245396930376,0.028160548502366822,208279.5,973.5
1776905875.3890867,25.9434765625,0.00019531250000071054,39.765121161166356,2.10536037741349e-05,1008.5542778352155,0.00031538560591570786,39.16865352751851,0.0026356953671609062,209319.0,459.0
1776905877.4267063,25.94220703125,9.765624999857891e-05,39.75903768554326,0.005936101378306802,1008.5577056479932,0.0001576935819684877,39.14000714121276,0.0013178505676485486,209191.0,851.0
1776905879.4434812,25.94123046875,0.00048828125,39.791642246664125,0.008869064395220505,1008.5579546494552,0.0007884690596711152,39.13792622983466,0.0065892611237963195,208536.5,585.5
1776905881.5298982,25.939375,0.00039062499999964473,39.797390039493834,0.008879884313795827,1008.5686529544789,0.005759979862261844,39.04852064607591,0.04813592231880648,209384.0,262.0
1776905883.562717,25.93634765625,0.0008789062500014211,39.82085714106806,0.00882842815135021,1008.5747199342793,0.002332238330780001,38.99781916792543,0.019490327918727957,208927.0,457.0
1776905885.5793293,25.93419921875,0.00029296874999928946,39.84442212925154,0.002943218362545963,1008.563033962363,0.0004730879280714362,39.09547833478038,0.003953594808947969,208535.0,65.0
1776905887.6095002,25.93478515625,0.0002929687500010658,39.85638523286495,0.003006706533952297,1008.5630671783103,0.0004398719807454654,39.09520074908201,0.0036760091105740855,208991.0,131.0
1776905889.6212654,25.9344921875,0.0005859375000003553,39.87420498254427,0.002912099971251081,1008.558029299304,0.0045980070255495775,39.13730244751782,0.038425689325237045,209318.5,65.5
1776905891.6491575,25.93244140625,0.00048828125,39.87993433027647,0.0030282440969884306,1008.5556306556224,0.0017014319764712127,39.15734794629684,0.014218947920912939,208411.5,1234.5
1776905893.667519,25.93048828125,0.00048828125,39.882698800553854,5.2754148889277985e-05,1008.5543026597508,0.001701430086882283,39.16844607684988,0.014218947288483719,209581.0,197.0
1776905895.6799808,25.9294140625,0.00039062499999964473,39.912340747500416,4.2228250755727004e-05,1008.5580457189338,0.003933974966798814,39.137165209150815,0.032876352091136596,209648.5,657.5
1776905897.7287202,25.92755859375,0.00029296874999928946,39.9151162798418,0.0029444441135808574,1008.5723955351677,0.0004730961773589115,39.01724398474897,0.003953634034246534,208862.5,652.5
1776905899.7439198,25.927265625,0.0,39.91508460923836,0.0029761147170113134,1008.5673576930699,0.0009129491281214541,39.05934499121258,0.007629487439572813,208146.0,454.0
1776905901.7663877,25.928828125000003,0.0005859375000003553,39.924182225401985,0.005889220630301395,1008.568967908866,0.0008797150468922155,39.04588847643824,0.00735174175168396,209253.0,393.0
1776905903.7955675,25.930390625,0.0,39.918398697977636,0.005952379419579046,1008.5632744966833,0.002738860238480356,39.09346821458469,0.022888644770507227,209189.0,589.0
1776905905.8722873,25.9301953125,0.00019531250000071054,39.90944917862197,0.0029549113571327723,1008.5556554790767,0.0012283441835734266,39.15714049085916,0.010265330538960171,209187.5,65.5
1776905907.8475232,25.92990234375,9.765625000035527e-05,39.88858677622504,0.005961831356618319,1008.5560953447996,0.001983600832488719,39.15346452096158,0.01657704028037088,209452.0,722.0
1776905909.8839977,25.92775390625,0.00048828125,39.86157613744585,0.003027864010945791,1008.5535389881582,0.00012447060436215907,39.17482811575921,0.001040208504441864,209318.5,196.5
1776905911.9136593,25.92599609375,0.0006835937499989342,39.85246115874196,7.380808600743194e-05,1008.5543522527694,0.00019092667895392879,39.16803161561362,0.0015955849702677938,209584.0,854.0
1776905913.9776917,25.92375,0.0005859375000003553,39.846268871628425,6.325504454807174e-05,1008.5516381853179,0.0009461775734393996,39.19071325721367,0.007907276312206335,208667.5,716.5
1776905916.021491,25.9212109375,0.0009765625,39.84302000101863,0.0028693467962490615,1008.5566674840054,0.00024890532387189523,39.14868311630552,0.0020801118955944276,208082.5,647.5
1776905918.0427885,25.916523437499997,0.0015625000000003553,39.84251421114789,0.008755539365814968,1008.5454462728385,0.0006972805801410686,39.2424596573028,0.005827254605275556,209253.0,131.0
1776905920.0593526,25.91349609375,0.00048828125,39.86598691313803,0.008872721345532852,1008.5451223259788,0.00012444289689028665,39.24516691751852,0.0010399839801991106,209122.0,262.0
1776905922.0890632,25.911738281250003,0.0008789062499996447,39.87769786719039,0.0028804235279942247,1008.5450225570471,0.0014192783444855193,39.24600070499879,0.011861077617506766,209518.0,788.0
1776905924.1036537,25.90978515625,0.00048828125,39.89533996063871,0.002922913870477828,1008.5436944526044,0.0010373590870358385,39.2570998342664,0.008669342288801118,208081.5,518.5
1776905926.120973,25.90841796875,0.00048828125,39.904119450365016,5.276794233921578e-05,1008.5451383724875,0.0010373528637046547,39.2450328185118,0.008669280229650411,208927.0,457.0
1776905928.1573775,25.9075390625,0.0007812499999992895,39.91592819615085,8.444827023623702e-05,1008.5546741390843,0.0005642429181307307,39.16534159490775,0.004715408513213504,209056.5,65.5
1776905930.224425,25.906269531249997,9.765625000035527e-05,39.93067184356429,0.002965747369877647,1008.5608403172073,0.0010706205844712713,39.11381064191918,0.008947189704088032,208145.5,194.5
1776905932.2654262,25.9032421875,0.00039062499999964473,39.93332080474343,4.223755388466088e-05,1008.5596032462827,0.0015437212458095928,39.12414886849628,0.012900910700874846,208993.0,653.0
1776905934.27889,25.90255859375,0.0002929687500010658,39.94515278804075,0.005984797126821206,1008.5612380779228,0.0004731057034064179,39.11048654805021,0.003953749057394873,208795.0,65.0
1776905936.2889209,25.9020703125,0.0,39.942123367747236,0.0029764979217716814,1008.5631883093627,0.002738740903453163,39.09418848172395,0.022887649072909966,209254.0,524.0
1776905938.312876,25.9028515625,0.0,39.95709102867339,0.0,1008.5516691234156,0.0009129144372650444,39.19045470502898,0.00762929362131004,208210.5,259.5
1776905940.35728,25.90216796875,9.765624999857891e-05,39.95404036002927,0.0029661535970184616,1008.5523910480863,0.001070614105117329,39.18442152984204,0.008947196247380163,210174.0,264.0
1776905942.433078,25.89865234375,0.00146484375,39.959613563520975,0.002818334637197495,1008.5467138278766,0.0014525978946835494,39.231866563809696,0.012139516571984643,209056.5,65.5
1776905944.4259372,25.8977734375,0.00019531250000071054,39.95058831509546,2.11252388666594e-05,1008.551684877714,0.003967031945080635,39.19032309518751,0.033152779597291016,209384.0,262.0
1776905946.497225,25.89689453125,0.0006835937499989342,39.94454022306101,0.00602696679558079,1008.5502655625442,0.0007219028689746665,39.202184372829436,0.006033002583318847,209122.5,392.5
1776905948.5144403,25.896015624999997,0.0005859375000003553,39.94444517081535,0.006016393565666078,1008.5488462545642,0.002772017130837412,39.21404567897493,0.023166005135024648,208665.0,65.0
1776905950.5639424,25.8938671875,0.0007812499999992895,39.95314247716624,0.002892160655921572,1008.5554187448215,0.00034871972314931554,39.15911888578168,0.0029142678033196034,208927.5,587.5
1776905952.5824456,25.891132812499997,0.0013671874999996447,39.96475393954431,0.00878268190757936,1008.5564804588341,0.001294949567011372,39.150246098788074,0.010821947715328406,208145.5,194.5
1776905954.6385386,25.88849609375,0.00048828125,39.970422299899084,0.003029787072822643,1008.5513095760543,0.0007885156098268453,39.19345946870184,0.0065896853008808876,207886.5,323.5
1776905956.6471155,25.887812500000003,0.0005859375000003553,39.976302352071365,0.003040465275368831,1008.5419896133683,0.0017924683156138599,39.271347410271076,0.014979906988557445,209253.0,262.0
1776905958.664664,25.88576171875,0.00048828125,39.97905748587891,5.283849093018489e-05,1008.5386778795462,0.0017013986239931,39.29902406610204,0.014218862715388525,208535.0,65.0
1776905960.6802726,25.88478515625,0.00048828125,39.97597477064396,0.003029876744019333,1008.5425781939186,0.00012437633637318868,39.26642855119142,0.0010394298502305332,209779.5,526.5
1776905962.729625,25.88322265625,0.00048828125,39.99069151264595,5.2849837697266366e-05,1008.5345776385152,0.003527167134109277,39.33329053014147,0.029477201662345465,208991.5,261.5
1776905964.7438326,25.8821484375,0.0005859374999985789,39.993552592833666,0.002913930025410849,1008.5301042648624,0.0009462065186198743,39.37067538672138,0.007907654917566731,208600.0,130.0
1776905966.7702959,25.87970703125,0.00048828125,40.002220567653865,5.286066940257683e-05,1008.5371163149762,0.0010372498709330102,39.31207431515152,0.00866847533336923,208800.0,978.0
1776905968.8123145,25.8766796875,0.0009765625,40.00189293352875,0.005849244887169647,1008.5422691859452,0.000664162957946246,39.26901097432815,0.0055505009582148546,208409.5,974.5
1776905970.874799,25.87267578125,0.0012695312499992895,40.019325118976454,0.00013747757099125124,1008.5421934178439,0.003427068316284476,39.269644216685094,0.028640481827526543,209123.0,523.0
1776905972.8659732,25.869453125,0.0005859374999985789,40.02790970025461,0.0029144662567865964,1008.5479435814019,0.002771972869823003,39.22158940532915,0.02316565203103238,208600.0,260.0
1776905974.9367278,25.86779296875,0.00048828125,40.03070781660449,5.288609686360246e-05,1008.5443497115198,0.005352855569128678,39.251623845834736,0.04473447363682226,208734.0,912.0
1776905976.9658637,25.8657421875,0.0009765625,40.03644172187251,0.00010578271200856193,1008.5373864287621,0.0011615315775088675,39.30981692900738,0.00970711679934766,210440.0,530.0
1776905978.958296,25.86408203125,0.00029296874999928946,40.03924000489819,0.0030098469063339905,1008.5429211780529,0.00047311982820019693,39.263562187532756,0.0039539252415004,208211.5,648.5
1776905980.9730768,25.86125,0.0009765625,40.03297715567237,0.0030837545897952623,1008.5438248204803,0.0002486385747033637,39.25601032994348,0.0020779040845262386,208929.0,849.0
1776905983.0059154,25.85763671875,9.765625000035527e-05,40.03258580016528,0.002967382712398603,1008.545292461525,0.0016679933020213866,39.24374508405472,0.013939615025766017,209976.0,198.0
1776905985.0519283,25.8587109375,0.0009765625,40.03865842664918,0.00904000919629766,1008.5397244351268,0.0015770716747738334,39.29027783462472,0.013179831275113685,210108.0,198.0
1776905987.0770724,25.861445312500003,0.00039062499999964473,40.04491068018623,0.003020521863440706,1008.5350116768365,0.0011948881027592506,39.32966315362926,0.00998590198723548,207823.5,646.5
1776905989.0888171,25.86310546875,0.00029296874999928946,40.05104706934316,0.0029465796526508825,1008.5367798203497,0.00043974068120178345,39.31488645596171,0.003674989397943307,208665.0,65.0
1776905991.1288521,25.862421875,0.0007812499999992895,40.05097299856864,0.0028936699773254304,1008.5393273081293,0.0003487936920123502,39.29359667879992,0.002914923618853038,207693.5,516.5
1776905993.1517248,25.8594921875,0.00019531250000071054,40.06554784189079,0.005978314192130796,1008.5409860911082,0.005161705180114495,39.279734067336165,0.04313712277008719,208535.0,325.0
1776905995.1655312,25.858906249999997,0.00039062499999964473,40.06250571439673,0.0030208476732340728,1008.545516965364,0.002456537219245547,39.24186889030642,0.0205295650285251,208405.0,65.0
1776905997.240288,25.85763671875,9.765625000035527e-05,40.071303976441726,0.005946755946151683,1008.5471181631128,0.0016679931129601755,39.22848749362936,0.013939593013827078,208535.0,65.0
1776905999.2611208,25.85578125,0.0007812499999992895,40.06514554756355,8.466848093036106e-05,1008.5422960041184,0.0005640310616854549,39.26878685076578,0.004713684861460621,208991.0,131.0
1776906001.3289309,25.85578125,0.00019531250000071054,40.062167051619426,0.0029573285150199524,1008.5468602471992,0.0012282658951221492,39.23064291986441,0.010264748756878106,208730.0,0.0
1776906003.318561,25.8559765625,0.0,40.065166823758005,0.005957100653599667,1008.54626281612,0.0,39.23563571108875,0.0,208535.0,325.0
1776906005.3312426,25.854023437499997,0.00039062499999964473,40.05304144628738,0.005998961125833091,1008.5522371016651,0.0024565318320810547,39.18570808722511,0.020529409246993424,207822.5,387.5
1776906007.3661141,25.853046874999997,0.0005859375000003553,40.067827801579156,0.0030420894379155072,1008.5561370661324,0.0008794243076977182,39.15311584332807,0.007349387763618154,207823.5,646.5
1776906009.40524,25.8481640625,0.0017578124999992895,40.076234585131246,0.005766901525213086,1008.5519028796334,0.001013124849180258,39.18850118782085,0.008466757870632335,208731.0,391.0
1776906011.427778,25.84455078125,0.0008789062500014211,40.09073702856186,0.0028836756870873614,1008.5405905822213,0.0014193906852710825,39.28303931066985,0.011862058670825348,209256.0,786.0
1776906013.5044892,25.841425781250003,0.0008789062499996447,40.111252268462586,0.005863332272063815,1008.5410208320066,0.0032450525823719545,39.27944367853161,0.027119376802705375,207952.5,517.5
1776906015.5049167,25.83439453125,0.0012695312500010658,40.137305362603016,0.002842014689456107,1008.5360553917651,0.0011374298493365131,39.32094063716097,0.009505704718126395,208991.0,0.0
1776906017.576006,25.83224609375,0.0002929687500010658,40.15495180354739,0.0030118939621388563,1008.5435395216982,0.004090936498016617,39.25839466423834,0.03418848268958996,208081.0,259.0
1776906019.591496,25.82990234375,0.00048828125,40.17257882831116,0.0029273833882861307,1008.5424928495809,0.0007885662025728379,39.26714178741452,0.006590154754398725,207564.0,258.0
1776906021.5866306,25.8286328125,0.00019531250000071054,40.1664802917675,0.002959081389558804,1008.5450066274227,0.000597382272133018,39.24613382520138,0.0049923946304666345,208860.5,130.5
1776906023.6544182,25.82775390625,0.00048828125,40.16936514914329,5.301706423566088e-05,1008.5445000104633,0.0010370477024821412,39.25036768660297,0.00866673440181387,208992.0,392.0
1776906025.6642513,25.8251171875,0.00019531249999893419,40.15715802210517,2.120120071680276e-05,1008.5475441760057,0.003335790703829389,39.224927287905196,0.02787754249493446,208666.0,456.0
1776906027.7065496,25.818964843750003,0.004785156249999645,40.15649021712602,0.0005193975646768934,1008.5494744299365,0.0023126555088879286,39.208795952416054,0.019327067565928502,208600.0,260.0
1776906029.720045,25.80353515625,0.00244140625,40.169716228260995,0.008675664055534327,1008.5492002708904,0.0021174363143359187,39.21108712127667,0.01769560730535602,207886.0,194.0
1776906031.741336,25.797871093749997,0.0008789062499996447,40.19592556093288,0.011827297750876653,1008.5491802283401,0.003245018813004208,39.211254638969876,0.0271189169414221,207822.5,387.5
1776906033.755021,25.79640625,0.00019531250000071054,40.22557602308459,0.01194613235239217,1008.5449888889223,0.002140969911749835,39.24628208213747,0.01789234020930408,209256.0,786.0
1776906035.8215811,25.79748046875,0.00029296874999928946,40.24059920280211,0.0030133552746178793,1008.5385089152146,0.0013859230379580367,39.30043612509829,0.011582383932349671,208211.0,389.0
1776906037.819215,25.79640625,0.00019531250000071054,40.26433617541711,0.002960695746203612,1008.5422505944082,0.0012282042274591731,39.26916634993532,0.01026427137955821,208926.0,196.0
1776906039.8334875,25.79826171875,0.00048828125,40.276466442453696,0.00899962424906775,1008.5425089672565,0.001036937411697636,39.26700709133425,0.008665826540347865,207177.0,0.0
1776906041.8596723,25.79982421875,0.00029296874999928946,40.33330787993867,0.011964779221543154,1008.5432069412282,0.0004731577304823986,39.261174026996834,0.00395424108884157,208406.5,584.5
1776906043.9033065,25.80119140625,0.00048828125,40.37821114840838,0.009005369221576132,1008.5454150126532,0.0026141395832155467,39.24272092359285,0.021846667960467414,206985.0,64.0
1776906045.9196103,25.8008984375,0.0007812499999992895,40.37817918730026,0.008866971528657785,1008.5403779950022,0.001476564111726475,39.2848159343265,0.012339867589130193,208084.0,907.0
1776906047.9941819,25.79826171875,0.00048828125,40.38684396438923,0.005915148755033072,1008.5434217339305,0.0019497040855753767,39.25937898842476,0.016293929449844313,209057.0,327.0
1776906050.027376,25.79943359375,0.0006835937500007105,40.4018933425772,0.0030590263463992073,1008.5444015985967,0.0025470394826925258,39.25119014478776,0.02128592194961243,208275.0,65.0
1776906052.048019,25.8012890625,0.0,40.41403407689877,0.0029847041102541993,1008.5473982738216,0.0018255433730018922,39.22614658123064,0.015256253595605784,208600.0,0.0
1776906054.0631585,25.8008984375,0.00019531250000071054,40.408022169317135,0.0029632884790267155,1008.5394652259065,0.005161188702345498,39.29244416730946,0.043132859154610514,208860.5,130.5
1776906056.101205,25.800703125,0.00039062499999964473,40.39904742741213,0.006011453425980306,1008.5437136422806,0.002107435709604033,39.25693947498387,0.017612108921888137,208473.5,910.5
1776906058.1189802,25.799921875000003,0.00039062499999964473,40.37807252618871,0.002941457226334876,1008.545190198783,0.001194661295471633,39.24459970123524,0.009983924931184163,208471.0,520.0
1776906060.1411738,25.80294921875,0.0002929687500010658,40.38735493615664,3.19429283166528e-05,1008.5519050560611,0.000473159929981648,39.18848299656345,0.003954231858344315,207629.5,580.5
1776906062.1829138,25.801875,0.0,40.39022208301965,0.0029842703529503467,1008.5437807291339,0.0009127724169957219,39.25637880950792,0.007628155058966968,208285.5,1492.5
1776906064.1973984,25.80353515625,0.00029296874999928946,40.3874192673492,0.011968848789351227,1008.5464619521603,0.0013859318770528262,39.233971515791424,0.011582383846221234,207438.5,901.5
1776906066.262422,25.80568359375,0.00029296874999928946,40.45929235977632,0.02391641339034578,1008.5535828846936,0.0032114931509568123,39.17446130426422,0.026838645075258682,206474.5,446.5
1776906068.2877488,25.80626953125,0.00048828125,40.49518561785334,0.011891498623452179,1008.5481397516436,0.0026141511197010914,39.219949988452555,0.02184671658113757,206541.5,893.5
1776906070.3003252,25.8079296875,0.0005859374999985789,40.50731204783196,0.0060369262438086935,1008.5407803764913,0.001792038849259825,39.28145317591614,0.014976332416921423,208146.0,324.0
1776906072.3508124,25.809687500000003,0.00039062499999964473,40.51049077511453,0.008916829015003458,1008.5472704229113,0.0021074786758390474,39.22721504820282,0.01761241770424249,206793.0,128.0
1776906074.367197,25.81017578125,0.00029296874999928946,40.49262651440307,0.014962930419422094,1008.5371056070909,0.003211500528777833,39.31216383377952,0.026839061773944906,207564.0,387.0
1776906076.3871765,25.80890625,0.0003906250000014211,40.453671559176826,0.0060135777958265635,1008.535055293054,0.002107481392840782,39.3292986549087,0.01761261313433593,207307.5,514.5
1776906078.4219592,25.80841796875,9.765624999857891e-05,40.4237662551339,1.0655818670102235e-05,1008.5415689651734,0.0007550642430373955,39.274862817458406,0.006310179014647588,208606.5,1171.5
1776906080.4564695,25.80890625,0.0003906250000014211,40.39098898879499,0.008910352144479106,1008.5450959012587,0.00428200032837367,39.24538781348582,0.03578518298723665,208146.5,583.5
1776906082.4835253,25.81115234375,0.0006835937500007105,40.34945867070289,0.009025176300056614,1008.5523745531934,0.002929600428444701,39.184559403752424,0.02448287406614469,208991.0,131.0
1776906084.5071611,25.8098828125,0.0005859374999985789,40.32545408894747,0.014979405455367356,1008.5338941121593,0.006422995460468428,39.339002987176784,0.05367821517120319,207951.0,259.0
1776906086.5419142,25.804609375,0.0007812500000010658,40.39650084786927,0.06258714900337026,1008.5180752562021,0.0030872665515175868,39.47120495860001,0.025801211280988667,204060.0,2989.0
1776906088.5564003,25.8016796875,0.0,40.74574404751424,0.0957048868357333,1008.5023905688795,0.001825542169910932,39.60228739303088,0.01525679483092901,202227.0,306.0
1776906090.630718,25.804609375,0.0007812500000010658,40.94654391299346,0.0029083324450915886,1008.497081420141,0.0003489143093702296,39.64665818179092,0.0029160305401063624,205588.0,822.0
1776906092.61266,25.808515625,0.0007812500000010658,40.923021059626095,0.01488415296910972,1008.4988259668597,0.0005638757786528004,39.6320782474503,0.004712551607084947,205904.0,761.0
1776906094.6770666,25.812519531249997,0.0010742187500003553,40.86658417579908,0.005867822692302127,1008.504379329767,0.004473177339264112,39.58566658253174,0.03738409391850084,207242.5,449.5
1776906096.702855,25.817109375,0.0009765625,40.87008269368915,0.009086870183587337,1008.4999254236245,0.002074079139561036,39.62288963337278,0.0173339531917982,205839.0,444.0
1776906098.714782,25.8212109375,0.0011718749999989342,40.855569869533504,0.017828259594601548,1008.4919444371292,0.0017587074952416515,39.68959030959554,0.014698353675619558,207831.5,1421.5
1776906100.7276387,25.825703125,0.0007812499999992895,40.706495385648985,0.05373727939730344,1008.4928093430744,0.00034884644935573306,39.68236187244399,0.0029154734054905873,208535.0,195.0
1776906102.758817,25.8274609375,0.0,40.52438170553005,0.02090789886085176,1008.4810431488454,0.00273842024358828,39.78069796584968,0.022886478650473663,207760.5,839.5
1776906104.7817454,25.8284375,0.0009765625,40.50358067273703,0.006079676368376141,1008.4826201872798,0.0011613818090836503,39.7675177791328,0.009706291933596845,206474.0,191.0
1776906106.8165784,25.8329296875,0.0015625000000003553,40.59668397190923,0.03901759187601783,1008.4834848871883,0.000697627348529295,39.760291016901604,0.005830442628063537,206601.0,64.0
1776906108.8462448,25.8395703125,0.0015625000000003553,40.74688793464421,0.0211084083400479,1008.4896446163842,0.0002152211673092097,39.708811011175726,0.001798708817528194,204528.5,1626.5
1776906110.8710637,25.84708984375,0.0018554687499996447,40.948255201090106,0.08405571193326011,1008.4853567466156,0.0015678524504210145,39.74464691091426,0.01310335674281049,199989.5,478.5
1776906112.9023106,25.85099609375,9.765625000035527e-05,41.29343426871074,0.07503575151325848,1008.486187764559,0.0010705403323640894,39.737701660523975,0.00894705526515338,200470.0,601.0
1776906114.9350474,25.85275390625,0.0006835937499989342,41.47377460482171,0.03312334974033604,1008.4789851108922,0.004755261456523385,39.797898181763884,0.03974239158327819,201495.0,182.0
1776906116.9868784,25.8575390625,0.0009765625,41.645644982387424,0.04221330298950221,1008.4775838656218,0.002074417750804969,39.8096091208908,0.01733709409500861,201252.5,60.5
1776906119.0236309,25.85822265625,0.001074218749998579,41.772080614233126,0.03599648112290055,1008.4586050702035,0.005386039398104003,39.96822704668244,0.045014893803656975,201192.0,121.0
1776906120.9975889,25.846210937499997,0.0025390625000003553,41.83093486252491,0.00028484551137353264,1008.424603368073,0.009576976934454251,40.25240711366095,0.08004367169946747,204903.0,1507.0
1776906123.026953,25.8368359375,0.003710937500001066,41.79978009426892,0.01847692080862373,1008.3966855178307,0.007817830068006515,40.48574497360665,0.06534231577740002,208211.0,389.0
1776906125.1059983,25.8239453125,0.0033203124999996447,41.726109202307825,0.018424189878668784,1008.3603529932991,0.008099728203944778,40.78942080418561,0.06770042763139017,209192.0,982.0
1776906127.0956721,25.80998046875,0.004589843749998934,41.66438383462352,0.01855853337840685,1008.3149845012769,0.014713275484950827,41.168634314026036,0.12298330346900244,211371.0,401.0
1776906129.15844,25.7911328125,0.0048828125,41.60514451543839,0.009564398154616072,1008.259907704067,0.01244760671494305,41.62901264572462,0.10404994490782826,210903.5,332.5
1776906131.1852524,25.77140625,0.005664062500001066,41.55484847227609,0.003637100637632784,1008.2034136080631,0.018272199859666216,42.10125992471143,0.15274483620585855,212718.0,812.0
1776906133.2151632,25.746113281249997,0.004980468750000355,41.5520279043066,0.0024499239131756667,1008.1324580810958,0.016255129965315973,42.69442303456913,0.13589106292707953,214356.0,962.0
1776906135.2410924,25.728144531250003,0.004785156249999645,41.59811412026938,0.014496061908509716,1008.0833690770904,0.010463416737479747,43.1048091716678,0.08747643900669289,216016.0,698.0
1776906137.2335813,25.71837890625,0.0006835937500007105,41.69023600742925,0.023984655394073684,1008.0456994414326,0.005666819809277968,43.41974002097544,0.04737727922956125,215874.5,139.5
1776906139.298842,25.71427734375,0.001660156249998934,41.801097929030924,0.03291998420831277,1008.0308640777948,0.006330709811891211,43.543771405166524,0.0529283426525069,217420.0,424.0
1776906141.3149,25.69455078125,0.005175781250001066,41.907264136692106,0.02049950004760248,1007.9844158440119,0.013831275610527882,43.93211286827648,0.11564166275150001,217066.5,211.5
1776906143.3407335,25.6721875,0.0048828125,42.016213930084646,0.035611250692550556,1007.937362461465,0.015183124134125592,44.325528212472186,0.1269491070470039,217066.5,70.5
1776906145.3520505,25.655878906250003,0.0038085937499996447,42.11987608442051,0.02670746491774878,1007.8781830666275,0.015273641316184694,44.820350621277726,0.1277120106141929,216294.0,140.0
1776906147.3898609,25.6450390625,0.0027343749999992895,42.23930372534075,0.032881413392512826,1007.8187079643494,0.01353918560562306,45.317669082717686,0.1132146030261687,214022.5,1712.5
1776906149.408782,25.637714843749997,0.0020507812500003553,42.48307335978299,0.09041734996003825,1007.7712967671769,0.009697917975358905,45.71412852985203,0.08109703119470879,210576.0,1061.0
1776906151.4302192,25.629414062499997,0.0035156250000003553,42.70283425355936,0.032881363162413635,1007.7350853374412,0.005674593233777614,46.01694405788764,0.04745410871392508,210725.0,2125.0
1776906153.470755,25.619453125,0.0027343749999992895,42.88636965787453,0.06632290955355558,1007.6989324854864,0.009888438394909826,46.31927895041844,0.08269503073324103,208668.5,846.5
1776906155.4863048,25.60998046875,0.0026367187500007105,43.07923468092772,0.03608553136260895,1007.643493862826,0.013380464357283017,46.782911653067984,0.11190312962130022,209254.0,524.0
1776906157.556884,25.60158203125,0.0022460937499992895,43.21174748619381,0.048296612165373176,1007.5916151410622,0.0054499828901839464,47.2167908867674,0.04558104641686711,206028.0,0.0
1776906159.596719,25.59943359375,0.00029296874999928946,43.40279034559795,0.03952910749368499,1007.5397871479186,0.013214127552430455,47.65026491040455,0.11052123655963442,207694.5,645.5
1776906161.5711536,25.59943359375,0.00029296874999928946,43.478755454959966,0.006112768622237752,1007.503288672259,0.003210177439484596,47.95553731757628,0.026850292292543543,209384.5,393.5
1776906163.6362295,25.598652343749997,9.765625000035527e-05,43.42092652287156,0.021280240459525146,1007.4865160667638,0.001982515208737823,48.095826237756754,0.016582208110396124,211505.0,535.0
1776906165.6719623,25.59875,0.0,43.308553119693755,0.018218410108850946,1007.4894110424918,0.004562301199996455,48.07161208724925,0.038160036108550344,211438.0,602.0
1776906167.7080412,25.59884765625,0.0002929687500010658,43.23874194607732,0.02127968953779913,1007.4850063370852,0.002297705166313335,48.10845397235978,0.019218551922968174,210704.5,398.5
1776906169.7184117,25.59904296875,0.0002929687500010658,43.13863579055722,0.03036701981622869,1007.4917087499485,0.00043967307715320203,48.05239353263908,0.003677510270712503,212786.5,880.5
1776906171.7582836,25.60001953125,0.0012695312500010658,43.008365001073344,0.03319560243629027,1007.4887223923536,0.0016011100989885563,48.07737204048364,0.013392025281689257,215249.0,69.0
1776906173.7689033,25.60099609375,0.0002929687500010658,42.856996585564595,0.039400890896999385,1007.5030728402038,0.0031770632085681427,47.9573425610853,0.02657332567474313,215876.0,558.0
1776906175.7844713,25.59767578125,0.00048828125,42.7506588859638,0.018213603699184233,1007.4876774950333,0.005350271042459553,48.08611187508956,0.04475084209891733,214424.0,894.0
1776906177.8268008,25.600214843750003,0.0010742187500003553,42.74186863450438,0.009200910256588202,1007.4917749815706,0.0044709393189918956,48.05183962515092,0.03739579528589232,211705.5,469.5
1776906179.8616867,25.60431640625,0.001074218749998579,42.80892611979588,0.015259579127516076,1007.4965690551476,0.0028287896104188803,48.01174110981792,0.02366044852152882,211704.5,67.5
1776906181.9309406,25.60978515625,0.0012695312500010658,42.92766831541198,0.04861840293997943,1007.5026569856557,0.003426115315107836,47.96082082293401,0.028656435997604035,204648.5,1252.5
1776906183.9267082,25.617109375,0.0015625000000003553,43.25908289335506,0.10035417975559824,1007.5163016450947,0.002521538410746871,47.84669587613487,0.021090215909413956,201557.5,607.5
1776906185.94444,25.6251171875,0.0017578124999992895,43.572948580801544,0.06711142729425745,1007.5337870574706,0.009224240014816587,47.70044870317872,0.07715071044464139,202783.0,984.0
