timestamp,temp_mean,temp_err,hum_mean,hum_err,press_mean,press_err,alt_mean,alt_err,voc_mean,voc_err
1776897754.0014927,27.9614453125,6.083203125000001,73.09639355538619,26.90360644461382,879.8790947335935,130.0480474185169,1248.0714171980178,1220.3695509742502,22098.0,16091.0
1776897756.033812,21.8395703125,0.009960937499998934,46.25892515677173,0.008050148933101298,1009.9432304288649,0.004679019117361349,27.56756452990988,0.039059278550489296,13913.5,3018.5
1776897758.0643857,21.81203125,0.0021484375000007105,46.280278255734046,0.003326397179336027,1009.9510948830839,0.0007699751163272595,27.501914173415955,0.006427518708930435,26779.0,3350.0
1776897760.10298,21.8106640625,0.0007812499999992895,46.28626561554107,0.009313756986358612,1009.9488729610268,0.0003624658397143321,27.520462119738696,0.0030257602725711763,37819.5,2543.5
1776897762.145918,21.826875,0.006249999999999645,46.340438895459776,0.013035486581706834,1009.9570741025718,0.0038066568309318427,27.452001628980966,0.03177666420341829,47078.5,2107.5
1776897764.127456,21.8473828125,0.001953125,46.37975744788211,0.006381606863914868,1009.9613705104016,0.0004523038901993459,27.416136705561406,0.0037756645701580993,54821.0,1766.0
1776897766.1597328,21.846308593750003,0.0010742187500003553,46.3642532190771,0.01525106703231316,1009.9650683248487,0.00446752710280407,27.38526883838925,0.037293143306166954,60913.5,1352.5
1776897768.193472,21.8469921875,0.001562499999998579,46.321281977412454,0.015557563798545004,1009.9725300627373,0.0007247762861197771,27.32298133298223,0.006050108613953498,66111.5,1182.5
1776897770.2226233,21.83546875,0.00390625,46.26766512374661,0.018901580766307546,1009.9592462386536,0.0009047862532725048,27.433869352816295,0.007552831828615325,70699.5,1205.5
1776897772.255774,21.818964843750003,0.004785156249999645,46.198118087014684,0.01285142385950877,1009.9560126661943,0.0012954672845921777,27.460862096311608,0.010814125292155197,74536.5,1078.5
1776897774.2735922,21.8024609375,0.0023437499999996447,46.16546034855379,0.012562053698960796,1009.9573140937243,0.0025412842486502996,27.449998238554972,0.021213764272399516,78303.5,757.5
1776897776.3171182,21.7966015625,0.0015625000000003553,46.14020034663615,0.00018319359752183573,1009.9659351479972,0.003810885273594522,27.37803292706827,0.03181173579831231,81141.5,658.5
1776897778.3353713,21.7907421875,0.002734375000001066,46.17330090477792,0.008894874766600225,1009.9645769083124,0.0008153117848337388,27.38937092486105,0.006805901903888412,83659.5,823.5
1776897780.3656917,21.763984375,0.007421874999998579,46.22238945534981,0.005274156275682174,1009.9619103448786,0.0033586915258752015,27.41163040626048,0.02803709493714024,86201.0,612.0
1776897782.3886023,21.735078125,0.007226562499999645,46.36040904436836,0.0852498515199116,1009.9693556395316,0.005396068551647204,27.34948012899826,0.04504408400026527,87543.5,1171.5
1776897784.4152694,21.70978515625,0.00439453125,46.55431643246024,0.005638251084448598,1009.9563646556135,0.00011369750382073107,27.457923801837747,0.0009491082650576743,91192.5,489.5
1776897786.4378338,21.687519531249997,0.008691406249999645,46.58247611217383,0.01949826721369874,1009.9655260162237,0.0040132645851826965,27.38144820023504,0.03350112778995573,91632.5,49.5
1776897788.4646783,21.6372265625,0.01640624999999929,46.56422807976854,0.001934645831504156,1009.9771949570362,0.0032603999261482386,27.284040986225367,0.027216260089208077,94546.0,532.0
1776897790.4864023,21.56076171875,0.02001953125,46.48753076961475,0.06388738922808201,1010.0061561885766,0.01642337321533205,27.042290142435398,0.1370912861072302,97066.5,803.5
1776897792.509269,21.47638671875,0.02431640625000142,46.44990953172714,0.006368837272709982,1010.0612132346173,0.009425226346820637,26.582720447205226,0.07867198510781925,98926.0,489.0
1776897794.5345743,21.3579296875,0.03300781249999929,46.52826712030346,0.00695681962412209,1010.0907142643871,0.007060256284432853,26.33647931987108,0.05893028150449631,100951.5,419.5
1776897796.5679522,21.22140625,0.033789062500000355,46.62917766164486,0.11605780138109267,1010.1152295099273,0.0014844697123521655,26.13185824198608,0.012390272452533324,102013.5,581.5
1776897798.5892582,21.09318359375,0.031152343749999645,46.684865434752886,0.05790134944145109,1010.1395624965096,0.003691056467062026,25.928762595236098,0.030807164919210095,103343.5,62.5
1776897800.648308,20.97072265625,0.03076171875,46.79977339868688,0.03949687833460658,1010.1641271186323,0.008837933844915824,25.723737794033546,0.07376379281716972,105428.0,425.0
1776897802.662253,20.85509765625,0.02177734374999929,46.98335093333816,0.04675369197860846,1010.1970244181398,0.007134730434870562,25.449171539202318,0.05954682504800779,106587.5,668.5
1776897804.685816,20.792988281249997,0.013574218749999645,47.12712456255409,0.04467025363912214,1010.2200397647807,0.005080245041995113,25.257085967028313,0.042399202746842946,107431.5,848.5
1776897806.7074218,20.738789062499997,0.012304687500000355,47.247234417881835,0.023238990559669048,1010.2432286565293,0.004425383394391247,25.063555638535682,0.03693310833378227,110212.5,464.5
1776897808.7275226,20.6925,0.01093750000000071,47.32820477235613,0.023409640824198164,1010.2539193066476,0.0003083617064021382,24.974334547243657,0.0025734852114620566,110978.0,1159.0
1776897810.7519894,20.64591796875,0.013378906249998934,47.390634713571956,0.016948916523002566,1010.2514433996944,0.004481899009022072,24.99499773835811,0.037404526800935756,112511.5,595.5
1776897812.7738996,20.59533203125,0.01533203125000071,47.43715816488272,0.0012723666296388103,1010.2641722269843,0.0014180623813331295,24.888767409901064,0.011834584204624576,112957.0,150.0
1776897814.8119543,20.5286328125,0.01542968749999929,47.487961746161005,0.01671258251007046,1010.2669497800832,0.010188893972156166,24.865587423549847,0.08503226433029631,114480.5,539.5
1776897816.842895,20.43966796875,0.025488281250000355,47.529953378556435,0.006250715467949419,1010.2814317448774,0.0025770471514761084,24.744727355083548,0.02150671228667278,115922.5,197.5
1776897818.8565857,20.344453125,0.018945312499999645,47.57121277147026,0.010118938014489487,1010.2775504911043,7.815420940460172e-05,24.77711833434861,0.0006522369307866427,117322.5,161.5
1776897820.8847013,20.2727734375,0.01699218750000142,47.66165053218167,0.022723703892214786,1010.2757600564202,0.003238520235981923,24.792060475141287,0.02702714985715815,118426.5,288.5
1776897822.9481382,20.2024609375,0.01796875000000142,47.73681693393621,0.019521675336864774,1010.2788885471614,0.001214394680175701,24.765951581713225,0.010134735102148795,119719.0,337.0
1776897824.92866,20.1301953125,0.02304687499999858,47.85510615259033,0.034404744603044435,1010.2706688377643,0.006777334510900346,24.834549570209724,0.05656064175540543,120186.5,552.5
1776897826.9605103,20.010078125,0.02968750000000142,47.95847612765344,0.039823415059732525,1010.2794651465331,0.009533045561397557,24.761139869722022,0.07955802870359818,121299.0,130.0
1776897828.9807684,19.92453125,0.016015624999999645,48.14347756375286,0.04458578888038289,1010.2983951365195,0.003754907813970476,24.60316058593051,0.03133610654679764,122041.0,526.0
1776897831.0558643,19.8688671875,0.013671875,48.33841570655117,0.041806586710571025,1010.3171406195293,0.003046919334622089,24.44672369585914,0.025427296554040524,122966.0,222.0
1776897833.0777369,19.81916015625,0.01044921875000071,48.52805184806401,0.05155083826937812,1010.3220620990883,0.001964372937436565,24.405652792771008,0.016393114068010917,124044.5,497.5
1776897835.1015182,19.78087890625,0.00927734375,48.706803058101904,0.04241259337123893,1010.322079240332,0.0011591895616334114,24.405509736999058,0.009673685730062331,124908.5,183.5
1776897837.1354632,19.74884765625,0.00634765625,48.87402584807946,0.033466641534225516,1010.311476669867,0.004919252080696879,24.493990915878477,0.041052563434101685,125369.5,277.5
1776897839.1535096,19.7360546875,0.0013671874999996447,49.04060399232322,0.03409752540112976,1010.2924357997963,0.004036810138529745,24.652893600241363,0.03368884751708201,126253.0,47.0
1776897841.1822016,19.73712890625,0.0016601562500007105,49.165370307893376,0.04072144504718267,1010.2887606526742,0.0008970287126430776,24.683564213908134,0.007486097063999608,126913.0,47.0
1776897843.2185452,19.74201171875,0.00146484375,49.30315888719637,0.022013490870584462,1010.2858666430111,0.001229951045445432,24.707716021078472,0.010264503396964386,127293.5,47.5
1776897845.2542756,19.74484375,0.00019531249999893419,49.41896048988427,0.031238500731120666,1010.2823432441724,0.0012226276240312473,24.737120435563966,0.010203414910149533,128399.0,194.0
1776897847.2668912,19.750019531249997,0.0028320312499996447,49.52262821209263,0.028454290064100718,1010.2880653755258,0.0008105240931968183,24.68936660702561,0.006764181937954916,129131.0,245.0
1776897849.3019814,19.762421875,0.0025390625000003553,49.60848690926025,0.019058491046973103,1010.2956170674219,0.0023292636850555937,24.62634460576478,0.019438617706706296,129573.0,99.0
1776897851.3376591,19.7579296875,0.009765625,49.65169223954494,0.005061295154700218,1010.3009565620209,0.0039800919911954225,24.581784562298566,0.033215284331554074,130971.0,202.0
1776897853.357043,19.69083984375,0.017675781250000355,49.668524096692074,0.010349647441557863,1010.304649391136,0.004647860066938847,24.550966653788485,0.038787931810926324,131937.0,256.0
1776897855.3897362,19.63361328125,0.01201171874999929,49.724073808768225,0.017295001225132722,1010.3207828852715,0.007545798965509221,24.416328289796596,0.06297137760686944,132762.5,466.5
1776897857.403701,19.59376953125,0.01123046875,49.78175501115953,0.01739467060496125,1010.3444406777691,0.005199854597890408,24.2189004994163,0.04339312519457117,133490.5,157.5
1776897859.4187636,19.545039062500003,0.010351562500000355,49.84149630074758,0.026890921325982475,1010.3834343894966,0.009341342952893683,23.893500721763182,0.07795167920343182,133860.0,527.0
1776897861.4491522,19.5059765625,0.01054687499999929,49.95563417011384,0.026882042022535302,1010.4128630561256,0.004500126362074752,23.647926928466923,0.03755178838886941,134760.5,53.5
1776897863.4653323,19.469453125,0.007421875000000355,50.104603890839655,0.04294677988977824,1010.4301505988697,0.0014577313609720477,23.503670107488617,0.012164027598702276,134654.0,267.0
1776897865.5069222,19.4565625,0.00019531250000071054,50.23776822113203,0.021919592809528154,1010.433538512513,0.001489379303734495,23.47539972807268,0.012428079862049302,135350.5,107.5
1776897867.538027,19.45861328125,0.00029296874999928946,50.33522465123957,0.018783077440740925,1010.4486333817316,0.00404192118469382,23.349441864446888,0.033727279229003315,136110.0,327.0
1776897869.5540366,19.46466796875,0.003027343749998579,50.408123040101756,0.016061227894908825,1010.4521783125458,0.0013204811182276899,23.319861649161815,0.01101854955656556,136821.0,55.0
1776897871.6076624,19.4784375,0.0029296875,50.45061258495761,0.0066376662252878305,1010.457455088931,0.002065069810271325,23.275830509869675,0.017231581367830984,137322.5,776.5
1776897873.5900123,19.48185546875,0.002246093750001066,50.47300472005484,0.002862559155524025,1010.4530846582597,0.0036622797072709545,23.312298829909658,0.030559301894749424,137486.0,389.0
1776897875.6242833,19.47638671875,0.00244140625,50.54768531749086,0.028563508216482347,1010.4532072905145,0.00036496829102361517,23.3112755005074,0.0030454186964785634,137820.0,391.0
1776897877.6539721,19.48927734375,0.0026367187500007105,50.652934798814975,0.019178583315955677,1010.4561464266753,0.001124630859123954,23.28675038828793,0.00938427765399652,138608.5,621.5
1776897879.6843865,19.50333984375,0.004785156249999645,50.71752800442091,0.02573826011295921,1010.4492437910942,0.002141834789085806,23.344348345841798,0.017872249694345754,139402.0,286.0
1776897881.7012422,19.5270703125,0.007226562499999645,50.81164532491431,0.022910176979682003,1010.4418305291117,0.0008740516463490167,23.40620747523329,0.00729344865814241,139344.5,114.5
1776897883.7314892,19.55978515625,0.010058593750001066,50.91322762448585,0.032717292845347856,1010.437309004871,0.0001256976720469538,23.44393701055034,0.001048877195021447,139573.5,114.5
1776897885.7708917,19.6012890625,0.010937499999998934,51.031709889829926,0.02025455629173223,1010.4462068119899,0.00607745768292034,23.369690144764736,0.050712644183569466,140438.0,58.0
1776897887.7865689,19.64591796875,0.011621093749999645,51.0750539707188,0.007745981634176502,1010.4592881569117,0.003573576451969984,23.26053486321745,0.029818983667619037,140148.0,0.0
1776897889.8209994,19.6942578125,0.013281250000000355,51.096821811625375,0.007798642793101607,1010.4666563883115,5.205140740827119e-05,23.199052290044705,0.00043432984527669305,140787.5,291.5
1776897891.844286,19.7458203125,0.011914062499998934,51.12530388733807,0.026695854180438516,1010.4765556856466,0.0031424905885160115,23.116450460205968,0.026221512320480755,140264.5,231.5
1776897893.9076378,19.79171875,0.010351562500000355,51.25082715601685,0.020215495927551785,1010.4853520521913,0.0051155796405168985,23.043052292997622,0.04268502492662485,141255.0,176.0
1776897895.9041479,19.8356640625,0.012109374999999645,51.29101367131288,0.00466863704723508,1010.4891477566906,0.001647819897698355,23.011380438138403,0.013749569828897634,141726.5,413.5
1776897897.934997,19.881464843750003,0.010644531249999645,51.309361523112344,0.004486919262344458,1010.4932461011841,0.0028762052016872985,22.97718352697506,0.02399925771409883,142498.0,119.0
1776897899.9680452,19.9196484375,0.009375000000000355,51.276280085138275,0.0146006096837894,1010.498490288406,9.892363840435792e-05,22.933425725697095,0.0008254223009984685,143763.5,182.5
1776897901.9943438,19.953730468750003,0.008691406249999645,51.16700568311614,0.027290287205339325,1010.4952352044161,0.0014994262978120787,22.960586303338317,0.012511298138978333,143946.0,0.0
1776897904.015373,19.9880078125,0.008203124999999645,51.064114291101546,0.021035069051613675,1010.4850554674758,0.0020116550290936175,23.045526958629832,0.016785500665822184,144989.5,185.5
1776897906.0336192,20.01623046875,0.0061523437499992895,50.95422345846529,0.03387705107998329,1010.4758598693597,0.0026405511319467223,23.1222564696181,0.022033250599276855,145113.5,309.5
1776897908.0732973,20.04142578125,0.006738281249999645,50.831423376546255,0.0274880963895896,1010.4716791633857,0.003741823037444192,23.1571411410945,0.03122257315118837,145735.5,62.5
1776897910.0981123,20.0583203125,0.0035156250000003553,50.726543115698455,0.027873716550807615,1010.4811129321214,0.00029991391443218163,23.07842400449103,0.002502527043453995,146869.0,317.0
1776897912.1219006,20.067890624999997,0.00039062499999964473,50.554807083243844,0.04394854287533079,1010.4813260101243,0.003887398973972722,23.076646099791176,0.03243703921769381,148149.5,451.5
1776897914.1946328,20.064765625,0.003320312500001421,50.37852131456911,0.05064298836029124,1010.4717101840686,0.0017910674155245943,23.1568822617895,0.014945049899949936,149319.5,65.5
1776897916.2248719,20.04376953125,0.00634765625,50.197067283469785,0.04155378883695704,1010.4745934587895,0.002200544986408204,23.132823633597702,0.018361775980228145,149714.0,198.0
1776897918.2560105,20.028828125,0.0027343749999992895,50.05101530597904,0.016004432064399055,1010.4701510780588,0.0018774525630078642,23.1698917852541,0.015665885633815435,150576.0,267.0
1776897920.2832081,20.01427734375,0.0045898437500007105,49.96150994471207,0.02875167787355082,1010.4799148773026,0.005186583366821651,23.088420849456217,0.043277677294220496,150509.0,200.0
1776897922.2976213,19.988886718750003,0.011621093749999645,49.898896503473395,0.013947939873101944,1010.4937248714481,0.003679017820672925,22.97318865270966,0.030697970676079933,151114.0,672.0
1776897924.3142638,19.94982421875,0.00947265625000071,49.875325675816654,0.001160351405172122,1010.5069615580098,0.0009636967076289693,22.862741398610872,0.008041064474411996,150911.0,335.0
1776897926.3393812,19.9176953125,0.005859375,49.8620006867771,0.0024125474523728485,1010.5115895287054,0.004019145828806359,22.824125833768953,0.03353554146286797,151447.5,67.5
1776897928.3538194,19.892890625,0.006445312499998579,49.855834495551704,0.005470590910665152,1010.5218178911329,0.0012542067961476278,22.738781216485986,0.010464949792616807,152126.5,476.5
1776897930.3753908,19.86896484375,0.004785156250001421,49.86855526787147,0.00880392242538619,1010.5352842684224,0.0039592175982079425,22.626420046690832,0.03303487625709245,141753.0,4546.0
1776897932.446118,19.861445312500003,0.00039062499999964473,49.91458832497279,0.006309116244665347,1010.5510675418031,0.004254656978446292,22.494728584645827,0.035499511167826014,145425.5,497.5
1776897934.4210851,19.873359375,0.0066406249999992895,50.03506369651643,0.057205245354936096,1010.5542054946511,0.001778580832933585,22.468546482270497,0.014839878211418522,151386.0,944.0
1776897936.5000174,19.91798828125,0.01435546875000071,50.2066689979025,0.04880660751285504,1010.5509631074216,0.0019310764821511839,22.49559990406278,0.016112292299551356,151524.5,1215.5
1776897938.5155652,19.99845703125,0.025683593750001066,50.37346246988285,0.006310946220640545,1010.5500304734705,0.005668386874617681,22.503381605053193,0.04729526525303563,152263.0,477.0
1776897940.529437,20.1341015625,0.04179687499999929,50.42163004002568,0.008312512801438743,1010.5656822563751,0.003379946042230131,22.372788723662126,0.028200869741816348,152332.0,546.0
1776897942.5414608,20.31662109375,0.049902343750000355,50.37827574473101,0.025223587456274288,1010.5671158451925,0.0019770848639382166,22.36082743413945,0.016495958212338735,155256.0,851.0
1776897944.5615098,20.53048828125,0.05517578125,50.25406229507925,0.055947506364493194,1010.5524572277722,0.0015868309366169342,22.48313343913837,0.013240000337118474,153916.0,209.0
1776897946.5874486,20.764667968749997,0.058691406250000355,50.10732175798725,0.03037967038253342,1010.5317096375486,0.010414992279550006,22.65624636538142,0.08690074695536687,155039.0,212.0
1776897948.6576054,20.98087890625,0.04755859374999894,49.72034783440793,0.14444446698075808,1010.5258578031004,0.006739510955526384,22.70507288085269,0.05623348213265622,156610.5,216.5
1776897950.6416101,21.142109374999997,0.035742187500000355,49.28033910529405,0.07372411720317018,1010.5562961553708,0.00016651463556627277,22.45110271893683,0.0013893395937518704,156394.5,287.5
1776897952.7084107,21.29953125,0.0439453125,49.01860559183838,0.047669215082301264,1010.5650227096213,0.003518134476621526,22.378291713220847,0.029353872308929496,156394.0,144.0
1776897954.7290096,21.493671874999997,0.049218749999999645,48.66199551747681,0.12171043030889095,1010.5680919352336,0.005712575887855564,22.35268345170381,0.04766327493331524,157044.5,362.5
1776897956.7280288,21.6489453125,0.02558593750000071,48.19241690530565,0.09011621837086992,1010.5857872153796,0.006242949047305046,22.205042716737296,0.052087741843299895,157846.5,293.5
1776897958.7906077,21.70978515625,0.00634765625,47.821072877564795,0.07985765253802413,1010.6076441442933,0.0030673405817651656,22.022681990974654,0.02559175884240439,158362.5,516.5
1776897960.8184466,21.71369140625,0.003027343749998579,47.62008513994951,0.015850126348603055,1010.6158116041926,0.0012954175250570188,21.954538576872757,0.010807993139854588,158587.0,888.0
1776897962.814935,21.70392578125,0.0026367187500007105,47.47650236763452,0.04673684108518472,1010.6126275239251,0.004782264065340769,21.981104261426914,0.03989972967358746,158879.5,445.5
1776897964.8458283,21.690546875,0.0050781250000007105,47.16266341488658,0.13034754678689708,1010.6289637476241,0.009881561732242972,21.844807846205242,0.08244347784330586,159925.0,301.0
1776897966.8667564,21.67482421875,0.00029296874999928946,46.89220557070708,0.02155488467226263,1010.6596272066628,0.0022906069829105036,21.588980450331377,0.0191104373870008,159252.0,522.0
1776897968.907319,21.6747265625,0.0015625000000003553,46.81202143633371,0.009433496108247397,1010.6703527735679,0.0010865848254297816,21.499497869157707,0.00906525344475817,160681.0,304.0
1776897970.9319546,21.66251953125,0.0006835937499989342,46.767423172097516,0.015490714862103516,1010.6786144759847,0.001609098906840245,21.430571659654486,0.013424440058866338,161597.0,154.0
1776897972.950319,21.6735546875,0.006054687499998934,46.69477676604278,0.020849211688560132,1010.6874942588098,0.001685402907128264,21.356489397575032,0.014060931400235788,161213.5,76.5
1776897975.0019217,21.7096875,0.012109374999999645,46.625122386591585,0.02012697492323312,1010.6854942361549,0.0002593387560523297,21.373175133755115,0.002163607458978589,162291.5,77.5
1776897977.0193214,21.7801953125,0.023046875000000355,46.550312108294015,0.015750868775988636,1010.6958533337058,0.0021039630450445657,21.286751784263345,0.017552765461411823,161445.0,460.0
1776897979.0327299,21.859296875,0.018945312499999645,46.473461682681034,0.01623004417985996,1010.7020237024401,0.00185213833896114,21.2352742762491,0.015451787157678254,162060.5,463.5
1776897981.0793993,21.939765625,0.021484375,46.38141546699484,0.025153312719115917,1010.7004089882186,0.0022695966475794194,21.248745325759323,0.01893453040842097,162913.5,234.5
1776897983.0959291,22.02658203125,0.019824218750001066,46.26862935357741,0.03148576617664389,1010.7072710831949,0.00043757183419756984,21.191497168209185,0.0036505040054777282,162916.5,702.5
1776897985.1339035,22.10861328125,0.019238281249998934,46.149191203252435,0.043828806958373434,1010.7054139628401,0.001325354966922987,21.206990470327696,0.011056974958973953,163855.0,79.0
1776897987.1469626,22.20822265625,0.028417968750000355,46.0318752529956,0.030443680348831492,1010.7103140933634,0.0008074201629710842,21.166110464294793,0.006735998807879895,163069.5,78.5
1776897989.1641836,22.328046875,0.030468749999998934,45.90164536543311,0.03325598593705692,1010.7017242852628,0.0004934092381176924,21.237772205929808,0.004116353619272317,162835.0,0.0
1776897991.2060275,22.46583984375,0.03583984375000071,45.78279297692636,0.0326106740168548,1010.6895747400379,0.001937411928054189,21.339132435518206,0.01616335814864911,160986.0,457.0
1776897993.2261772,22.59787109375,0.029980468749998934,45.65105865969936,0.03941122978240941,1010.6915915049551,0.0003370434481553275,21.322307056041847,0.002811867256788503,157636.5,1242.5
1776897995.2475958,22.7106640625,0.025390625,45.535524962007344,0.021543945594029168,1010.6913489629092,0.0030929665956023196,21.32433055406328,0.02580383399435071,158445.0,1329.0
1776897997.2948794,22.8239453125,0.029882812500000355,45.39866961438439,0.03631863546297964,1010.6863890393658,0.004160980851168006,21.3657100433457,0.03471414334962297,159852.5,676.5
1776897999.309099,22.94962890625,0.034472656250001066,45.24803659202027,0.035760420876485455,1010.6760663031979,0.0003600198043614,21.451830647765405,0.0030035904770819855,161137.5,152.5
1776898001.3414302,23.08048828125,0.029980468749998934,45.058358688045416,0.05765501676846441,1010.6777107369528,0.0032332528028859997,21.438111430575148,0.02697450088082931,161983.0,386.0
1776898003.3813279,23.1934765625,0.02558593750000071,44.820952295890535,0.05810006667697465,1010.6839026077063,0.0006296547160218324,21.386453757117316,0.005253080558322409,163542.0,551.0
1776898005.3609986,23.296992187500003,0.025781249999999645,44.56137667059794,0.06715128712667351,1010.6819353856154,2.5569081799403648e-05,21.4028659004172,0.00021331795663215303,164172.0,238.0
1776898007.4248617,23.40626953125,0.02763671874999929,44.28756913644289,0.06684667692880453,1010.6865434148475,0.000612908877656082,21.364422066304495,0.005113362633078822,164490.5,397.5
1776898009.4256015,23.494453125,0.01640624999999929,44.01779555149436,0.06804375056585243,1010.6868822488109,0.0057074726706218834,21.361595357795878,0.04761616389273371,165129.0,80.0
1776898011.445677,23.54640625,0.015625,43.768538366742824,0.05589852095315706,1010.6911547156122,0.0007976477494366918,21.325951080160518,0.006654573424956567,165372.5,643.5
1776898013.4644475,23.6071484375,0.0087890625,43.566101093344585,0.053585004294454563,1010.7060405405898,0.0006171040938625083,21.201763147068053,0.005148281977700009,164569.5,318.5
1776898015.514218,23.6383984375,0.0015625000000003553,43.40294000637358,0.04526809078906524,1010.7094458217528,0.0016258195350360438,21.173354132721684,0.013563602407186792,165372.5,643.5
1776898017.5334415,23.6676953125,0.014843749999998934,43.23970099896761,0.028588585699303337,1010.7133163103338,0.00047793306873700203,21.141064140602865,0.003987203920248206,165856.0,647.0
1776898019.550301,23.73625,0.011523437500001066,43.07499933708227,0.04406154596815526,1010.7217422198923,0.0004995497131403681,21.07077039364908,0.00416751478289612,166912.5,245.5
1776898021.5878668,23.766328125,0.00390625,42.8909913133016,0.04487483475255161,1010.7150397607181,3.172266150386349e-05,21.126686094394408,0.0002646490760529474,167490.0,660.0
1776898023.6088288,23.7973828125,0.0041015625000007105,42.746512629854706,0.029724253382138244,1010.7235670347303,0.0021047051166078745,21.05554682314746,0.01755856651181631,167405.5,82.5
1776898025.6338854,23.83029296875,0.012402343749998934,42.6385528894701,0.01972652698007238,1010.7260002907606,0.001010744895722837,21.035247319031008,0.008432153627726535,166830.5,163.5
1776898027.6554418,23.89484375,0.01640624999999929,42.579427966807835,0.019273232852334843,1010.7278836367683,0.002952115996777138,21.019535515812223,0.024628032415106915,166259.5,81.5
1776898029.6853094,23.955390625,0.01796875000000142,42.50177840226571,0.007033238778838324,1010.7387278582426,0.009123854006304555,20.929068222862362,0.0761151053713025,167078.0,575.0
1776898031.7338343,24.03791015625,0.02294921875,42.41455892568875,0.024555501818259273,1010.7469641324951,0.0010098487268805911,20.860357640595847,0.008424535842998182,166424.0,570.0
1776898033.747352,24.1161328125,0.020898437499999645,42.31484136397583,0.03079837923761275,1010.7418306336717,0.002028874634333988,20.903183306519445,0.0169257007645065,166097.5,243.5
1776898035.773094,24.20451171875,0.023144531249998934,42.219307381199485,0.021503505210702656,1010.744032740746,0.0011105388186365417,20.884812436564182,0.009264552008202642,164810.5,559.5
1776898037.8124833,24.3063671875,0.0263671875,42.1132770537515,0.03016303882413851,1010.7580352711071,0.002683379928271279,20.767998491030834,0.022385560621145828,164093.0,0.0
1776898039.8458092,24.41779296875,0.02666015624999929,41.98730488271033,0.042144262187175485,1010.7747604308137,0.003146331547554837,20.62847313339276,0.026247290289960645,164649.0,80.0
1776898041.8640535,24.52833984375,0.03095703125000071,41.82222776264831,0.026612003699650444,1010.7745221931399,0.003566228944237082,20.63046056654314,0.029750159124656506,164731.5,638.5
1776898043.9092968,24.6544140625,0.03007812499999929,41.66800267261913,0.03269850304131694,1010.7647721134875,0.002275847043961221,20.711797875123132,0.018985696542882735,164411.0,318.0
1776898045.930181,24.7790234375,0.031054687500001066,41.504714103175566,0.03556857928077051,1010.748927230826,0.002022921390675947,20.843980763110235,0.016875940433820347,166259.5,81.5
1776898047.9487166,24.887226562499997,0.021874999999999645,41.31875264051176,0.05453517924562945,1010.7629401720891,0.004453507077300856,20.727080457722483,0.037152346515355816,166830.5,327.5
1776898049.9463153,24.951875,0.005468750000000355,41.10420844639391,0.05028987210218361,1010.7601247176339,0.003902120552879751,20.750567742487092,0.032552606157233654,166830.0,0.0
1776898052.0158277,24.9462109375,0.0023437499999996447,40.927058746338716,0.029646431551739738,1010.7500359576604,0.0010625828800243653,20.834731357855958,0.008864442061865319,168067.5,249.5
1776898054.0401647,24.942109375,0.015039062499999645,40.80106933325001,0.03749769285026616,1010.7461249061439,0.006134666865989402,20.867358905453898,0.051177720251793346,168905.5,755.5
1776898056.0384023,24.85783203125,0.019433593749999645,40.666445408672395,0.025995850537022136,1010.7308054214928,0.00041244380088301114,20.995160522054828,0.0034408050134828727,169830.0,0.0
1776898058.052309,24.842304687499997,0.011328125000000355,40.61401533020211,0.007720992244980351,1010.7256982119013,0.0028611544308319026,21.03776744044532,0.0238692271954406,169239.0,253.0
1776898060.0930243,24.8466015625,0.007226562499999645,40.53989681144161,0.012715412437032114,1010.7217232799478,0.0035065831883116516,21.070928441203023,0.02925382021609657,169834.5,848.5
1776898062.11558,24.8516796875,0.0031250000000007105,40.47185816785404,0.014568929861908941,1010.7244830051353,0.0005062804253839204,21.047905301016485,0.004223656762416539,169154.0,0.0
1776898064.132768,24.85626953125,0.0045898437500007105,40.41273563093836,0.015399307682063323,1010.7264513197646,0.006235151280861828,21.03148473034775,0.052016819199534936,169667.0,1016.0
1776898066.157588,24.789375,0.02734375,40.313142925070125,0.026779917755273885,1010.7328923271148,0.005815786640312126,20.97775067633428,0.04851801464983829,170856.0,515.0
1776898068.1831093,24.64845703125,0.04716796874999929,40.22946892360942,0.02591323251666111,1010.737800716136,0.0010016516694690836,20.936802568229893,0.008356214262393635,171718.0,347.0
1776898070.2126637,24.4833203125,0.03515625,40.17004931086503,0.012699854424134571,1010.7388902243122,0.0023352009339419055,20.927713435576134,0.019481245743275366,172239.5,174.5
1776898072.2622447,24.364277343749997,0.029394531250000355,40.18997994009601,0.0027923607606403777,1010.7326232736705,0.0030301689399721,20.979995164015868,0.025279093234061634,171979.0,435.0
1776898074.280406,24.24201171875,0.03134765624999858,40.21551976560833,0.005558268133604827,1010.7338166970983,0.0019827114433610404,20.970039052182855,0.016540694763856223,173031.5,792.5
1776898076.318951,24.133515625,0.020703124999998934,40.2812111734081,0.01860128570341857,1010.7354252535492,0.00011064784195013999,20.956619726756237,0.0009230742212977816,173028.0,88.0
1776898078.3515155,24.05431640625,0.02763671874999929,40.388754763343314,0.03274632172299263,1010.7307881903414,0.005680608800219034,20.995304379890662,0.04739037771161314,172857.5,966.5
1776898080.3794084,23.98615234375,0.009863281249998579,40.488601643970924,0.028718264461524257,1010.7212696143754,0.0014349552071166727,21.07471313212025,0.011971179535079202,170358.0,1707.0
1776898082.4106786,23.95724609375,0.010058593750001066,40.59868539984334,0.010834534664006412,1010.7153411549579,0.0008426715951372898,21.124171689270383,0.007030059762549001,171632.5,606.5
1776898084.4173765,23.90412109375,0.008691406250001421,40.64063602632318,0.010983822594884174,1010.7165399845005,0.0013729346787272334,21.1141703601323,0.011453813835128557,173558.5,265.5
1776898086.4561756,23.88068359375,0.002832031250001421,40.66195117910635,0.011617303570993442,1010.710372816912,0.0009539139539356256,21.165620556974734,0.00795814032079889,172589.5,350.5
1776898088.4690888,23.8833203125,0.0029296875,40.72186380355963,0.02417160973793031,1010.7091895748099,0.0025282298338993314,21.17549191757456,0.02109207729758289,171804.0,87.0
1776898090.5097964,23.91564453125,0.02021484375000071,40.75518026589978,0.008152141238728206,1010.6988261967008,0.002703999344021213,21.26195007275355,0.02255864396620133,172940.0,0.0
1776898092.5282753,24.02599609375,0.03076171875,40.75519198776723,0.0026353147255093745,1010.6884936737777,0.0016474371329309179,21.348151509742287,0.013744180617083046,170004.0,850.0
1776898094.5459907,24.14015625,0.015625,40.725792594066384,0.016205905620104488,1010.6888345877287,0.00015381303529693469,21.34530733621033,0.0012832256342569792,168749.5,1591.5
1776898096.574399,24.2001171875,0.022265625000001066,40.681578460355325,0.0005716506271973287,1010.6913771922872,0.0015049894709591172,21.324095019142362,0.01255574426577688,172153.0,436.0
1776898098.588199,24.342109375,0.04277343749999929,40.6790648660847,0.010278942699432747,1010.7012323159665,0.001954399925182315,21.241876559341,0.01630493261672683,173204.5,88.5
1776898100.6307628,24.4755078125,0.036718750000000355,40.607023404769876,0.01391529068038011,1010.6906965213261,0.006975788375200409,21.32977384039366,0.058197259404785484,174180.5,178.5
1776898102.6494193,24.63087890625,0.02900390625000071,40.5343973509637,0.020711370679617147,1010.6828884765889,0.0021950747771484203,21.39491446389471,0.018313074944295238,172414.5,349.5
1776898104.6713808,24.72267578125,0.01005859374999929,40.43404081059758,0.0257340390791434,1010.6803966620816,0.00010277709793626855,21.415703184431933,0.0008574507237266715,172857.5,966.5
1776898106.70465,24.7196484375,0.0023437499999996447,40.30263704282963,0.033009182747303356,1010.690983030262,0.000758232622331434,21.327383407507025,0.006325743860081445,175986.5,728.5
1776898108.722199,24.696015625,0.010546875000001066,40.151271538289066,0.033859020033045084,1010.69642443652,0.005688901662551871,21.281987330319012,0.04746086731937815,176441.0,458.0
1776898110.74867,24.63673828125,0.01591796874999929,40.03190312962899,0.034404821972461974,1010.7115215515586,0.004269350973686414,21.156037164195865,0.0356175341796412,178010.5,186.5
1776898112.772844,24.57306640625,0.01103515624999929,39.91811349030315,0.021971139422703345,1010.7240330597549,0.0003345595679320468,21.051658981491208,0.0027910723400808024,178197.0,187.0
1776898114.7960138,24.564765625,0.00019531250000071054,39.851896388264706,0.014823407067684258,1010.7333554405656,0.0030498730901626914,20.973887085909723,0.02544345959023353,178290.5,93.5
1776898116.8443515,24.61701171875,0.02080078124999929,39.815914582956395,0.0066841483332495955,1010.7269287925769,0.003642335348956749,21.02750132325944,0.030386211703721244,177183.5,1200.5
1776898118.86046,24.71916015625,0.02587890625,39.809014278545675,0.006141002754336711,1010.7175295580914,0.0027545116165015315,21.105914788178012,0.022979708169110324,176807.0,92.0
1776898120.8869352,24.83830078125,0.040917968749999645,39.78612249194552,0.010469926343070313,1010.7219412634633,0.0025011504123426676,21.069109884373457,0.02086595063642349,175710.5,90.5
1776898122.9240685,25.03068359375,0.052832031250000355,39.71466298664204,0.018098669699160297,1010.7227840855837,0.0010258158407623341,21.06207859100227,0.008557905249279685,174989.5,630.5
1776898124.9484382,25.1841015625,0.02167968750000071,39.57081567547664,0.045149005695048317,1010.7196371049616,0.004099116155316551,21.08833247484628,0.03419710898780792,174719.0,539.0
1776898126.9690807,25.219257812499997,0.0005859375000003553,39.393705291891244,0.044387494347269296,1010.7191255232212,0.0008750024100550036,21.092600321811325,0.007299760220668361,176257.5,274.5
1776898129.018067,25.25138671875,0.008496093749998934,39.26677912598778,0.03759292123163149,1010.7173521349009,0.0017447527011427155,21.10739493862981,0.014555724999281594,176074.5,91.5
1776898131.038993,25.332734375,0.022851562499999645,39.16291068852162,0.03013373454072621,1010.7077163482102,0.0005193130958218717,21.187782483690278,0.004332440325997666,174987.0,90.0
1776898133.059902,25.33078125,0.016210937500000355,39.01184092705119,0.037193621552809475,1010.7072904501855,0.002024929537014941,21.191335609454363,0.016893256588039307,175168.5,451.5
1776898135.053525,25.2216015625,0.043750000000001066,38.876210897501785,0.04004968384769825,1010.7165333662545,0.0024585966228301004,21.114225587264116,0.020511032752176916,178104.5,466.5
1776898137.1244683,25.07169921875,0.034863281249998934,38.80139401794864,0.00956259602110876,1010.7117320172383,0.0035918768245437604,21.154281313259418,0.02996562587230578,179609.5,284.5
1776898139.138434,25.00998046875,0.007714843749999645,38.783112406038555,0.0067111921306235445,1010.7166020255984,0.0006462878720299159,21.113652772583006,0.005391706332087409,179325.5,378.5
1776898141.1323838,24.99240234375,0.002246093750001066,38.766514832876695,0.002715264321778932,1010.7154751399106,0.0009195498040526218,21.123053908867707,0.0076714219659344,180086.5,572.5
1776898143.198782,24.99748046875,0.0038085937499996447,38.767047161032636,0.003349947677655507,1010.7045565604999,0.0007000265083547674,21.214143477698308,0.005840081399210106,173833.0,1244.0
1776898145.229656,24.95578125,0.013281250000000355,38.75677644745079,0.004341749264650474,1010.7117550787196,0.002184726984523877,21.15408889316499,0.018226323853200554,177732.5,464.5
1776898147.2419896,24.8954296875,0.019140625000000355,38.76225580834624,0.00684600159848614,1010.7178928142125,0.0054486114088945214,21.102884372561107,0.04545541318731239,179420.0,284.0
1776898149.2660418,24.84796875,0.003515624999998579,38.81629729412812,0.026927130647518283,1010.7221157385356,0.0025066662705626186,21.06765431906795,0.02091196399116768,179515.0,379.0
1776898151.296308,24.9227734375,0.019726562499998934,38.87432079354072,0.007975923116127603,1010.727557721339,0.000968026267685218,21.02225444016576,0.008075762791600383,178947.5,188.5
1776898153.3132527,25.01828125,0.025781249999999645,38.89321226006582,0.00024316180126149334,1010.729136871401,0.0016515131178493903,21.009080389127526,0.013777736988318523,176905.5,1104.5
1776898155.3354106,25.09611328125,0.015917968750001066,38.8984433993311,0.007581643721270126,1010.7257520730634,0.0020779641138801708,21.03731808991092,0.01733544853950164,174448.5,89.5
1776898157.379335,25.0860546875,0.0041015625000007105,38.915108307214915,0.018154777240248166,1010.7249595331818,0.0020851382207069946,21.04392986862869,0.01739530968289671,175896.0,819.0
1776898159.401281,25.0848828125,0.001953125,38.953390103762445,0.020887677863289156,1010.7340030395985,0.0032187885326493415,20.968484518564324,0.02685261683209994,175621.5,544.5
1776898161.4271593,25.05109375,0.0107421875,38.96164923426928,0.004085639686550735,1010.7285023015675,0.0017448270490945106,21.014374286064736,0.014556215226951608,178477.5,93.5
1776898163.46641,25.04337890625,0.0020507812500003553,38.97265561757274,0.009080194834236721,1010.7205632980995,0.002148290499178529,21.08060561821125,0.017922222021294232,178197.0,187.0
1776898165.4454896,25.05138671875,0.0022460937499992895,38.97645362573158,0.0061462670149161625,1010.723506540626,0.000920201268627352,21.056051485096404,0.0076768074717694645,177739.5,1207.5
1776898167.5102909,25.04640625,0.01386718750000071,38.95820140673017,0.0073689218349386465,1010.7409671777247,0.003975909216364926,20.91038665021008,0.03316868133244277,176263.0,1005.0
1776898169.5063698,24.982734375,0.013085937500001421,38.94559209191499,0.007284573465835109,1010.7344555094378,0.0038793474473095557,20.964709823065803,0.03236329188471743,179609.0,95.0
1776898171.545487,24.98595703125,0.0055664062500007105,38.948884846481214,0.003539683178068742,1010.7232666834815,0.0026365233503611307,21.05805252131286,0.021995281610559303,173220.5,1676.5
1776898173.5726602,25.00626953125,0.00634765625,38.97170283407114,0.006577374501500088,1010.7270008798848,0.0002549849796196213,21.026899890219674,0.002127214104330477,174014.0,1425.0
1776898175.6236646,25.05626953125,0.01787109374999929,38.97401300637748,0.0010725829361319938,1010.7213862968811,0.0038731954363697696,21.07373974626823,0.032312307298928644,177271.0,739.0
1776898177.641922,25.13751953125,0.02548828124999858,38.93234103235715,0.00913376457231152,1010.7107554920474,0.0006610766029666593,21.162428043171452,0.005515108291684001,178571.5,187.5
1776898179.655936,25.24865234375,0.01611328125,38.97658250379097,0.08150478502412994,1010.6955942225841,0.0005590130221548861,21.288913461155882,0.004663687665573235,178198.5,560.5
1776898181.6967602,25.24142578125,0.021777343750001066,38.96693360090396,0.025940928816773123,1010.6884499566298,0.0039479426519619665,21.348516274651058,0.03293675836777865,180858.5,1154.5
1776898183.705877,25.120625,0.04023437500000071,38.98080418145419,0.04856900076677917,1010.7061840027086,0.005041092786541412,21.20056637688818,0.04205605570848192,182403.0,0.0
1776898185.7353027,24.92755859375,0.06357421874999858,38.677151208136834,0.05677633665037618,1010.7307443412208,0.0036506152608239972,20.995670127107765,0.03045519384675721,183487.0,297.0
1776898187.7460136,24.635761718749997,0.07216796874999964,38.690878550893174,0.03963194143594606,1010.7427309194727,0.003075265263532856,20.89567277525766,0.025655100222310878,184184.0,599.0
1776898189.8247025,24.389765625,0.04511718750000071,38.85095643376744,0.05132693224752671,1010.7274940063406,0.0021037239923771267,21.022785994449382,0.017550326243217285,182994.0,591.0
1776898191.8081872,24.2399609375,0.034765625000000355,39.12159114466705,0.06724483285521998,1010.7186525619074,0.0026488301732001673,21.096546051644786,0.02209803336380034,182208.0,0.0
1776898193.8233037,24.1133984375,0.03125,39.40390239408759,0.07362730760463876,1010.7155437159666,0.004249712831096986,21.122481864865325,0.035453586557249395,181624.0,194.0
1776898195.8942008,24.000703125,0.025390625,39.7088236914922,0.05954614748438303,1010.6948052184239,0.0038625745555691537,21.295495950784506,0.03222438832002972,181140.5,96.5
1776898197.8899949,23.89494140625,0.025097656249998934,40.012014300335,0.0774840897504383,1010.6770729252073,0.004308184281228478,21.44343261840957,0.03594249727905918,180662.0,768.0
1776898199.9154906,23.7645703125,0.038867187500001066,40.32790958975944,0.061266103942063665,1010.6557667772486,0.007552322731953609,21.621188072903948,0.06300890469821319,183389.5,593.5
1776898201.9411988,23.63078125,0.029882812500000355,40.56353131303413,0.05634409995217382,1010.6297592944272,0.003911098331798257,21.838170196634742,0.03263090914961708,184683.0,301.0
1776898203.9739597,23.490253906249997,0.037011718749999645,40.77782190351209,0.05861318977079932,1010.605479179515,0.011859273602169651,22.040745407315743,0.09894571157962062,183983.0,199.0
1776898206.0027132,23.36115234375,0.02978515625,40.97267534726938,0.07735246166678422,1010.577842641163,0.0056034795720165675,22.271328071087716,0.04675265696220521,184582.0,0.0
1776898208.0141447,23.23322265625,0.03154296874999929,41.23055640934442,0.05036623253834449,1010.5511347783681,0.007562530251846056,22.494167714711075,0.06309935537005984,185691.0,101.0
1776898210.0766912,23.11115234375,0.02587890625,41.47744136692217,0.04805029896706259,1010.52296942419,0.008380670534734236,22.729173197913177,0.0699272366470911,185289.0,707.0
1776898212.0942714,23.00138671875,0.025292968749999645,41.72897351678484,0.06615286228045392,1010.4910954978707,0.0028948508978032805,22.99512832751997,0.024154880334847917,185187.0,605.0
1776898214.1144989,22.9133984375,0.01953125,42.01621434502713,0.039872636752797064,1010.4772763634662,0.006270432914902813,23.11043709373193,0.052321601088403114,185692.0,507.0
1776898216.1632752,22.834492187499997,0.019921874999999645,42.19070371547947,0.04887661416371358,1010.4618190236209,0.0032758465843016893,23.23941657403834,0.0273345817596109,185488.5,101.5
1776898218.1748185,22.762714843749997,0.017480468749999645,42.354101113087694,0.04617952299840411,1010.443379238779,0.00476756539347889,23.393284482302363,0.039782489297572,185589.5,202.5
1776898220.2049532,22.678828125,0.0263671875,42.853810490395354,0.19911215715185193,1010.3898080775492,0.009212879679807884,23.840313669911588,0.07687928564574698,185894.5,304.5
1776898222.2171783,22.592792968749997,0.022363281249999645,42.79588290461096,0.04272617991507488,1010.3672467690908,0.010892127913223248,24.028584227867494,0.09089385538336359,186342.0,62.0
1776898224.2826939,22.49259765625,0.028222656249999645,42.94755668826441,0.03003685148124191,1010.3298283377608,0.005886652140645765,24.340842167689736,0.0491250706856885,186696.5,312.5
1776898226.262875,22.37921875,0.02812499999999929,43.12806375367089,0.060265362152563284,1010.310003847628,0.00061568123953748,24.50628196566381,0.005138041833966156,186916.5,512.5
1776898228.332802,22.28400390625,0.02275390624999929,43.33795293009368,0.06395228541887477,1010.3287220041984,0.004790656363866219,24.35007466638166,0.039978842904668355,185865.0,0.0
1776898230.3664298,22.181269531250003,0.030371093750000355,43.589582807045026,0.06015009779270031,1010.3469735493702,0.003293042266648172,24.19776348828165,0.027480596349640507,187011.5,627.5
1776898232.3634863,22.06916015625,0.02431640625000142,43.80410121443238,0.04574309084851791,1010.357197108347,0.002226634482724421,24.11244772594447,0.018581219782104696,187483.0,578.0
1776898234.3736546,21.99044921875,0.013378906249998934,44.004425070416424,0.062193814039325446,1010.3563147269904,0.0018471024667974234,24.119811177974135,0.015414043675066935,187587.5,473.5
1776898236.4471624,21.958125,0.0076171874999992895,44.255774051540925,0.056858487232226196,1010.3700150279312,0.0005856938347506002,24.005482979882427,0.004887553012750345,186696.5,312.5
1776898238.4230835,21.939765625,0.0031250000000007105,44.48169135487569,0.05440147440170051,1010.364670669662,0.002179222324912189,24.050081193801354,0.018185457362385193,186911.0,98.0
1776898240.4562907,21.9309765625,0.001562499999998579,44.65417102003204,0.0394085989235613,1010.367623649356,0.00018214108058600686,24.025438798882412,0.0015199509372365583,186959.5,679.5
1776898242.479093,21.924335937499997,0.0015625000000003553,44.79964000616765,0.03334632104519741,1010.3740687503216,0.0010894549685076527,23.97165515367461,0.009091356782450433,186540.0,260.0
1776898244.5122948,21.91115234375,0.0036132812500007105,44.90178025267867,0.02703094658228622,1010.3716916073938,0.0013371629635798854,23.9914921160833,0.011158468305998426,186957.0,157.0
1776898246.5334094,21.89513671875,0.0045898437500007105,44.98534611326614,0.020829011809397002,1010.3656171434363,0.0011102590384552968,24.04218292781635,0.009265026730313153,188009.0,370.0
1776898248.5997148,21.88,0.00390625,45.062948002798,0.027021098993593284,1010.36187800575,0.0009081186499884097,24.073385791112717,0.007578203363443947,188114.0,53.0
1776898250.6327112,21.861640625,0.003320312500001421,45.14936951926157,0.01183232255123201,1010.363786346235,0.0009530545359552889,24.057460800512764,0.007953178854245735,187801.5,896.5
1776898252.6485896,21.84591796875,0.005566406249998934,45.23613799229221,0.020744305959347287,1010.3581852819218,0.0008842572930802817,24.104201426725787,0.007379103407000542,188061.0,0.0
1776898254.695575,21.8028515625,0.01445312499999929,45.335069192814416,0.025840810676626802,1010.3543957204777,0.0017255387594445892,24.135825270747027,0.014399618421002458,188858.5,53.5
1776898256.67747,21.7407421875,0.01445312499999929,45.43795911419039,0.019736093704256774,1010.3450358549474,0.0026362961491486203,24.2139336411186,0.02200005252680448,188432.0,53.0
1776898258.7416217,21.6971875,0.007617187500001066,45.549171025043876,0.02665960994120553,1010.3440624543946,0.00031302162972224323,24.222056708493437,0.0026121866723833875,188806.5,533.5
1776898260.7716014,21.68830078125,0.0012695312499992895,45.67978509681632,0.0368990976348762,1010.3359618282343,0.0024709237307547482,24.289657221259027,0.02062015953467977,187534.0,210.0
1776898262.784841,21.69767578125,0.0010742187500003553,45.78197057970999,0.02157656241758943,1010.3348789019151,0.002653757051177763,24.298694380367095,0.022145945087759245,187061.5,52.5
1776898264.8195455,21.6731640625,0.01171875,45.83121764579887,0.004765321497192332,1010.3394665024454,0.0009150438835376917,24.260410311495086,0.007636131228585086,188809.0,853.0
1776898266.8456953,21.646113281250003,0.0038085937499996447,45.82806662609653,0.00044357427746888334,1010.3426437261624,0.0028765977211264726,24.23389612563162,0.024005429854550897,190691.5,489.5
1776898268.8664908,21.62296875,0.011523437500001066,45.81617688976017,0.004406359877055621,1010.3512623332513,0.0033210645867143285,24.161973442316835,0.027714348704568792,190040.0,270.0
1776898270.9155302,21.5856640625,0.004296874999999645,45.80570556153806,0.002564489042459428,1010.3395711701024,0.002453256371268253,24.259536866962563,0.02047266404927761,189771.0,539.0
1776898272.8970656,21.5841015625,0.0017578124999992895,45.81778204983746,0.0028601047223553167,1010.3497267815706,0.00013796530595300283,24.174787622090488,0.0011513245855212517,189877.5,215.5
1776898274.9376712,21.59083984375,0.0012695312499992895,45.83389058593596,0.00014780065068364934,1010.350709010796,0.00025075792922280016,24.166590893346125,0.002092580735281402,189072.5,374.5
1776898276.963763,21.5938671875,0.00019531250000071054,45.8311780771967,0.0030877005398579627,1010.3520045824941,0.0033100286714216054,24.15577935951506,0.02762223734570135,188858.5,53.5
1776898278.9883118,21.593867187500003,0.00039062499999964473,45.821983408416976,4.5469067543990604e-05,1010.351097668112,0.002085488912030087,24.163347553868746,0.01740344791649484,189286.0,268.0
1776898281.0183952,21.587421874999997,0.0015625000000003553,45.83962282542562,0.005948254670425257,1010.3596610092945,0.0010865692927382042,24.091886529977902,0.009067380895633192,189878.5,431.5
1776898283.0595202,21.574140625,0.004687500000001066,45.86872966729979,0.011716252376416492,1010.3552929249486,0.0005387353232322312,24.128338094458183,0.004495742249247314,190690.5,380.5
1776898285.0658348,21.54474609375,0.00849609375000071,45.908226877825,0.0009899822105268186,1010.3510175740469,0.002028570389768447,24.164015939727904,0.01692846276213622,192059.0,0.0
1776898287.132669,21.510761718749997,0.007910156250000355,45.95026335599751,0.014411713226621714,1010.3401807894616,0.003797038526045071,24.254449563188047,0.03168664190925874,192891.5,389.5
1776898289.158783,21.481074218750003,0.006933593750000355,45.980539888274194,0.02372901298803498,1010.3399555820785,0.0013028265721004573,24.256328897514727,0.010872211653103037,192780.0,278.0
1776898291.1841543,21.47453125,0.0015625000000003553,46.06260873475907,0.009388311860028864,1010.3374745956444,0.0007278478705643465,24.277032981947738,0.006073971780935494,191619.0,110.0
1776898293.2042139,21.476484375,0.0013671874999996447,46.148781190805515,0.021331366936102825,1010.3343040362736,0.003130409244533894,24.303491718662706,0.026123681191741355,192005.5,496.5
1776898295.2366953,21.483125,0.0048828125,46.23861779525778,0.025146321600100663,1010.3414776375535,0.005221362140616748,24.24362729305502,0.0435727105072754,191787.5,825.5
1776898297.2533927,21.49904296875,0.0012695312499992895,46.332662537004396,0.012443151837128852,1010.346511495372,0.0033758879666265784,24.201619353716325,0.0281719581383566,190582.0,489.0
1776898299.2673638,21.50236328125,9.765625000035527e-05,46.37916162980255,0.009211725019763861,1010.3464710325507,0.0016547408808946784,24.201956989088075,0.013808897926541164,192281.0,332.0
1776898301.3147812,21.50822265625,0.0006835937499989342,46.40752161530793,0.006230159892854914,1010.3360513722321,0.0025153835057949436,24.28890996645825,0.020991180266181075,192060.5,441.5
1776898303.3305867,21.5165234375,0.0033203124999996447,46.41157170384572,0.002684919571130706,1010.3359496047083,0.0008660424555841928,24.289759210163837,0.007227229861262785,192338.5,719.5
1776898305.3685956,21.52462890625,0.0008789062499996447,46.43405098484554,0.00010331176854805335,1010.3409708166258,0.0032430555212386025,24.247856701602444,0.027063584745347313,191128.5,710.5
1776898307.3852103,21.53009765625,0.00146484375,46.46852768723785,0.00324839828875767,1010.3498650093254,0.0023823761590051618,24.17363412634027,0.019880997745207907,191894.0,55.0
1776898309.3996234,21.5415234375,0.00390625,46.5221775036446,0.031230980773617745,1010.3512175676556,0.0018086391849578831,24.162346986150595,0.015093129790654913,191894.5,275.5
1776898311.4319882,21.55509765625,0.003613281249998934,46.58840671944412,0.015817658143006952,1010.341553971085,0.000435148479880354,24.242990192737167,0.003631350798031008,190854.0,436.0
1776898313.450643,21.566328125,0.0033203124999996447,46.648230715703846,0.018868566693047484,1010.3344256979342,4.151250755057845e-05,24.30247640322071,0.0003464273587230338,190202.5,432.5
1776898315.483658,21.58322265625,0.00439453125,46.70258480312824,0.01592161731768016,1010.3383215144296,0.0019223938156756049,24.26996536306887,0.016042580236172554,188645.0,160.0
1776898317.5294518,21.60275390625,0.004589843749998934,46.72953831657458,0.003623626330387708,1010.3437834155096,0.0011155999560514829,24.224385310959242,0.00930975917719934,188805.0,320.0
1776898319.548734,21.61818359375,0.0036132812500007105,46.752932265074875,0.012753469884831503,1010.3389462225691,0.0031936326801655923,24.264752130457616,0.026651190013096127,189235.0,750.0
1776898321.584879,21.6309765625,0.0031250000000007105,46.80684093321332,0.015782677505796983,1010.3361688663408,0.003267787126503663,24.287929478474258,0.027270077120679304,188486.0,319.0
1776898323.6139715,21.645136718750003,0.0028320312499996447,46.90102169129315,0.02192577186671585,1010.3337998459268,0.002650663832241662,24.307699245693524,0.022120150904004987,188168.5,529.5
1776898325.5920126,21.65607421875,0.002050781249998579,46.99796018081827,0.024931956049567106,1010.3307245635401,0.002427758494604859,24.333362924139685,0.020260025418748384,187534.5,315.5
1776898327.62353,21.669453125,0.0041015625000007105,47.098333007881855,0.019015407180766886,1010.3352465526712,0.0012273240935769536,24.29562626930012,0.010242174943254412,188061.5,211.5
1776898329.657072,21.6907421875,0.005273437500001421,47.16572694905145,0.016074227884761427,1010.341745695865,0.00041138517684657927,24.24139023331903,0.003433043502724331,186385.5,623.5
1776898331.67797,21.71505859375,0.006152343750001066,47.21806054712598,0.010004513974656959,1010.3368382633341,0.0027469601883467476,24.282343270970816,0.02292370130032495,188008.5,158.5
1776898333.7018373,21.73791015625,0.00537109375,47.196066273084696,0.014808796847422201,1010.3440599289911,0.0005691065808264284,24.22207778391288,0.004749232923179747,186748.0,52.0
1776898335.7282639,21.75802734375,0.00439453125,47.14594358852321,0.011832488997182367,1010.3468339291542,0.0017022850731223116,24.198928599204493,0.014205652527358836,186031.5,372.5
1776898337.80171,21.774433593749997,0.0028320312499996447,47.11083291874678,0.005839611484208973,1010.3481085542456,0.0026527690769171386,24.18829180949901,0.022137465603886852,185917.0,155.0
1776898339.7866752,21.78439453125,0.00244140625,47.09657770661133,0.00897407455007837,1010.3443459904829,0.00034066807847921154,24.219690580986143,0.0028428975112682053,186124.5,155.5
1776898341.8574102,21.793574218750003,0.0020507812500003553,47.05135226465926,0.012106008846128447,1010.3420342503287,0.0006126634037286749,24.2389822232995,0.00511272585436906,186813.5,205.5
1776898343.870325,21.80333984375,0.0026367187500007105,46.987687277690014,0.008945740799934043,1010.3424890935878,0.0011564067676204104,24.235186523272535,0.009650304866944737,186913.5,305.5
1776898345.8614323,21.81017578125,0.0012695312499992895,46.932952906357045,0.015276631882105818,1010.3472526289146,0.0011568081323503066,24.195434524514898,0.009653617431290229,186597.5,421.5
1776898347.926125,21.80978515625,0.0018554687499996447,46.85270291686188,0.021808677241743624,1010.3448031009254,0.001519435413285919,24.215875972324184,0.012679783774315112,186540.5,364.5
1776898349.9593794,21.79826171875,0.003613281249998934,46.76808663607188,0.012758215665890305,1010.3433049655398,0.0004313937076290131,24.228378006438824,0.0036000118571664075,188114.5,264.5
1776898351.979577,21.7805859375,0.0068359375,46.72900691800436,0.0008093575044547663,1010.3445038726791,0.0006789326043303845,24.218373044917307,0.005665736503024377,188807.0,640.0
1776898354.002637,21.744160156249997,0.012597656249999645,46.69080271045084,0.01689471446216828,1010.3406149975483,0.0005262421202019141,24.250826009407795,0.004391538222307645,192301.0,1991.0
1776898356.034625,21.67375,0.019726562499998934,46.57777773605855,0.0423496125359506,1010.3340695876569,0.002144792351373326,24.305448206326098,0.0178985805904599,196582.0,925.0
1776898358.0514867,21.593378906250003,0.022363281249999645,46.371412972142615,0.04874687316374349,1010.3339779645571,0.002629633146341348,24.306212821184396,0.021944643831551147,197858.0,351.0
1776898360.0896769,21.5034375,0.021484375,46.1887850808201,0.03629546266207484,1010.3382425820287,0.0032047060122408766,24.270624084330684,0.026743613181116288,199749.5,119.5
1776898362.1107209,21.427265624999997,0.015234375000000355,46.060161360972984,0.020188252756245362,1010.3286001665888,0.00029890755547512526,24.351091345579583,0.002494434679340074,200470.0,601.0
1776898364.1282096,21.380390624999997,0.009179687499999645,45.984138807957294,0.0041363066126685055,1010.3312326288803,0.0013870817811607594,24.329123026773903,0.011575410306299716,198799.0,236.0
1776898366.162872,21.34748046875,0.0065429687500007105,45.98030531731247,0.0038286471995974125,1010.333907567882,0.0015777689737888068,24.306800276165184,0.013166695964589081,198386.0,59.0
1776898368.1781397,21.324921875,0.006054687499998934,45.986878167843955,0.005428268541482595,1010.3244077559194,0.0025970476261818476,24.386077810766928,0.021672879490182595,197799.5,292.5
1776898370.2122495,21.298457031250003,0.007910156250000355,46.02059951323854,0.017481558695845223,1010.3266816466717,0.003448864038944066,24.367101774239362,0.028781404594550253,198507.5,884.5
1776898372.2364964,21.26017578125,0.007910156250000355,46.08055856485038,0.01441836518061379,1010.3269515070978,0.0010849228712004333,24.364849703763298,0.009053878899912604,198918.5,473.5
1776898374.2522852,21.2434765625,0.001562499999998579,46.15532943706546,0.01823382330327661,1010.3206321320062,0.0007291595190963562,24.417586170910788,0.0060849997675429535,199870.0,478.0
1776898376.2866168,21.236347656249997,0.0028320312499996447,46.2435311350836,0.021165401938144868,1010.3217239967014,0.002643869682856348,24.408474340659772,0.022063666330607745,198681.0,354.0
1776898378.3179443,21.22765625,0.0007812499999992895,46.3162319277033,0.02141382379102197,1010.3275248077032,0.0023545649312950445,24.36006542152785,0.0196492640389323,198097.5,1056.5
1776898380.3517158,21.21310546875,0.003613281249998934,46.400570290623946,0.027239318657155565,1010.325604948045,0.0022531074810103746,24.376087003343308,0.01880261246130921,198741.0,532.0
1776898382.3835626,21.20333984375,0.00048828125,46.491657258724445,0.021469209774839015,1010.3097168197995,0.0007944057152826645,24.508677298804365,0.0066295519082650856,199334.0,535.0
1776898384.4097939,21.195917968750003,0.006933593750000355,46.56460558252415,0.014568015691750702,1010.3103307139149,0.0014082998307003436,24.503554175654056,0.011752675058573914,199928.5,59.5
1776898386.441352,21.1688671875,0.0048828125,46.62296675738318,0.020967991074915204,1010.3071047705062,0.001600147047270184,24.530475656109232,0.013353730863242319,201498.5,789.5
1776898388.473969,21.1618359375,0.0005859375000003553,46.686777207983226,0.018540136351642644,1010.3047280077299,0.001765591224398122,24.550310510475448,0.014734442672446946,200829.5,120.5
1776898390.4589071,21.1758984375,0.0048828125,46.77773649259517,0.028297374483539528,1010.3013244698963,0.00250629377308087,24.578714208609917,0.02091590745289018,199810.0,418.0
1776898392.5304255,21.19904296875,0.005761718750001421,46.863653664859335,0.02533485383555245,1010.302726000179,0.002123099167192777,24.567017943628656,0.017717993113153696,198979.0,770.0
1776898394.5570586,21.215449218750003,0.0038085937499996447,46.92723936211289,0.018948346134109784,1010.299507466962,0.0019612250056866287,24.593877743262983,0.01636713975301518,198976.0,59.0
1776898396.591394,21.230585937500003,0.0035156250000003553,46.97219672873312,0.006583681377165362,1010.3050990665845,0.002093895141285884,24.547213906314855,0.017474242236435344,198860.0,651.0
1776898398.6065588,21.24005859375,0.0016601562500007105,46.991822055957385,0.0063650350445279,1010.302381669986,0.0008880080555400127,24.56989148553458,0.007410734834742527,198799.0,118.0
1776898400.5944862,21.24533203125,0.00048828125,47.001699249528755,0.0030266766389743793,1010.2937387673553,0.0037377652498093994,24.642019795834344,0.031193161860707974,198976.0,59.0
1776898402.6557682,21.24962890625,0.00146484375,46.97444957823241,0.00017332636865674544,1010.3016355160216,0.002383066023128322,24.576118417055113,0.01988752336369437,197566.5,525.5
1776898404.6813262,21.2571484375,0.001562499999998579,46.97842345586168,0.002899202265766121,1010.3038977569522,0.0016354792636548154,24.557239228614634,0.013648624410601329,198563.5,471.5
1776898406.7154713,21.2626171875,0.00019531249999893419,46.97907087775138,0.009275539357940232,1010.3055429003446,0.0005887098370180865,24.543509955066188,0.004912975075377801,199332.5,178.5
1776898408.7292502,21.265742187500003,0.0023437499999996447,47.04731011953477,0.04038749242710438,1010.3124396154058,0.0010935138809031741,24.485954786537498,0.0091256785736622,199571.0,298.0
1776898410.7555678,21.2721875,0.0005859375000003553,47.174618657894285,0.02477085234182752,1010.3147668796053,0.002766136645561801,24.466533156873,0.02308413937796594,199108.0,1601.0
1776898412.7843857,21.26154296875,0.003808593750001421,47.25673866225521,0.014992579879752554,1010.3155791100628,0.001055608233230032,24.459754859968942,0.008809323200736685,201374.5,424.5
1776898414.8123965,21.250117187500003,0.0015625000000003553,47.264647102634086,0.005992573440511961,1010.315119893889,0.001083754695571315,24.463587138386195,0.009044216022672913,201071.5,362.5
1776898416.8518608,21.23810546875,0.00439453125,47.278665173659235,0.0025668228356572342,1010.310987557552,0.0008044641724609392,24.498072619865216,0.006713485886979953,201495.5,303.5
1776898418.877197,21.22599609375,0.00146484375,47.308121117402045,0.0029156011312991836,1010.3066959100563,0.0030552362482580975,24.533887748492916,0.025496916684044635,201313.0,121.0
1776898420.9069,21.20294921875,0.01220703125,47.33318959624482,0.004728028802386319,1010.3118000722025,0.0008265327137451095,24.491291952744056,0.006897649747079626,203895.5,870.5
1776898422.9386737,21.144648437500003,0.016210937500000355,47.35406636219537,0.005018765150861526,1010.3130144887757,9.40012278647373e-05,24.4811573049342,0.0007844661235250072,201746.5,1278.5
1776898424.9731452,21.092109375,0.0107421875,47.37253995392743,0.0018128153899894528,1010.322683174636,0.004269554964650979,24.400469833274876,0.03563033545744787,196726.0,2547.0
1776898426.986472,21.06916015625,0.0045898437500007105,47.413081284509936,0.014909334411136399,1010.3152449654299,0.002937768242304628,24.462543408694913,0.024516440895819613,195086.0,228.0
1776898429.0255086,21.04611328125,0.0020507812500003553,47.450525857374615,0.00593921880189896,1010.3040211752177,0.005149403458801771,24.55620934146802,0.04297349917968596,198563.0,236.0
1776898431.0545685,21.05587890625,0.0038085937499996447,47.553747857314875,0.02829609232311725,1010.2755103876927,0.007395113385882723,24.79414423963832,0.061716112027861314,200648.5,60.5
1776898433.0728953,21.0712109375,0.005078124999998934,47.63602868972276,0.022271944767688012,1010.2388381355333,0.010767188830470786,25.10019818099491,0.08986049691820774,202902.0,246.0
1776898435.0668347,21.08615234375,0.0002929687500010658,47.721401936897294,0.018544792380396302,1010.2060587896062,0.011351042313719972,25.37377074666313,0.09473569358470613,201922.0,488.0
1776898437.0896935,21.093671875,0.005273437499999645,47.765660600319315,0.019215994873249542,1010.1865757150708,0.005013450749572712,25.53637722829692,0.0418428667523969,202717.5,307.5
1776898439.1556265,21.10900390625,0.0026367187500007105,47.83875539118215,0.02820534364545324,1010.1680214493699,0.00024146614958908685,25.69123444316279,0.002015335681743835,201556.5,364.5
1776898441.1421394,21.122675781250003,0.0018554687499996447,47.917883274379776,0.025024848160025925,1010.1766705878076,0.004831138089286924,25.61904694145842,0.040321583350886314,202414.0,858.0
1776898443.2094753,21.1346875,0.0029296875,47.968935953635466,0.006554432294386459,1010.201649969873,0.008391387477843182,25.410566584732898,0.07003468933361923,203457.5,61.5
1776898445.1881142,21.14416015625,0.0012695312499992895,47.94526649632177,0.018452522301416252,1010.2243113323283,0.0038779889870284023,25.221435928502956,0.032365186525805,203831.0,435.0
1776898447.258551,21.1594921875,0.0068359375,47.900599645609326,0.003920705128777513,1010.2501616760412,0.004777500386353495,25.005694617579934,0.03987156436715722,202476.0,920.0
1776898449.283698,21.1946484375,0.0087890625,47.92032422011809,0.019659276286379423,1010.2674794607724,0.009767100810051943,24.861166901974258,0.08151211971834016,199213.5,59.5
1776898451.2766538,21.21974609375,0.0026367187500007105,47.99777176398548,0.006521310854072482,1010.307404545325,0.013353578700161961,24.527974528929157,0.1114397914086176,201015.5,1027.5
1776898453.29735,21.233125,0.003710937500001066,47.95905855483727,0.015060952220938617,1010.3445797958714,0.016007960625415762,24.21774031633551,0.13358745884881884,202964.0,308.0
1776898455.3208005,21.25236328125,0.00537109375,47.90555261129539,0.008656319332278173,1010.3804115570773,0.006925682202563621,23.91872556601499,0.057793602893280394,201921.0,244.0
1776898457.3537128,21.26544921875,0.00146484375,47.882322178517796,0.015325019952925345,1010.4107664652906,0.004196185094656357,23.66542216202464,0.03501557662574939,204017.5,498.5
1776898459.419748,21.27306640625,0.00146484375,47.815045171296944,0.015319389868121647,1010.4331306526564,0.00872856864248206,23.47880334998644,0.07283529678817757,204016.0,0.0
1776898461.4455273,21.28634765625,0.00537109375,47.77635453881826,0.0006441884538830323,1010.4628977091606,0.008738902894606326,23.230415942989623,0.07291979127527703,203395.5,123.5
1776898463.4335942,21.30314453125,0.0028320312499996447,47.81245640330177,0.009637231594652462,1010.4947592866718,0.007327365565799937,22.964557560739145,0.061139977513169796,204016.0,0.0
1776898465.466915,21.30646484375,0.0016601562500007105,47.79116257152292,0.012594162939731035,1010.5219178958373,0.009083491516037157,22.737947059921222,0.07579154834634849,203149.0,370.0
1776898467.481845,21.2954296875,0.0027343749999992895,47.73407274477163,0.025109240175261505,1010.5538203385752,0.006428763309202168,22.471760222650893,0.05363944794269315,202104.5,305.5
1776898469.519481,21.289375,0.00019531250000071054,47.64044312742395,0.03098339241924819,1010.5874801297457,0.012373085091098801,22.190918359049384,0.10323409385090974,202410.5,245.5
1776898471.5658736,21.28341796875,0.0020507812500003553,47.51593567212055,0.031182600776997305,1010.6149526003411,0.008447128373177293,21.961705696679758,0.070476557998715,203705.5,186.5
1776898473.5815582,21.270039062499997,0.007226562499999645,47.40300120570403,0.031778424249573334,1010.6439435177176,0.00546276826077019,21.71982970957538,0.04557621772574194,204141.5,374.5
1776898475.6145906,21.2493359375,0.003320312500001421,47.31707798229547,0.0034852096726005755,1010.6746097402283,0.010912312443736027,21.46398293571636,0.09103986940248456,204330.0,687.0
1776898477.6334715,21.235468750000003,0.004296874999999645,47.278351970686614,0.009779003004215525,1010.7191169141001,0.00932227102697425,21.092672431768527,0.07777160711803255,206410.5,382.5
1776898479.6626747,21.204121093749997,0.012597656249999645,47.25300236539147,0.00767446250371151,1010.7614542745077,0.009405759763751576,20.739476449258326,0.07846545562840568,206346.5,318.5
1776898481.721948,21.1704296875,0.005859375,47.221204793440535,0.009959912216530142,1010.8072195316666,0.008588749578620991,20.357696935076653,0.07164710346639858,208213.0,778.0
1776898483.7417495,21.15216796875,0.0036132812500007105,47.19742219247949,0.006603929680768061,1010.841841033422,0.011337810011298188,20.06888954488995,0.09457706408626798,208470.0,260.0
1776898485.7268295,21.1438671875,0.0021484375000007105,47.17791324875492,0.01209401548002731,1010.8727368522889,0.0037528093984633415,19.811167461254563,0.03130418582385097,208080.0,0.0
1776898487.7950778,21.13107421875,0.005566406249998934,47.19183229376213,0.009922541954665576,1010.900849446957,0.007250773022121848,19.576668076058365,0.06048120513542443,206419.5,1402.5
1776898489.82111,21.11369140625,0.003613281249998934,47.18359559757426,0.00265869200604385,1010.9414253082925,0.00861722228819417,19.23821635752229,0.07187689499613548,207954.5,905.5
1776898491.858002,21.10080078125,0.004003906250000355,47.2005908491375,0.008787430271055996,1010.9666559596636,0.005261981371404545,19.02776757998727,0.043889692874733655,208677.5,1628.5
1776898493.87631,21.08517578125,0.00341796875,47.223438290442104,0.008857866837924888,1010.9955885884858,0.004403027390480929,18.78644600608213,0.03672438731909544,208732.0,652.0
1776898495.9026246,21.066328125,0.004296874999999645,47.23972932952783,0.002578180259572349,1011.0093029936936,0.009314733305131995,18.672058942994944,0.07769066282825321,209056.5,196.5
1776898497.9246833,21.04669921875,0.0075195312500007105,47.25592891961219,0.0021959413634071723,1011.0289921466649,0.0031600306468249073,18.507840213045085,0.026356203257661193,208472.5,780.5
1776898499.9476075,21.0145703125,0.007421875000000355,47.28608874389795,0.005296381749072765,1011.0355717189462,0.0012128476355428575,18.452963473939178,0.010115689985752851,208083.0,777.0
1776898501.9697695,20.988984375,0.006640625000001066,47.32629718787581,0.01774695421525152,1011.0328676738086,0.0026595913103051316,18.47551645901593,0.02218222524517799,208080.5,129.5
1776898504.0201917,20.9633984375,0.0066406249999992895,47.38814226854443,0.01466208779927669,1011.0256306438359,0.0026601703014534905,18.535876820997906,0.02218718289501531,208992.5,522.5
1776898506.0568528,20.93625,0.006249999999999645,47.44363783335107,0.011621290106631932,1011.0194706153181,0.0002126128960640017,18.58725471734759,0.0017733092048626276,208536.5,585.5
1776898508.0721962,20.91369140625,0.0051757812499992895,47.51206369620973,0.021029708074827624,1011.0180651545443,0.004805552111577072,18.59897712150823,0.04008100894099442,207246.5,963.5
1776898510.0753663,20.89318359375,0.0055664062500007105,47.56219683556705,0.017895409159823572,1011.0045963451471,6.267795868097892e-06,18.711315100222805,5.227750731684466e-05,209319.0,459.0
1776898512.143994,20.8778515625,0.0025390625000003553,47.625335190354164,0.015167929281748371,1010.992308892687,0.005947133400013627,18.81380109641621,0.04960346251066383,205651.0,759.0
1776898514.164231,20.86515625,0.004296874999999645,47.71047725103411,0.021156209380791324,1010.9825034129173,0.003374572664824882,18.895586243808676,0.02814663670314488,208734.0,912.0
1776898516.212137,20.847578125,0.005664062500001066,47.78887968454542,0.014807726652765751,1010.9837685487239,0.004363143241675971,18.885034029585373,0.03639206959390151,207632.5,967.5
1776898518.230195,20.8266796875,0.0017578124999992895,47.87001796162074,0.030772322136691344,1011.0004591350464,0.003477899907693427,18.745822230472612,0.029008051443733862,206731.5,703.5
1776898520.264168,20.82501953125,9.765624999857891e-05,47.996894471711585,0.034117230512404007,1011.0113429182849,0.00015906225928574713,18.655044428735046,0.0013266758985874816,207757.0,65.0
1776898522.2848623,20.82453125,0.0005859374999985789,48.133311051412136,0.034061694781360785,1011.0187002736326,0.0035748808716107305,18.5936798377985,0.029816503070918543,203646.0,744.0
1776898524.2995126,20.819941406250003,0.0010742187500003553,48.244499259616056,0.03402426376947432,1011.0266236753382,0.0018736629378395264,18.52759442100496,0.015627296193859053,206857.0,192.0
1776898526.335524,20.816523437500003,0.0013671874999996447,48.37764773962539,0.0371216303284676,1011.0319264740349,0.003208109833792605,18.483366515437844,0.02675714434481158,205272.5,882.5
1776898528.3517566,20.81173828125,0.0010742187500003553,48.488961866039844,0.018525176334339477,1011.0304730469732,0.0008439106214268577,18.495488755538616,0.00703861955247298,204651.5,1503.5
1776898530.379952,20.804316406250003,0.0028320312499996447,48.56269926556767,0.012099219872961697,1011.0337829225481,0.0028013720495891903,18.467882865351783,0.02336472525570521,206999.5,1730.5
1776898532.423782,20.79669921875,0.00146484375,48.55244705986611,0.00950778314809142,1011.0268103888864,0.0005744236004261438,18.526037125110722,0.004790982529563337,207509.5,1481.5
1776898534.4346874,20.79240234375,0.0012695312500010658,48.49906198779203,0.0063718890143640294,1011.0315868055984,0.0024611074313156678,18.486199496138497,0.02052679868018359,206934.5,1665.5
1776898536.5073195,20.7907421875,0.0007812500000010658,48.47088052997404,0.00942060647877696,1011.0379406527215,0.0021783888124673467,18.433205539829196,0.01816869937878174,209449.5,65.5
1776898538.512448,20.78537109375,0.0012695312500010658,48.442255907477595,0.012586138026769333,1011.0291916528688,0.0029737412077679437,18.506176229911368,0.024802454135299357,208539.0,976.0
1776898540.5938506,20.78029296875,0.00146484375,48.39813330314993,0.006391516222247873,1011.0272604193108,0.002386098571093953,18.522283662993456,0.01990125830455014,207642.5,1741.5
1776898542.616681,20.777851562499997,0.0005859375000003553,48.3636607597478,0.009391056074267823,1011.026906738158,0.0009544418825839784,18.525233525562196,0.007960526045916794,206665.0,128.0
1776898544.6340504,20.77580078125,0.00048828125,48.32924231370386,0.012483596925861207,1011.0326240375045,0.002606943492423852,18.47754849808084,0.021743122264005876,209384.5,393.5
1776898546.6561005,20.77638671875,0.00048828125,48.319994126053366,0.0031648425807802028,1011.0299553462551,0.0026069423661851943,18.4998066491692,0.021743159341021112,208023.0,1230.0
1776898548.6997275,20.76671875,0.00390625,48.3436793146402,0.0026358050586843262,1011.0314166222086,0.0017888864569499674,18.487618896565657,0.014920160208815147,207247.5,1092.5
1776898550.7219067,20.751972656249997,0.0028320312499996447,48.357435723984864,0.01276762599168535,1011.0273227206454,0.007330532982905424,18.521764199099195,0.061140317038416825,209003.0,1568.0
1776898552.736947,20.74484375,0.0017578125000010658,48.36900298148622,0.0002118184525876643,1011.0256731262982,0.0010519533740875886,18.53552247556681,0.008773829668090372,208804.5,1369.5
1776898554.7413855,20.7360546875,0.002734375000001066,48.39590689310125,0.008992047673352488,1011.0303762447005,0.0036972583930037217,18.496296176251562,0.0308369115933953,208731.5,521.5
1776898556.8079424,20.72833984375,0.0008789062500014211,48.43226702266856,0.009217497132148367,1011.0395460344625,0.0005260471127144228,18.419815959496923,0.004387453473219338,208049.5,2654.5
1776898558.827195,20.722578125,0.0023437499999996447,48.48130373730914,0.0028258009371811,1011.0283486088032,0.0029123152801275864,18.513207630352376,0.024290148294904057,207630.5,709.5
1776898560.8277476,20.71447265625,0.0022460937499992895,48.520743208701376,0.018384816040182272,1011.0278243828641,0.002680914341283369,18.51757993027737,0.022360159529535295,207822.0,0.0
1776898562.8492465,20.70587890625,0.002050781249998579,48.609898368635484,0.021528204503955095,1011.0228817331242,0.0024351344618480653,18.558804165774987,0.020310313438004712,208928.0,718.0
1776898564.8737743,20.696894531250003,0.0030273437500003553,48.67726250740124,0.008969677283236166,1011.0245478795449,0.001407966921760817,18.544907616694196,0.011743175492947344,208926.5,326.5
1776898566.9439058,20.683125,0.00390625,48.67559577837319,0.0035847128403538875,1011.0184182153656,0.001835342083722935,18.59603233010892,0.015307781491182837,213328.5,748.5
1776898568.9572294,20.67130859375,0.0018554687499996447,48.649272677123115,0.00955877997106569,1011.0073190959913,0.004834000722496512,18.688605683795082,0.04031863335726449,210975.0,1065.0
1776898570.991569,20.66525390625,0.0018554687499996447,48.62676151124686,0.0002243476539760536,1010.9974554649109,0.0012114614935399004,18.770874877605397,0.010104437388772425,209845.5,592.5
1776898573.010909,20.65890625,0.0025390625000003553,48.61977224964957,0.005914804904673332,1010.9934539231898,0.0003917309861662943,18.804250587415247,0.0032673212701403997,209449.5,196.5
1776898575.0321639,20.648945312499997,0.0023437499999996447,48.61856818536397,0.006504942661312185,1010.9926219726663,0.0020070160292107175,18.81118967498663,0.01673998424199219,212185.5,1481.5
1776898577.07943,20.635859375,0.0031250000000007105,48.607654441695075,0.003488206429480556,1010.9857929739198,0.0014686667610135373,18.86814867771735,0.012249823890851275,211237.0,267.0
1776898579.094715,20.61876953125,0.0061523437499992895,48.62425324441563,0.0023672574606159458,1010.9842128485793,0.0018730570238290056,18.881328165763698,0.015622773201693363,213463.5,613.5
1776898581.1279135,20.59787109375,0.004589843749998934,48.64039305632647,0.00877827337912862,1010.9809543212552,0.0024831391430097938,18.90850689858685,0.02071139341077277,212580.0,270.0
1776898583.1168249,20.57794921875,0.0045898437500007105,48.656652188089026,0.015001293824326467,1010.978379633982,0.0038558680506639575,18.92998192882201,0.032161131623952954,207514.0,1739.0
1776898585.1521049,20.559589843749997,0.004785156249999645,48.69177010902989,0.008756675258464242,1010.9701996612841,0.0005523689282540545,18.9982098477661,0.004607244325498527,207776.5,2001.5
1776898587.169152,20.53693359375,0.00537109375,48.73571212608874,0.01802493225480717,1010.973126864392,0.001507521532289502,18.97379442579787,0.012574030480879017,208411.5,1234.5
1776898589.2170696,20.51837890625,0.0041992187499992895,48.77704584125524,0.018170407141845146,1010.9700585543073,0.0014093727975250658,18.999386810160782,0.01175541422481885,210705.0,531.0
1776898591.2547076,20.50451171875,0.0026367187500007105,48.831410468962744,0.012136694753980493,1010.9682886858386,0.0002308693704549114,19.0141490807627,0.00192565723893523,210638.0,332.0
1776898593.282377,20.492890625,0.0033203124999996447,48.87671815564398,0.008941892164934018,1010.9783262112423,0.0027383924702917284,18.93042749409274,0.02284046115664573,211036.0,200.0
1776898595.2807496,20.4755078125,0.004492187500000355,48.905760790404386,0.0025705937122282307,1010.9844066560895,0.0008285370212206544,18.879711648937608,0.006910651302774795,212447.0,675.0
1776898597.2990797,20.4591015625,0.00390625,48.897541820707005,0.0035884650366853066,1010.9884553840102,2.77509677175658e-05,18.845942121810477,0.00023146417629149596,213598.5,68.5
1776898599.3691614,20.4462109375,0.0033203124999996447,48.89286464405963,0.005827399057515947,1010.9828409949528,0.0017891265865159767,18.892770512500483,0.014922743539385053,212718.0,812.0
1776898601.368633,20.4284375,0.004296874999999645,48.918746170056224,0.00259443939921411,1010.9719853847539,0.0015700066371096,18.983315356003523,0.013095222146288776,211584.0,1674.0
1776898603.391216,20.41349609375,0.003222656250001066,48.957437571407226,0.012072762803359893,1010.9693649503636,0.00018023313174353461,19.00517207488625,0.0015033043766194965,210439.0,265.0
1776898605.4258938,20.402265625,0.002734375000001066,49.00905255893079,0.009018448816991764,1010.9610224692693,0.0035505123044003994,19.074756050389713,0.029614623595879408,213191.5,611.5
1776898607.4405887,20.394648437500003,0.0015625000000003553,49.06735643369755,0.018516771463644943,1010.960378199397,0.002885314193463273,19.080129856275477,0.024066255957569282,213462.0,68.0
1776898609.4600356,20.3878125,0.0017578124999992895,49.11017868284,0.00021363147197561716,1010.9628172795084,0.0001487620038460591,19.059785607777208,0.0012408137305719436,214421.5,481.5
1776898611.5015116,20.38400390625,0.0010742187500003553,49.115952958552086,0.006106588369430455,1010.9629475490234,0.00187041145341027,19.058699050305464,0.01560097276384198,212921.0,746.0
1776898613.52099,20.3755078125,0.0029296875,49.11180185451242,0.003474489611331677,1010.9626808458506,0.002058535655976357,19.06092360575873,0.017170107414919755,211303.5,200.5
1776898615.559091,20.3665234375,0.002539062499998579,49.14501603131704,0.005929351005207195,1010.9643337520993,0.0014220641607494144,19.04713682766587,0.011861325787666743,214010.5,616.5
1776898617.6029983,20.36115234375,0.0008789062500014211,49.169316730652156,0.006131964936809453,1010.9745901866836,0.005809313767315416,18.9615891674126,0.048454633119366264,212243.5,471.5
1776898619.6152873,20.3565625,0.00019531250000071054,49.206196181461934,0.018696589027840105,1010.9806883379752,0.0005869027809808358,18.910725395554604,0.004895246009656518,208795.0,65.0
1776898621.6442811,20.3540234375,0.0007812499999992895,49.27454147797137,0.01863235583711642,1010.9819816869317,0.002178368915451756,18.8999378347878,0.018169347701148197,210450.0,1590.0
1776898623.6678262,20.354609375,0.0,49.302705453123906,0.003121751409377538,1010.9811261825872,0.002715578685752007,18.90707343989063,0.02265012450643944,211646.0,1340.0
1776898625.7022781,20.35724609375,0.00146484375,49.32175861828172,0.009544859982099752,1010.9890439440662,0.005102804235548319,18.841033171442902,0.04256124815869988,210512.5,1259.5
1776898627.7218814,20.365546875,0.001953125,49.34150419198218,0.003360660457410347,1010.9908037828916,0.00043790804323862176,18.82635470814216,0.003652479257755914,207178.0,257.0
1776898629.7451072,20.3739453125,0.0017578125000010658,49.38937295352501,0.012707946697059214,1010.9827650957645,0.0025667381157745695,18.893403583634324,0.021408645564969575,210509.5,994.5
1776898631.7683294,20.37609375,0.00019531250000071054,49.42399526920997,0.009395756433942637,1010.9781192594317,0.0005869382869150286,18.932153619840328,0.004895552230307132,213530.0,0.0
1776898633.7934182,20.38078125,0.0017578125000010658,49.52457161512011,0.05335284774669091,1010.9676534928835,0.0034720881636189915,19.019447200106683,0.028960338439974365,209783.0,1053.0
1776898635.8212528,20.38947265625,0.001855468750001421,49.79153489901538,0.07535941165225069,1010.9673331146117,0.0039288653460971545,19.022119454709188,0.032770279424021,209253.0,393.0
1776898637.8381462,20.39923828125,0.002832031250001421,49.968115795319214,0.01915054960463891,1010.979625921058,0.00189924059537816,18.919586830445944,0.015841223038385976,212107.5,67.5
1776898639.8761094,20.408125,0.002148437499998934,49.9817445648166,0.00026472931595833415,1010.984149575853,0.0016904821202956555,18.8818559080568,0.0140999551902663,212175.5,269.5
1776898641.892578,20.4159375,0.0017578125000010658,49.94823793836735,0.015450149177787864,1010.993259449492,0.0007566483903929111,18.805872640993442,0.006310998756992703,213054.0,68.0
1776898643.9194026,20.4221875,0.0017578124999992895,49.90201318274462,0.012313812893324894,1010.9943913575742,0.0007567016982648056,18.796431707328843,0.006311437662024133,214147.0,480.0
1776898645.947056,20.43166015625,0.0026367187500007105,49.83740651359313,0.009070094250255067,1010.9962480609588,0.00022987192613754814,18.780945472401278,0.0019172947247128036,214018.5,1438.5
1776898647.9620075,20.4434765625,0.0029296875,49.83259661333757,0.0034916856469386914,1010.992870454465,0.0029633196757572478,18.80911717080367,0.024716252429733743,208540.5,1105.5
1776898649.9997876,20.455,0.0023437499999996447,49.893523562883374,0.025348675792873365,1010.997162702236,0.0001977917750650704,18.773316718885788,0.0016497223277500694,206989.5,961.5
1776898652.0217116,20.463496093750003,0.0010742187500003553,49.99170598912859,0.028340910412929077,1011.0037643064597,0.0017504270871882,18.718254858509916,0.014599714175934864,204830.5,564.5
1776898654.042737,20.4680859375,0.0011718750000007105,50.08632412197525,0.015824457146468518,1011.0040005870412,9.884185004693791e-05,18.716284112907395,0.0008244059375250856,205275.5,1134.5
1776898656.0761952,20.472773437500003,0.0005859375000003553,50.096310862399584,0.012472198745264507,1011.0007744720043,0.0026666708165521413,18.743192089383435,0.022241843280298212,212314.0,944.0
1776898658.0938795,20.473750000000003,0.00039062499999964473,50.014911560770585,0.025125938279138893,1010.9969335886976,0.0006365069086200492,18.775227688117333,0.005308915657694868,214972.0,69.0
1776898660.1226232,20.47384765625,0.00048828125,49.91150820921205,0.028136016346429926,1010.9916605509525,0.0028258115299877318,18.8192086528286,0.023569356803930575,217776.0,780.0
1776898662.1433253,20.474726562500003,0.0005859375000003553,49.79260468405545,0.021987791023246217,1010.9867551577127,0.0018601110969598267,18.860123323436074,0.015514762369157609,216434.0,140.0
1776898664.1581898,20.47140625,0.0007812500000010658,49.67326901479262,0.04076914953851585,1010.9759127719248,0.00036763478317425324,18.95055757168833,0.003066384496706931,217773.0,71.0
1776898666.1984365,20.47140625,0.00039062499999964473,49.563793970595995,0.018808594427930814,1010.9795341982056,0.0002688586566250706,18.920351862426187,0.002242501697717003,218200.0,356.0
1776898668.2159555,20.46701171875,0.00146484375,49.481979202397774,0.025181883888841128,1010.984143159037,0.002386890223078808,18.88190943885185,0.01990854854817492,217419.5,282.5
1776898670.254869,20.463886718749997,0.0010742187500003553,49.41910076921857,0.01887658616331933,1010.9826725104174,6.0301945552510006e-05,18.89417579740048,0.0005029664168585413,218556.5,142.5
1776898672.269874,20.461445312499997,0.00039062499999964473,49.362575077347714,0.012540550359389613,1010.9922744936918,0.0038902010520587282,18.814087941734073,0.032447136189080794,218413.5,142.5
1776898674.3375363,20.4602734375,0.0,49.33432493623226,0.0031227122807422347,1010.9921756390224,0.0009053412347839185,18.814912414558854,0.007551211949193615,218342.5,356.5
1776898676.324078,20.4598828125,0.00039062499999964473,49.32803195576311,0.0031702681884091533,1010.9987818504934,0.00026882227484748,18.759811894034133,0.0022421636809468737,217349.0,212.0
1776898678.351128,20.45734375,0.0021484375000007105,49.33084470262398,0.0002621803346656293,1010.9964551551836,0.0025955175846661405,18.779218182309453,0.021648451956266967,217916.5,497.5
1776898680.3749201,20.44962890625,0.00146484375,49.308046739687086,0.00954530968668621,1010.9902212046716,0.0005763013281807616,18.83121384603696,0.004806784579789891,219850.5,144.5
1776898682.424857,20.44396484375,0.0026367187500007105,49.26365128453384,0.01592841652698951,1010.9891395110554,0.00023005010598353692,18.840235983683208,0.0019187917949849975,220952.5,1679.5
1776898684.4394438,20.43654296875,0.0016601562500007105,49.197209915465066,0.012682959042280118,1010.9879092732424,0.003610558330308322,18.85049714549058,0.03011481562739249,220794.0,73.0
1776898686.4718156,20.43087890625,0.0012695312500010658,49.152843830361974,0.018870877445326784,1010.9768690054227,0.002974012221045541,18.94258180908371,0.024805753969879163,218843.5,429.5
1776898688.512722,20.4255078125,0.0009765625,49.13347423425805,0.006356852887442699,1010.9780749742689,0.0020298392234963103,18.932523007453252,0.01693054365696156,218914.5,71.5
1776898690.5359159,20.4239453125,0.0,49.14264167593808,0.009357592567454276,1010.9764341430653,0.0009052899295625139,18.946208899361956,0.007550879220703521,217916.0,355.0
1776898692.5541923,20.42404296875,9.765625000035527e-05,49.18008766847383,0.0031079721918239045,1010.9765932765691,0.0028750032007565096,18.94488161708796,0.023979941074461664,217208.0,353.0
1776898694.6071713,20.42501953125,0.0008789062499996447,49.1864465972556,0.009466900973592374,1010.9781846052404,0.0005269059852821556,18.93160858137478,0.004394832803061632,217633.5,637.5
1776898696.6323087,20.4262890625,0.0007812499999992895,49.199081487906994,0.009455716538820269,1010.9829692144715,0.0005375183160936103,18.891701049719963,0.004483331260724199,218202.0,641.0
1776898698.6512952,20.429707031249997,0.0010742187500003553,49.2244611541619,0.009492820972756277,1010.9867283016958,0.0035610649463819755,18.86034735414718,0.029702031078333135,218487.0,643.0
1776898700.6543827,20.43244140625,0.00029296874999928946,49.268489480975745,0.015571525054440372,1010.9893734340611,0.0004774001563419006,18.83828488974229,0.003981877459070304,216926.0,352.0
1776898702.6774187,20.431953125,0.0003906250000014211,49.32774709082064,0.012537608105887443,1010.9976307841544,0.002447142432572491,18.76941260751972,0.02041087905252681,218343.5,499.5
1776898704.7508643,20.43361328125,0.00048828125,49.37166996694917,0.012433458338396264,1011.0003360748854,0.0007956743467048,18.746848597704627,0.0066364660491728955,219779.0,506.0
1776898706.7683737,20.43390625,0.00019531250000071054,49.40294118113455,0.01247141898219084,1010.9971922603332,0.005113557844424577,18.773070270802087,0.0426506630562109,219062.0,933.0
1776898708.7825904,20.43302734375,0.0006835937499989342,49.459071059659564,0.006333175757383458,1010.9957600511557,0.0006966664171272896,18.785015822147304,0.005810693769412012,219101.0,3087.0
1776898710.8077996,20.4341015625,0.0,49.471701943201346,0.0,1010.9839309626782,0.004526521758634772,18.88367937353903,0.037754770887239886,218773.0,644.0
1776898712.8408687,20.43576171875,9.765625000035527e-05,49.4875308532274,0.0031372580515949267,1010.9748672249572,0.0034620952907289393,18.95927835941837,0.028876822053220508,219345.0,72.0
1776898714.868652,20.4364453125,0.0,49.48448914426029,0.0,1010.9696439875156,0.0009053072722053912,19.00284466012269,0.007551064940445329,220357.5,72.5
1776898716.898148,20.439570312500003,0.0013671874999996447,49.44112279314788,0.0001671031111669663,1010.9711148805847,0.0022987497542317215,18.990576130552096,0.019173587530033842,220140.0,145.0
1776898718.8909547,20.4378125,0.0009765625,49.4190380472091,0.009491667131840131,1010.9673452508223,0.0020299471305520456,19.02201818997873,0.016931589193328378,197048.5,12466.5
1776898720.9665077,20.43966796875,0.0008789062499996447,49.431761700384016,0.009480451507133836,1010.9694633916821,0.0012837751014558307,19.004350992296338,0.010707823585210718,183501.5,1683.5
1776898722.985143,20.44630859375,0.0022460937499992895,49.47632056194996,0.015900479776849608,1010.9739469095273,0.0017719750539413326,18.96695454686216,0.01477979135028562,185968.5,103.5
1776898724.9836726,20.4548046875,0.0015625000000003553,49.558634308012984,0.022077809777865554,1010.9714951108201,0.0010753103903766714,18.98740466385665,0.008969028306632154,195538.5,6626.5
1776898727.0020072,20.4618359375,0.0025390625000003553,49.66270542333775,0.01908242714066688,1010.9612239767221,0.003105531913604409,19.07307527829326,0.02590306298583478,206181.0,2289.0
1776898729.0636983,20.4719921875,0.002343750000001421,49.71714393642857,0.009676245729973942,1010.9632871484143,0.00019749610743247104,19.055866464067623,0.0016473009455033605,212994.5,1357.5
1776898731.052149,20.478828125,0.0009765625,49.7336313727618,0.00011994811597304533,1010.9653720365961,0.0015912085225977535,19.038476583299236,0.013272134628786956,214425.5,1031.5
1776898733.1194456,20.47755859375,0.0012695312499992895,49.695922324082,0.012672382920356995,1010.9642088291712,0.0011632071133362842,19.048178797844024,0.009702220401512918,196698.0,15074.0
1776898735.1052423,20.4747265625,0.0009765625,49.645515811622204,0.012632737865754251,1010.9614050469136,0.0006858494256789527,19.071564951711753,0.00572062976207377,201659.5,9710.5
1776898737.1456096,20.47013671875,0.0030273437500003553,49.58239966515784,0.012879387582547253,1010.9593585083917,0.007648831178812543,19.088635217118053,0.06379855603491968,219884.5,2747.5
1776898739.1636734,20.45314453125,0.0051757812499992895,49.48340889144826,0.02876087195827992,1010.9506832840309,0.0024304200578058044,19.16099494810915,0.020272164987384045,221013.0,146.0
1776898741.1899083,20.40890625,0.015234375000000355,49.403013392912456,0.023726442211678744,1010.9510218540864,0.004144009483979971,19.158170968930918,0.034565227076580385,227171.5,154.5
1776898743.2368367,20.35080078125,0.016699218750000355,49.31473089369847,0.02388898287146901,1010.9622463348658,0.0045840567627806195,19.06454788931414,0.03823532236278204,229354.0,315.0
1776898745.2546537,20.272578125,0.02128906249999929,49.20534119197298,0.018187055074594838,1010.9723443891972,0.004221236765260983,18.98032099812132,0.03520877936089839,231418.0,160.0
1776898747.26782,20.2137890625,0.009765625,49.12958216593509,0.016776113201576237,1010.9824158721922,0.0014374439098219227,18.896316372405103,0.01198943343729475,231018.0,80.0
1776898749.3049512,20.18146484375,0.00810546874999929,49.06642765854014,0.01345022776481386,1010.9867416039162,0.0014476284406441664,18.860236368004216,0.012074338751590474,231258.0,320.0
1776898751.3321087,20.127070312500003,0.014257812500000355,48.98193880427833,0.017301258451130508,1010.9976146890895,0.002999252578092637,18.769546861660782,0.02501586405237788,233439.5,570.5
1776898753.3454812,20.08634765625,0.007910156250000355,48.94586477770315,0.01029948584292839,1011.0081416954641,0.005201003237175428,18.681744696787444,0.04337963862566241,233928.0,82.0
1776898755.39371,20.05998046875,0.004589843749998934,48.892856481710716,0.009894414677681596,1011.0149204648103,0.0042793805983478705,18.625205620627476,0.035692532307550096,234174.0,0.0
1776898757.4054577,20.0442578125,0.00390625,48.84115229842793,0.009808496153699053,1011.0254784657263,3.518679034186789e-05,18.537146040827558,0.00029347588986716744,234092.0,82.0
1776898759.4164383,20.0196484375,0.0078125,48.80395261621464,0.01338836581738434,1011.0269742675196,0.00445237703490875,18.52467035985229,0.0371350650880764,235165.5,827.5
1776898761.4534693,19.986347656249997,0.008886718750000355,48.78438259348657,0.010404088314064808,1011.0568164210774,0.009031869587261099,18.275774961859682,0.07532853724166877,235001.5,991.5
1776898763.4646964,19.937421875,0.014453125000001066,48.769157852211194,0.0017397980008055924,1011.085596640314,0.00718894607467746,18.035741853148956,0.05995661315566814,236663.0,670.0
1776898765.493894,19.88556640625,0.01220703125,48.769138498680874,0.0014687131584736335,1011.1168209023288,0.0108472383649314,17.775331496784545,0.0904649173558969,237165.5,336.5
1776898767.5647838,19.83615234375,0.014550781249999645,48.77252583484596,0.00758125957448641,1011.1502008036631,0.008829527409602633,17.49694994069658,0.07363543510255965,238179.0,0.0
1776898769.5767813,19.78615234375,0.00927734375,48.79761798297763,0.0019949805243406615,1011.173565550914,0.004764814741122336,17.302097058480904,0.039736287799188474,238689.0,0.0
1776898771.6184669,19.75275390625,0.0061523437499992895,48.84026555575248,0.005482446360982607,1011.1878217451133,0.000816806616512622,17.18320778710956,0.00681170077647586,237672.0,507.0
1776898773.6367276,19.73654296875,0.00439453125,48.869430547866955,0.01191816218150521,1011.1939351869343,0.003683627658574551,17.132225341018547,0.030719200907498134,236997.0,0.0
1776898775.6740866,19.726875,0.0007812499999992895,48.91806190935124,0.018581360140206726,1011.2016771772242,0.000534238543423271,17.067662034579033,0.004455194969697374,236582.5,1088.5
1776898777.6798,19.7227734375,0.0007812499999992895,48.96114907663832,0.018585773318982035,1011.2094555922756,0.005960092661041472,17.002795533925458,0.04970290851846215,236410.0,84.0
1776898779.70046,19.7175,0.004101562499998934,49.01967514072837,0.003609003221100693,1011.2216523005568,0.0014479551315389472,16.90108409832285,0.012074791902247028,236913.0,252.0
1776898781.7287552,19.69884765625,0.0036132812500007105,49.039227005939466,0.012022588772861553,1011.2301092359723,0.003148347568696863,16.83056026127918,0.02625453197689609,237758.0,761.0
1776898783.7640154,19.69005859375,0.00029296874999928946,49.06308474504328,3.534871256505312e-05,1011.2410909480825,0.002286476103051882,16.73898254087169,0.01906709180057753,237842.0,677.0
1776898785.789969,19.69962890625,0.004785156249999645,49.09539298061293,0.00680891150418006,1011.2503736264032,0.00033221808672578845,16.66157387661521,0.002770370380446252,235827.0,333.0
1776898787.8201418,19.71984375,0.0050781250000007105,49.147695250005434,0.03177971316595318,1011.25260495669,0.005571147265243326,16.642966907989763,0.04645777705018972,234667.5,164.5
1776898789.875123,19.744746093750003,0.004785156249999645,49.24734808396727,0.009934697054475805,1011.2760464273639,0.004188715708892232,16.447490357599417,0.03492902966863198,234256.5,410.5
1776898791.90291,19.766621093749997,0.006738281249999645,49.318619516798016,0.016415845819288677,1011.2999746947526,0.006470348680579718,16.24795835939843,0.053954168036453254,234585.0,82.0
1776898793.9210222,19.7938671875,0.007617187500001066,49.39057487651761,0.01028819985483409,1011.3181937223465,0.006999329319000935,16.0960368476733,0.05836431701278144,234667.0,0.0
1776898795.9547346,19.824921875,0.008984374999998934,49.40370941720358,0.0010912201775781227,1011.3353880272803,0.0010889101609450336,15.95266195735065,0.009079816086217107,236751.5,1257.5
1776898797.976758,19.87345703125,0.022753906250001066,49.73176083394306,0.33116291330340175,1011.3801901545025,0.03440332671772239,15.579092587711834,0.28685991393819155,237249.0,84.0
1776898800.023821,19.98537109375,0.02587890625,50.02376869371063,0.10334441786420712,1011.4840435435474,0.022310048820827433,14.713181717032938,0.1860089483911569,237083.0,757.0
1776898802.0439138,20.11603515625,0.02646484374999858,49.392284780538354,0.031124087184245752,1011.4718709935894,0.0102256476524758,14.814668943459166,0.08525667137051052,233933.0,1064.0
1776898804.0590925,20.19455078125,0.01513671875,49.283218334188874,0.020004249708300392,1011.4388394370573,0.0015609211543505808,15.090073925550106,0.01301457525516092,231900.0,0.0
1776898806.089819,20.33517578125,0.043847656249999645,49.40652740729316,0.09772446161856152,1011.4635882872209,0.012689239090605042,14.883726695739433,0.10579764695782856,232971.0,2192.0
1776898808.107471,20.49220703125,0.05126953125,49.40701125912159,0.14685110012136704,1011.4543499947507,0.025631608440448872,14.960753711720379,0.2137073702061807,232235.5,1774.5
1776898810.143602,20.63205078125,0.021777343750001066,48.98709365440983,0.03787687795040995,1011.4541148697997,0.009785262077286916,14.962712228389972,0.08158610192080129,229595.0,1025.0
1776898812.1757038,20.70548828125,0.016308593749998934,48.86512848096673,0.026058376142465534,1011.4406739781938,0.0014982386809379022,15.074777985023111,0.012491925919499991,233276.5,569.5
1776898814.1987936,20.76876953125,0.017675781250000355,48.701553780249576,0.09746609660651728,1011.4396402855572,0.00525385603509676,15.0833967345854,0.04380532656626901,232878.0,1460.0
1776898816.2318058,20.846796875,0.01933593749999929,48.47765426454683,0.03808199645953536,1011.4517458071493,0.003424339349976435,14.982464384711584,0.028551001174729862,227326.5,309.5
1776898818.2661996,20.925703125,0.020312500000001066,48.34420892200528,0.03172673822592387,1011.4643532669984,0.006821463337132627,14.877348229457706,0.05687451570233648,227559.0,387.0
1776898820.296895,21.019648437500003,0.024804687499999645,48.256132492458164,0.018749938154524415,1011.4715342407144,0.0012717309192566972,14.817476288383286,0.0106031009451657,224589.0,1660.0
1776898822.3290622,21.112910156250003,0.022363281249999645,48.12765202414559,0.02834611172222523,1011.4712214996393,0.0019909011182335234,14.820083786175426,0.016599211744290798,222646.5,1779.5
1776898824.3485668,21.200703125,0.02460937500000071,48.01719809678346,0.03116477684560337,1011.4655871839209,0.0016105190448456597,14.867060203341808,0.013427822697220648,227639.5,930.5
1776898826.3753994,21.30744140625,0.03076171875,47.89357665148809,0.06141456881334406,1011.4662945440052,0.0002382199906492133,14.861162529062511,0.0019861758219947845,228416.5,780.5
1776898828.4126167,21.42267578125,0.02841796874999858,47.746235793330314,0.018277998156246866,1011.4680932111625,0.0009395374921723487,14.846166029488728,0.007833448225310846,227868.5,77.5
1776898830.4134078,21.56330078125,0.04619140624999929,47.7042510625119,0.006845663300918403,1011.4739865234935,0.0008381473624581304,14.797030312101612,0.006988069181413259,227329.0,773.0
1776898832.433634,21.80255859375,0.07138671874999858,47.62766505633945,0.010006463584513625,1011.4652529562853,0.0062869145979220775,14.869846974809757,0.05241763355008189,225336.5,759.5
1776898834.4560883,22.086640625,0.06757812499999893,47.28722253555638,0.044481835370614675,1011.4702054026409,0.0037606505392773215,14.828555569911995,0.03135458853650874,222410.0,74.0
1776898836.4813638,22.32951171875,0.055957031250001066,47.01647473945749,0.07980471510765241,1011.4931216667239,0.004763270194928282,14.637491995734123,0.03971324528259057,222262.0,74.0
1776898838.5471554,22.54982421875,0.05537109375000071,46.67547418282826,0.08900661270769206,1011.4909106469416,0.0026013656217855896,14.655926094994193,0.021688640287401917,221967.0,74.0
1776898840.570259,22.75919921875,0.04814453125000107,46.2813799115567,0.12663640106536533,1011.4834215475909,0.0010423496828479983,14.718365922025878,0.0086905441766163,222339.5,887.5
1776898842.585461,22.94904296875,0.04990234374999858,45.808899382082856,0.11078655433333395,1011.4966971899571,0.00476866310953028,14.607681503923327,0.03975809432508459,223903.0,825.0
1776898844.6065395,23.1411328125,0.0419921875,45.38992176093926,0.19726514892601799,1011.48892436403,0.000963506414677795,14.672486534935327,0.008033156545498521,223600.5,74.5
1776898846.6117938,23.3020703125,0.0400390625,44.82747752450895,0.12361722874934955,1011.4740178802806,0.004059399785205642,14.796768926961853,0.03384532016043451,223975.0,0.0
1776898848.6485658,23.50314453125,0.05439453124999894,44.40839761956276,0.08818567156545143,1011.475061494652,0.004666573090901238,14.78806779431394,0.038907606227592595,222410.0,74.0
1776898850.6828089,23.7829296875,0.08281250000000107,44.10263394521483,0.07567200990954603,1011.488164927993,0.0043340873517649925,14.67881833277764,0.03613512355731707,219857.5,1301.5
1776898852.6981046,24.11740234375,0.07939453125000107,43.77921439169698,0.054700167276532596,1011.4986590168389,0.0013970213433935896,14.591324976740314,0.0116474613197326,218342.5,71.5
1776898858.4112258,24.360957031250003,0.048730468749999645,43.43989216933571,0.23710733858916555,1011.5105375295668,0.003472838909658549,14.492290117120728,0.028954011647498668,217774.0,355.0
1776898858.4421275,24.550703125,0.04707031249999894,42.89191818147954,0.0974956990038578,1011.5341738706361,0.009851745333605777,14.295229598822644,0.08213515214537548,216084.5,209.5
1776898858.8240108,24.728046874999997,0.040429687499999645,42.51011827818306,0.08901012908517815,1011.5539502916001,0.0008701833075974719,14.130352249823147,0.007254705082931245,213259.0,544.0
1776898860.8460596,24.87892578125,0.03486328125000071,42.19233337977343,0.08045804060649075,1011.5789927289154,0.0054907788923515,13.921576018984187,0.04577562305139882,210841.0,931.0
1776898862.867248,25.0020703125,0.02734375,41.87495343029903,0.08116985413402134,1011.5808560604439,0.0003379009712602965,13.90604167495361,0.0028170146202608493,211036.0,200.0
1776898864.894119,25.1133984375,0.02753906250000071,41.5807841910936,0.06901439850846103,1011.5771725625707,0.0017886033148784009,13.936750335250093,0.014911281625963113,209450.5,459.5
1776898866.9109962,25.221796875,0.02617187499999929,41.310718341325206,0.06307498471954176,1011.5695949429098,0.0031771684582508897,13.999923876137142,0.02648767371644034,208470.0,130.0
1776898868.9346294,25.32052734375,0.020214843749998934,41.07289349029009,0.0606613794248716,1011.5700096578535,0.0009861718783099604,13.99646641735533,0.008221594356475848,207049.0,128.0
1776898870.982514,25.3848828125,0.01289062500000071,40.84653207482455,0.04942934055243242,1011.5621102421627,0.000821518156158163,14.062323087215471,0.006848939714426905,207177.5,128.5
1776898872.9979799,25.4294140625,0.009765625,40.648150361736796,0.04374282191115597,1011.5594701472992,0.0012286254789728446,14.08433340046576,0.010242986791321407,206793.0,128.0
1776898875.038127,25.46115234375,0.00537109375,40.493354845470826,0.03523035927975826,1011.5661983574722,0.000492591179295232,14.028240808607599,0.0041066849542108486,207049.0,128.0
1776898877.0550516,25.47658203125,0.00146484375,40.336923098082714,0.03860473571068468,1011.5683926739815,0.0005489735705168641,14.009947020650191,0.00457673144879589,207177.0,0.0
1776898879.072551,25.47208984375,0.003613281249998934,40.1903906179272,0.030182672848461323,1011.5693246011963,0.0005313956020813748,14.002177650197059,0.004430182582609632,207951.5,388.5
1776898881.098421,25.45138671875,0.007910156250000355,40.09582372200835,0.015741573584865165,1011.5704448695435,0.0027827930278476742,13.992838133941373,0.02319979710168507,208665.5,325.5
1776898883.1218288,25.40509765625,0.01416015625,40.03724421592459,0.016408419459338575,1011.5665906657348,0.0037901893688854216,14.02497022025133,0.03159843176740029,210507.0,729.0
1776898885.1523275,25.3532421875,0.012109374999999645,39.93943135055389,0.031043720732359503,1011.5746870689304,0.005915962691403819,13.957471599705347,0.049320472879917254,211705.0,335.0
1776898887.1866345,25.2880078125,0.019921874999999645,39.81648215623822,0.02888154092241635,1011.5975694437718,0.003281441549461306,13.766706419167619,0.02735637345420816,214352.0,275.0
1776898889.2021604,25.216914062500003,0.017187500000000355,39.71677816800537,0.025594563553518412,1011.6091063340197,0.0031468277347812545,13.670527338830183,0.026233897047246657,214972.0,69.0
1776898891.2370396,25.15724609375,0.01240234375000071,39.66289457484069,0.019133995163276296,1011.6117836743422,0.002779657535768365,13.648207395101798,0.023172890127646895,214077.5,274.5
1776898893.255272,25.12267578125,0.00537109375,39.659197964754526,0.006509596952945174,1011.6104527753255,0.0013229140092221314,13.659302552433648,0.01102861530274346,213462.0,68.0
1776898895.286844,25.107734375,0.0027343749999992895,39.68134442824651,0.005643932389673978,1011.6117614751283,0.00012615297754337007,13.648392435320082,0.0010516868019312398,212918.0,68.0
1776898897.3092296,25.093378906250003,0.005957031250000355,39.7035560976597,0.01123683001083009,1011.6185782883408,0.002363489817980735,13.591563569976046,0.019703359606949356,213326.0,68.0
1776898899.326318,25.0739453125,0.0048828125,39.74304075675305,0.01729216795404298,1011.6235431675709,0.00302504854568042,13.550173682169738,0.02521837920368153,213462.5,204.5
1776898901.3487911,25.0563671875,0.004101562499998934,39.791640532375744,0.014410371082533402,1011.6242202009017,0.0030031273537360903,13.54452958101625,0.02503561916886543,213941.0,411.0
1776898903.3873796,25.046992187500003,0.0005859375000003553,39.85301627097644,0.01776330046751795,1011.615401995424,0.0036854251234785806,13.618042966541278,0.030723822280359414,213190.0,204.0
1776898905.4139502,25.03498046875,0.004785156250001421,39.9171017316708,0.011374871832543931,1011.6150731429543,0.003182418417566168,13.62078445859579,0.02653047622439164,213735.0,68.0
1776898907.441732,25.024433593749997,9.765625000035527e-05,39.969475931424924,0.01188176850173761,1011.6207660430057,0.004400450124649069,13.573325297830458,0.03668452419867929,213258.5,408.5
1776898909.4735234,25.0253125,0.0007812500000010658,40.02606889035349,0.0149546073718696,1011.6121618023029,0.0012667660004126446,13.645055073987749,0.010560516927553998,212311.5,674.5
1776898911.499145,25.035175781249997,0.0030273437500003553,40.08662412786046,0.00925192763352456,1011.613566334375,0.000561981016289792,13.633346059198974,0.004685003673421839,211037.0,333.0
1776898913.5269961,25.0446484375,0.0017578125000010658,40.15609243641789,0.018049173738052815,1011.6179843007299,0.002850171697730275,13.596515389190067,0.02376062049514971,211170.0,334.0
1776898915.5295765,25.05490234375,0.004785156249999645,40.18994453107436,0.009448400988983252,1011.615462440294,0.001376068527974894,13.617539024374146,0.011471697683297144,210108.0,66.0
1776898917.548626,25.0758984375,0.004296874999999645,40.23092254766172,0.01237678580972812,1011.616679793951,0.003063339301547785,13.607390494956732,0.025537731163193023,210042.0,264.0
1776898919.5764618,25.09318359375,0.003613281249998934,40.25363921675845,0.008545071345821498,1011.6200853847919,0.004034635221728422,13.578999622845974,0.033634912307703324,210042.0,132.0
1776898921.6134005,25.10578125,0.00390625,40.26989546313781,0.00042258367099634597,1011.6259204825794,0.002685790607074523,13.530355159264882,0.0223901058417999,209778.0,0.0
1776898923.6339498,25.12521484375,0.00537109375,40.274977129160604,0.002397931766633832,1011.6255120915199,0.00050094566597636,13.53375969055104,0.004176137229947585,209844.0,198.0
1776898925.6624143,25.14103515625,0.0002929687500010658,40.25285835918394,0.02081988749490904,1011.6238036969328,0.0013868980560687305,13.548001749918283,0.01156190165900739,210637.5,66.5
1776898927.681877,25.14865234375,0.0020507812500003553,40.203048661062056,0.00573419599225744,1011.6270337136177,0.0024128685918753945,13.521074703048413,0.020114872271938644,210837.0,133.0
1776898929.750428,25.161152343749997,0.0038085937499996447,40.17164511464358,0.008520792030811464,1011.6281481736005,0.004768874811077239,13.511784071107279,0.03975567607298647,210970.0,266.0
1776898931.732954,25.18263671875,0.00634765625,40.1322862582712,0.014198605521222873,1011.6173799277435,0.0006532518494282158,13.601553754935486,0.00544587429465615,210837.0,133.0
1776898933.7982683,25.201777343750003,0.0020507812500003553,40.08077827721986,0.020610148299766706,1011.6174017316407,0.005148569886273435,13.601372072417714,0.042921369365223505,210704.0,0.0
1776898935.836863,25.215449218750003,0.005957031250000355,40.025717762855486,0.005308055534378298,1011.6185887227039,0.002199476175746895,13.591476580853325,0.018336050932912684,210372.0,66.0
1776898937.8799036,25.22521484375,0.0012695312499992895,39.973229585168596,0.017980841384343194,1011.6043224371543,0.00023388874444663088,13.71040889743978,0.0019498483087616592,211237.0,267.0
1776898939.8829696,25.22296875,0.001562499999998579,39.913518316210244,0.017669549472060453,1011.6070656843362,0.0034449387613335603,13.687539473770451,0.02871918135718765,211103.0,267.0
1776898941.9155571,25.24220703125,0.0061523437499992895,39.86208022482556,0.011227394439327298,1011.6099780596971,0.0045006983897337705,13.663260132958875,0.03752057175268941,210307.0,397.0
1776898943.9424229,25.2723828125,0.008398437500000355,39.80291687327535,0.013954285193520377,1011.6087278612132,0.0018922921929060976,13.673682500985521,0.01577531971726387,209452.0,722.0
1776898945.9765534,25.30705078125,0.009472656249998934,39.73831252019343,0.02274510515152528,1011.5955996494338,0.001977015163163287,13.783127981493301,0.01648179606021838,206988.5,833.5
1776898947.9961834,25.3395703125,0.005859375,39.667558442451025,0.014217185631785867,1011.5954023227446,0.0012870881808453305,13.784773028891138,0.010730078682196442,205965.0,190.0
1776898950.0005708,25.36154296875,0.004785156249999645,39.59273505069817,0.02026176254593892,1011.5999999466726,0.001369999661278598,13.746444050723714,0.011421245476381793,207178.0,257.0
1776898952.0715575,25.37951171875,0.00439453125,39.520480359074355,0.023261777945396748,1011.5962819112136,0.0010879878170726442,13.777440157430114,0.009070230648188016,206793.0,256.0
1776898954.1032896,25.39943359375,0.00341796875,39.442531163606226,0.014460697613706941,1011.604850520095,0.002802642295023361,13.706006482405764,0.023364634508439508,207696.5,903.5
1776898956.083318,25.402265625,0.0005859375000003553,39.39243505210419,0.011918906014287245,1011.6003175110553,0.0036864894348127564,13.743796658266042,0.030733066054698277,209712.0,66.0
1776898958.152397,25.41671875,0.005664062500001066,39.37619006667568,0.000603242812019289,1011.588161389473,5.630039879633841e-05,13.845138746603155,0.00046936271933883944,208991.0,0.0
1776898960.1833463,25.445332031249997,0.007714843749999645,39.36738209292251,0.0051060125907618215,1011.5934776161987,0.004291443245676874,13.800818814149368,0.03577656551840214,207692.5,129.5
1776898962.1993356,25.47306640625,0.005175781250001066,39.32884561721883,0.011302121575848645,1011.5982787622856,0.0020008436785587946,13.76079302701254,0.016680411638334114,208862.0,522.0
1776898964.2127018,25.49728515625,0.006152343750001066,39.304755037523705,0.0023082313364817253,1011.6092412595488,0.0026705478327926357,13.669402507212137,0.022263331598936453,208795.0,65.0
1776898966.2450445,25.5122265625,0.0007812499999992895,39.27079338985875,0.014728772522165201,1011.6133802975849,0.0012660049639521276,13.634896975508992,0.010554162180286042,209844.5,329.5
1776898968.2560465,25.51154296875,9.765624999857891e-05,39.232214306608874,0.011836248299651686,1011.6113600995197,0.004403965854635317,13.651738608055172,0.036714109623411595,210175.0,529.0
1776898970.2949805,25.51759765625,0.0036132812500007105,39.19139900087433,0.00553818814860918,1011.6010976767768,0.0012929061667819042,13.737292632096722,0.010778532399410068,209647.5,394.5
1776898972.3191903,25.5223828125,0.0009765625,39.13269979689925,0.017862773448648284,1011.6061144606814,0.0020673583452435196,13.695469451533544,0.01723481564152962,210240.0,66.0
1776898974.3361516,25.50734375,0.0056640624999992895,39.04233747035835,0.024264555944427002,1011.5981681727573,0.0035956633577143293,13.761715007342568,0.02997593009305355,211772.0,268.0
1776898976.3708923,25.48556640625,0.00634765625,38.94540510000891,0.024320313671605476,1011.599374957375,0.002487201410247053,13.751654400674013,0.020735006635811182,212379.0,607.0
1776898978.399512,25.44865234375,0.009472656249998934,38.83512790936895,0.030538169398059978,1011.602507778611,0.0001586742815220532,13.725537079202837,0.0013228136731022744,213394.0,136.0
1776898980.4265323,25.4110546875,0.011914062499998934,38.704206665524076,0.03371702984560443,1011.59996466095,0.0016742008098731276,13.746738219508588,0.01395727276985248,214490.0,413.0
1776898982.4603295,25.3723828125,0.008398437499998579,38.58509056055943,0.030370051481220628,1011.5984115611539,0.0026647410758187107,13.759685934532307,0.02221511546056032,215527.5,486.5
1776898984.4823,25.32609375,0.013085937499999645,38.45644636941195,0.036723698576288655,1011.6045732750135,0.005243009112348318,13.708317842054388,0.04370911658426646,217278.0,0.0
1776898986.507036,25.2790234375,0.011523437500001066,38.30135135037814,0.03946237587680557,1011.6158434381878,0.0022996778409947183,13.614362818893241,0.01917142960449425,217631.5,212.5
1776898988.5360763,25.238984375,0.008593750000001066,38.17068215104568,0.03029865776806062,1011.6211709970094,0.002486222487448231,13.569949339540393,0.020726484075471063,218271.5,142.5
1776898990.5720534,25.21759765625,0.002832031250001421,38.05969773602506,0.020862999484730693,1011.6311919015163,0.005441319150520485,13.486410118292326,0.04536139092140612,217137.0,0.0
1776898992.5974238,25.223359375,0.005078124999998934,37.957475891952356,0.022969375670466977,1011.6304998392591,0.0027598781655910898,13.492179402396477,0.023007652785238086,216224.5,349.5
1776898994.6570776,25.2419140625,0.005078124999998934,37.87424575835111,0.014152807104952814,1011.6304805980619,0.0036249228940619105,13.492339824562528,0.030219076206190465,216014.5,139.5
1776898996.6842363,25.246699218750003,0.0038085937499996447,37.7896399461341,0.01799386309503248,1011.6263807434566,0.0025255944495370386,13.52651819024974,0.021054622074178297,217987.5,568.5
1776898998.7004542,25.23947265625,0.002246093750001066,37.75076286629469,0.0027020539147315503,1011.6192265303382,0.0009048298313132364,13.586159451299526,0.007543158495399105,218699.5,143.5
1776899000.6970148,25.224628906249997,0.004785156249999645,37.74923733336939,0.0034245848958178726,1011.6161411238801,0.0004607380875540912,13.611881124082208,0.0038409752644135153,219923.0,217.0
1776899002.7278533,25.21515625,0.0009765625,37.739465883371366,0.005764858023635355,1011.6172018642874,0.0002409603625892487,13.603038190785847,0.0020087811979632164,219778.0,217.0
1776899004.794479,25.238984375,0.011132812499999645,37.733116330967924,0.00407642262136676,1011.6102261864423,0.000194592354660017,13.66119152955244,0.0016222404446706307,219491.5,648.5
1776899006.7787416,25.301289062499997,0.017968749999999645,37.733653862995865,0.0010857595736908365,1011.6045030915334,0.0009754119881222323,13.70890284843638,0.008131665954498324,216856.5,562.5
1776899008.8024275,25.36955078125,0.014941406250001066,37.74067348967945,0.004470301267584631,1011.6038558589223,0.00041418140392579517,13.714298597390965,0.0034528861723481796,214560.0,620.0
1776899010.8317044,25.43087890625,0.01611328125,37.788063520826014,0.022201433700320905,1011.60016129732,0.006730223052670681,13.745099067346173,0.056107692466989434,213054.0,204.0
1776899012.870575,25.50373046875,0.01943359375000142,37.851344055539876,0.007877950206612638,1011.5977868136879,0.00046903879029969175,13.76489423769706,0.003910232100211353,212582.0,676.0
1776899014.8961446,25.5837109375,0.017968749999999645,37.85372964296175,0.009889652055147025,1011.5923385707489,8.647640925119049e-05,13.810314661310713,0.0007209303642881082,212792.0,1422.0
1776899016.911102,25.63146484375,0.00810546874999929,37.776457083664084,0.016775013851411558,1011.5976195429496,0.0012687106624866828,13.766288727115096,0.010576851902954765,213941.5,547.5
1776899018.9817007,25.675312499999997,0.009375000000000355,37.731085500032165,0.003901034841948814,1011.6020377612567,0.0005860514474420597,13.729455456279265,0.004885714000718799,213463.5,613.5
1776899021.005565,25.71037109375,0.01123046875,37.73176557397588,0.0011581036091534713,1011.6013363332927,0.00085241388654822,13.735303028453453,0.0071062921462914375,213531.0,409.0
1776899023.0273356,25.73615234375,0.002050781249998579,37.68454047581616,0.02032641465455498,1011.6075065881103,0.0014968040729854692,13.683863790473493,0.01247829799924105,214009.5,479.5
1776899025.0494516,25.77375,0.00996093750000071,37.63267452754852,0.016573499735397235,1011.6063446970415,0.003945632849308822,13.693550092480177,0.03289330191451345,214214.5,274.5
1776899027.076973,25.79845703125,0.0075195312500007105,37.56190220270932,0.013886687008991316,1011.5961625344489,0.006988995003780474,13.778435525059486,0.05826517700170264,215318.5,138.5
1776899029.0984576,25.86681640625,0.02294921875,37.52202100360911,0.006435879834928215,1011.5863883399795,0.007562580094145233,13.859920429951618,0.0630474789082216,212648.5,473.5
1776899031.1275134,25.9524609375,0.0224609375,37.451681512075396,0.021138386907534112,1011.5753694461412,0.0025931304232926777,13.95178263285461,0.02161851849680918,212581.0,541.0
1776899033.1420276,26.0262890625,0.011328125000000355,37.37135866053992,0.028132652712329786,1011.5734881985918,8.134005315696413e-05,13.967466285738523,0.0006781201884553667,212583.5,946.5
1776899035.2035236,26.07072265625,0.01513671875,37.25584285714258,0.024798369977030887,1011.5705589936983,0.0028860116919418033,13.991886697142863,0.024060315987097347,213614.5,1842.5
1776899037.2370048,26.11935546875,0.011425781249998934,37.184715921312645,0.019316820915815214,1011.5671140981085,0.00023461436825300552,14.020606369783408,0.001955955833281564,211973.0,67.0
1776899039.2187781,26.1837109375,0.021484375,37.1795899557943,0.01097691573673032,1011.5690189208221,7.592207634843362e-05,14.004726070884264,0.0006329535686733223,211042.5,1132.5
1776899041.2916307,26.26095703125,0.018652343750000355,37.2226217279216,0.010693718899801752,1011.5817274448809,0.009186439765528576,13.898777396251916,0.0765855066555341,209845.0,461.0
1776899043.313163,26.34162109375,0.02041015625000142,37.22502960960791,0.000836344802245037,1011.5853264135665,0.00014948881221243937,13.86877327755349,0.00124625466859829,208927.0,457.0
1776899045.3421533,26.39923828125,0.01669921874999858,37.1870144669021,0.015855661231174878,1011.5780906632652,0.004035336504216502,13.929096332383878,0.03364188937396673,209520.5,1050.5
1776899047.3634274,26.481562500000003,0.020117187500000355,37.11055471029976,0.018428098894219147,1011.5870682391688,0.0003374693411615226,13.854252078961718,0.002813402216140126,208730.5,260.5
1776899049.3774052,26.54875,0.0126953125,36.99454408713014,0.03672647231610071,1011.5934555407914,0.0013879207947979921,13.801002795646271,0.011570708799643725,209318.5,196.5
1776899051.3776,26.62677734375,0.02255859374999858,36.859238890946976,0.03861918017175725,1011.5945137540124,0.0009698252086991488,13.79218076743459,0.008085155590093152,208667.5,716.5
1776899053.4402735,26.71759765625,0.02080078124999929,36.725318734627265,0.02417096564625254,1011.5952203619721,0.00016681859028722101,13.786289977444122,0.0013907181243766331,206665.5,255.5
1776899055.4617531,26.77775390625,0.011621093749999645,36.597128568783006,0.030924920359804986,1011.5938203884481,0.004053720509091363,13.797961211274622,0.03379472808849826,206985.0,64.0
1776899057.4844956,26.83078125,0.014257812500000355,36.47704712103651,0.027722342887678053,1011.5900131983419,0.0038659452382034942,13.829700728109263,0.03222939666746161,206602.0,447.0
1776899059.5035884,26.880390625,0.009765625,36.37418254833137,0.02524704190538074,1011.5998654414938,0.004825520116014559,13.747565448521033,0.04022880975131393,207113.0,64.0
1776899061.5545244,26.918671875,0.0078125,36.27022911328825,0.022516950515324652,1011.6050995499671,0.0019929296037162203,13.7039303959636,0.016614343755508187,207178.0,257.0
1776899063.572689,26.9610546875,0.01484375000000071,36.175479803735,0.021798467293454138,1011.605073697833,0.0011485367179489003,13.70414590714362,0.009574941436811812,205967.0,698.0
1776899065.5934665,27.02296875,0.01542968749999929,36.08564831334522,0.024640891658496145,1011.6027922735507,0.0020921549921126825,13.723165356162092,0.01744158266040774,204081.0,685.0
1776899067.614109,27.08478515625,0.01396484374999929,36.00456916413846,0.0247788930703301,1011.6103964412623,0.0006337792570434431,13.659772182935798,0.005283569363387031,204515.5,125.5
1776899069.6330826,27.13419921875,0.010839843750000355,35.904833014361685,0.030894045832130956,1011.6162224279838,0.0019800943471750543,13.611203339134729,0.016507193832196343,204329.0,437.0
1776899071.6681948,27.175898437500003,0.007226562499999645,35.83633655907272,0.016714141864401455,1011.619624931966,0.00020581085004778288,13.582838154428284,0.0017157517481258822,204391.0,125.0
1776899073.7078907,27.17609375,0.00390625,35.72596554958393,0.029429928336096367,1011.6135373968277,0.0008282165317723411,13.633587300820402,0.006904499387714758,206410.5,382.5
1776899075.7321486,27.15373046875,0.01123046875,35.60182232373107,0.03593573969881092,1011.6029860023706,0.001695928903359345,13.721550300178233,0.014138378695389697,207242.0,193.0
1776899077.745755,27.10626953125,0.012597656250001421,35.48109583418345,0.030239550729614706,1011.5994093403345,0.0020798628220290993,13.751367754679247,0.0173391539794423,207114.5,577.5
1776899079.771991,27.04923828125,0.017480468749999645,35.3827130421117,0.024903625281719854,1011.6068677063771,0.0037386439315696407,13.68918995002128,0.03116769776007544,209449.5,65.5
1776899081.7891715,26.96740234375,0.02080078124999929,35.290651788166755,0.010734965605404767,1011.6098539819321,0.0016391174615364434,13.664294462454471,0.013664686034378981,210307.0,529.0
1776899083.864818,26.87365234375,0.02587890625,35.23511432756439,0.011225963050183196,1011.6145654279318,0.002023707921011919,13.625017044714937,0.016870803792094158,211173.0,867.0
1776899085.8987918,26.7727734375,0.02460937500000071,35.19916203372182,0.0033671739966081304,1011.6177589153045,0.002237102428239268,13.598394317529962,0.018649736588556287,212108.5,336.5
1776899087.9425488,26.66662109375,0.02666015624999929,35.22922716235164,0.014735080363941222,1011.6160283423355,0.002921611535498414,13.612821363125335,0.02435622094677914,213122.0,136.0
1776899089.9424498,26.58478515625,0.01767578124999858,35.31375781000683,0.03298302720463653,1011.6106458777319,0.0002726169364564157,13.657692727928648,0.0022727001395832502,211973.0,67.0
1776899091.9650586,26.5016796875,0.022070312500000355,35.42134745223357,0.0325664214839847,1011.6141447196318,0.0009949870091077173,13.628524303512904,0.008294791991401596,212041.0,404.0
1776899093.9847236,26.4106640625,0.0263671875,35.54848332962471,0.02346966198609124,1011.6084623095982,0.00026442391299497103,13.675896292238637,0.0022044019785028013,212783.0,203.0
1776899096.030394,26.296015625,0.02812499999999929,35.65886128778712,0.029102464050804855,1011.5992015287063,0.0016810264495461524,13.753100209183032,0.014014184490533488,213394.5,272.5
1776899098.0437808,26.18400390625,0.022753906250001066,35.7811479183928,0.03544962899081838,1011.5868475857662,0.0030453588469754322,13.856091645005112,0.025388442134135047,212919.5,474.5
1776899100.0716753,26.119257812500003,0.014062499999999645,35.92850785115536,0.03924198739709084,1011.5833951236283,0.0009754492822366956,13.884874023752872,0.00813211425489957,212580.0,270.0
1776899102.0951147,26.05763671875,0.01533203125000071,36.06757256238807,0.02752363468334096,1011.5795050446513,0.001997470213837005,13.917304849646008,0.016652538348765233,211104.0,533.0
1776899104.1164002,26.001875,0.012109374999999645,36.18988209056326,0.03367678944104924,1011.5814351591777,0.004130869406480997,13.90121389921249,0.034438238155171774,211505.5,669.5
1776899106.1391287,25.94962890625,0.017285156249998934,36.30388924182192,0.01863326268169274,1011.5844792099688,0.004254863327957992,13.87583628647765,0.03547186443266792,213871.5,68.5
1776899108.2047732,25.85490234375,0.032519531250001066,36.480669264785334,0.02947405065200215,1011.5533960897462,0.0015482239247717189,14.134972628797211,0.012907525186569124,214627.0,138.0
1776899110.2372708,25.717792968749997,0.038183593750000355,36.51348951644969,0.03402166372062254,1011.5439899036828,0.0043539598452753125,14.213392245096848,0.03629918682790567,215387.5,69.5
1776899112.23697,25.5524609375,0.041601562500000355,36.62503460340048,0.0336906830857977,1011.5316634539004,0.0010313847020029243,14.316158937242456,0.008598792068840844,216294.0,0.0
1776899114.2567334,25.38458984375,0.04794921874999858,36.84133229549072,0.06807719905595633,1011.5315255424689,0.005308809794144054,14.317308813828706,0.04426026148173534,216718.0,843.0
1776899116.2814043,25.208125,0.04023437500000071,37.00147960759198,0.025120071796969512,1011.519158705359,0.004112795229843869,14.420413271335859,0.03428926659020526,219633.5,72.5
1776899118.3294637,25.05734375,0.035351562499998934,37.06796902656775,0.03729549975625801,1011.515472683885,0.0035170992143775948,14.451144462654955,0.029322906121618253,219778.5,361.5
1776899120.3609738,24.9290234375,0.03066406250000142,37.24774314059105,0.04948772759766484,1011.5125540954208,0.0023172473328259002,14.47547744507921,0.019319496155152827,220508.0,1091.0
1776899122.382917,24.810566406249997,0.031347656250000355,37.481334262893924,0.08458524363882347,1011.519177457762,0.0016191710601560771,14.420256880790028,0.01349938039712928,220867.0,146.0
1776899124.4214482,24.68771484375,0.033105468749999645,37.63270545915045,0.02004632797986261,1011.5104058612062,0.0035755967008981315,14.493387874875108,0.02981073471236506,221819.5,73.5
1776899126.4455802,24.549140625,0.03632812500000071,37.817754836771186,0.03145343556233726,1011.4915525015618,0.0015336387067463875,14.650574679333378,0.012786561364872107,222188.5,147.5
1776899128.476997,24.39767578125,0.03662109375,37.96349759926011,0.03437380342576546,1011.4890525698685,0.0025211668212250515,14.671417647329616,0.021020021625838048,222485.5,592.5
1776899130.482055,24.2579296875,0.03339843750000071,38.151629653483766,0.055283510185322626,1011.4817914237387,0.0004683967230221242,14.73195701320395,0.0039052419652296777,223304.5,820.5
1776899132.500366,24.1434765625,0.024609374999998934,38.410148011514565,0.08566462380207085,1011.488182399383,0.003763330200456494,14.678672650970238,0.031376478793901263,222116.5,664.5
1776899134.5234888,24.065449218749997,0.017675781250000355,38.690428846430066,0.02761515419335936,1011.5126725121742,0.0022623130258807578,14.474490172887503,0.018861492703956095,221306.0,293.0
1776899136.5492609,23.98654296875,0.021582031250000355,38.90029610963201,0.06262053528886824,1011.5184059038543,0.0013548250067856316,14.42668949246624,0.011295476978597563,223826.5,599.5
1776899138.5658522,23.88205078125,0.03076171875,39.08703708427972,0.023348125412276488,1011.4989522525802,0.006256183530524595,14.588880290978423,0.05216000379977004,225790.0,0.0
1776899140.6173058,23.7503125,0.03535156250000071,39.194302000830106,0.03764201521488886,1011.4816237961959,0.000985700408136836,14.733354604824045,0.00821824519251102,227791.5,310.5
1776899142.6394975,23.62052734375,0.027246093749999645,39.35796055927011,0.05034070302058424,1011.4637595508493,0.006037342917068145,14.882298354566915,0.05033687066214476,223927.0,2475.0
1776899144.6615622,23.52619140625,0.02001953125,39.59647735828276,0.0570815852115274,1011.4479161202895,0.0006776149731422265,15.014395049786113,0.005649745317452215,219851.5,578.5
1776899146.6918159,23.4305859375,0.020312500000001066,39.91224291459038,0.09865673705933276,1011.4336127161305,0.00025202756597764164,15.133653117619998,0.0021013524205759637,217565.0,991.0
1776899148.709432,23.363398437500003,0.014062499999999645,40.32071709818091,0.12333177782243965,1011.4236053764434,0.0019273744135830384,15.217092541058044,0.016070168052173983,216926.0,352.0
1776899150.7282083,23.31623046875,0.01005859374999929,40.797849502668186,0.11814837604255501,1011.4079102021683,0.00542829080222873,15.347957533703074,0.04526086934798723,216505.0,491.0
1776899152.754365,23.280292968749997,0.008886718750000355,41.16695570644511,0.07969646812835407,1011.3940846806548,0.0007976646767247075,15.463234715124553,0.006650969454029543,216996.0,282.0
1776899154.8269477,23.24240234375,0.008886718750000355,41.416944460520924,0.052884828976427656,1011.3779911904633,0.009891427695549737,15.597424260124239,0.0824762999016535,217066.5,70.5
1776899156.8036015,23.20236328125,0.009082031250001066,41.574204894977356,0.04093139929687695,1011.3420369504826,0.008390835560703636,15.897220664092071,0.06996613758121395,218271.0,285.0
1776899158.8705823,23.175800781249997,0.0038085937499996447,41.724089191030835,0.04454052360696892,1011.3079737906581,0.003460188097619721,16.181256571049808,0.02885321697592147,219058.0,215.0
1776899160.897451,23.1649609375,0.0011718749999989342,41.88482620521231,0.04487241152841648,1011.2812714163288,0.010086138580618353,16.403920383332483,0.08410634294275532,219634.0,361.0
1776899162.8832023,23.160761718750003,0.0020507812500003553,42.06446267339916,0.026803962003917547,1011.246266047152,0.0069682125551935314,16.695827244510355,0.058108194419595804,222492.0,1333.0
1776899164.9085782,23.1579296875,0.0007812500000010658,42.26251334313001,0.0931287787411037,1011.2171186563805,0.007633083992175216,16.938891333975157,0.06365406866007461,223677.5,748.5
